# ************************************************************
# Sequel Pro SQL dump
# Version 4499
#
# http://www.sequelpro.com/
# https://github.com/sequelpro/sequelpro
#
# Host: 47.92.31.234 (MySQL 5.5.54-0ubuntu0.14.04.1)
# Database: hqsen_prod
# Generation Time: 2017-10-29 13:10:40 +0000
# ************************************************************


/*!40101 SET @OLD_CHARACTER_SET_CLIENT=@@CHARACTER_SET_CLIENT */;
/*!40101 SET @OLD_CHARACTER_SET_RESULTS=@@CHARACTER_SET_RESULTS */;
/*!40101 SET @OLD_COLLATION_CONNECTION=@@COLLATION_CONNECTION */;
/*!40101 SET NAMES utf8 */;
/*!40014 SET @OLD_FOREIGN_KEY_CHECKS=@@FOREIGN_KEY_CHECKS, FOREIGN_KEY_CHECKS=0 */;
/*!40101 SET @OLD_SQL_MODE=@@SQL_MODE, SQL_MODE='NO_AUTO_VALUE_ON_ZERO' */;
/*!40111 SET @OLD_SQL_NOTES=@@SQL_NOTES, SQL_NOTES=0 */;


# Dump of table hqsen_area
# ------------------------------------------------------------

DROP TABLE IF EXISTS `hqsen_area`;

CREATE TABLE `hqsen_area` (
  `id` int(10) unsigned NOT NULL AUTO_INCREMENT COMMENT '自增主键',
  `area_name` varchar(32) NOT NULL COMMENT '区域名字',
  `area_list` varchar(200) NOT NULL DEFAULT '' COMMENT '区域列表（黄浦区，徐汇区）',
  `create_time` int(10) unsigned NOT NULL DEFAULT '0' COMMENT '时间戳',
  `del_flag` tinyint(1) unsigned NOT NULL DEFAULT '1' COMMENT '1正常 2为删除',
  PRIMARY KEY (`id`)
) ENGINE=MyISAM DEFAULT CHARSET=utf8;

LOCK TABLES `hqsen_area` WRITE;
/*!40000 ALTER TABLE `hqsen_area` DISABLE KEYS */;

INSERT INTO `hqsen_area` (`id`, `area_name`, `area_list`, `create_time`, `del_flag`)
VALUES
	(1,'浦东地区','1',1501496134,1),
	(2,'浦西地区','2,10,3,4,5,6,7,8,12,9,15,17,18',1501496142,1),
	(3,'三木地区','21',1501507286,1),
	(4,'周边地区','13,16,19,14',1508744091,1);

/*!40000 ALTER TABLE `hqsen_area` ENABLE KEYS */;
UNLOCK TABLES;


# Dump of table hqsen_area_sh
# ------------------------------------------------------------

DROP TABLE IF EXISTS `hqsen_area_sh`;

CREATE TABLE `hqsen_area_sh` (
  `id` int(10) unsigned NOT NULL AUTO_INCREMENT COMMENT '自增主键',
  `area_value` varchar(15) NOT NULL COMMENT '区域value',
  `area_label` varchar(15) NOT NULL DEFAULT '' COMMENT '区域label',
  `link_area_id` int(10) unsigned NOT NULL DEFAULT '0' COMMENT '关联区域ID',
  `del_flag` tinyint(1) unsigned NOT NULL DEFAULT '1' COMMENT '1正常 2为删除',
  PRIMARY KEY (`id`)
) ENGINE=MyISAM DEFAULT CHARSET=utf8;

LOCK TABLES `hqsen_area_sh` WRITE;
/*!40000 ALTER TABLE `hqsen_area_sh` DISABLE KEYS */;

INSERT INTO `hqsen_area_sh` (`id`, `area_value`, `area_label`, `link_area_id`, `del_flag`)
VALUES
	(1,'浦东新区','浦东新区',1,1),
	(2,'卢湾区','卢湾区',2,1),
	(3,'黄浦区','黄浦区',2,1),
	(4,'虹口区','虹口区',2,1),
	(5,'杨浦区','杨浦区',2,1),
	(6,'闸北区','闸北区',2,1),
	(7,'普陀区','普陀区',2,1),
	(8,'长宁区','长宁区',2,1),
	(9,'静安区','静安区',2,1),
	(10,'徐汇区','徐汇区',2,1),
	(11,'南汇区','南汇区',0,1),
	(12,'闵行区','闵行区',2,1),
	(13,'奉贤区','奉贤区',4,1),
	(14,'金山区','金山区',4,1),
	(15,'松江区','松江区',2,1),
	(16,'青浦区','青浦区',4,1),
	(17,'嘉定区','嘉定区',2,1),
	(18,'宝山区','宝山区',2,1),
	(19,'崇明县','崇明县',4,1),
	(21,'三木区','三木区',3,1);

/*!40000 ALTER TABLE `hqsen_area_sh` ENABLE KEYS */;
UNLOCK TABLES;


# Dump of table hqsen_dajian_order
# ------------------------------------------------------------

DROP TABLE IF EXISTS `hqsen_dajian_order`;

CREATE TABLE `hqsen_dajian_order` (
  `id` int(10) unsigned NOT NULL AUTO_INCREMENT COMMENT '自增主键',
  `customer_name` varchar(32) NOT NULL COMMENT '受访者 消费者名字',
  `order_type` tinyint(2) NOT NULL DEFAULT '0' COMMENT '搭建订单类型 1布展',
  `order_phone` varchar(18) NOT NULL DEFAULT '' COMMENT '消费者 手机号',
  `order_area_hotel_type` int(3) NOT NULL DEFAULT '0' COMMENT '搭建信息 默认  1指定区域 ',
  `order_area_hotel_id` varchar(16) NOT NULL DEFAULT '0' COMMENT '后台编辑的区域ID 目前单选  可能像客资支持多选',
  `desk_count` int(4) NOT NULL DEFAULT '0' COMMENT '桌数',
  `order_money` varchar(20) NOT NULL DEFAULT '0' COMMENT '预算',
  `use_date` int(10) unsigned NOT NULL DEFAULT '0' COMMENT '使用时间',
  `create_time` int(10) unsigned NOT NULL DEFAULT '0' COMMENT '时间戳',
  `watch_user` varchar(20) NOT NULL DEFAULT '0' COMMENT '跟进用户',
  `order_desc` varchar(200) NOT NULL DEFAULT '' COMMENT '订单描述',
  `del_flag` tinyint(1) unsigned NOT NULL DEFAULT '1' COMMENT '1正常 2为删除',
  `user_id` int(10) NOT NULL COMMENT ' 创建用户',
  `order_status` tinyint(5) NOT NULL DEFAULT '0' COMMENT '0未知 1待处理 2跟踪中 3待结算 4已结算 5已取消',
  `order_from` tinyint(1) unsigned NOT NULL DEFAULT '1' COMMENT '1用户创建 2同步',
  PRIMARY KEY (`id`)
) ENGINE=MyISAM DEFAULT CHARSET=utf8;

LOCK TABLES `hqsen_dajian_order` WRITE;
/*!40000 ALTER TABLE `hqsen_dajian_order` DISABLE KEYS */;

INSERT INTO `hqsen_dajian_order` (`id`, `customer_name`, `order_type`, `order_phone`, `order_area_hotel_type`, `order_area_hotel_id`, `desk_count`, `order_money`, `use_date`, `create_time`, `watch_user`, `order_desc`, `del_flag`, `user_id`, `order_status`, `order_from`)
VALUES
	(1,'你上课',1,'18612431425',1,'2',0,'睡觉睡觉',1502899200,1502901723,'0','',1,110,1,1),
	(2,'在睡觉',1,'18678781580',1,'2',0,'',0,1502901800,'0','',1,110,1,1),
	(3,'',1,'18745784578',1,'2',0,'',0,1502901815,'0','',1,110,1,1),
	(4,'linda',1,'13601805980',1,'2',0,'',1507737600,1502981440,'0','',1,111,1,2),
	(5,'',1,'18718718701',1,'2',0,'',0,1503030126,'0','',1,110,1,1),
	(6,'',1,'18718781872',1,'2',0,'',0,1503030139,'0','',1,110,1,1),
	(7,'',1,'18718718703',1,'2',0,'',0,1503030154,'0','',1,110,1,1),
	(8,'王者',1,'13601812885',1,'2',0,'150000',1534661182,1503126271,'0','',1,111,1,2),
	(9,'mk',1,'15820000125',1,'2',0,'20万',1509120000,1503451919,'0','',1,111,1,1),
	(10,'mk',1,'13600000001',1,'2',0,'3',1507996800,1503452037,'0','',1,111,1,1),
	(11,'',1,'13600000002',1,'2',0,'2',1506787200,1503452813,'0','',1,111,1,1),
	(12,'',1,'13600000003',1,'2',0,'18000',1507392000,1503453317,'0','',1,111,1,1),
	(13,'',1,'13600000004',1,'2',0,'10000',1514736000,1503455164,'0','',1,113,1,1),
	(14,'张五',1,'13600000005',1,'2',0,'25000',1506700800,1503456369,'0','',1,113,1,1),
	(15,'张八',1,'13600000008',1,'2',0,'150000',1507910400,1503461897,'0','',1,105,1,2),
	(16,'小金刚',1,'15000000010',1,'2',0,'350000',1540268624,1503462318,'0','',1,110,1,2),
	(17,'孙女士',1,'15800829001',1,'2',0,'230000',1527819686,1503974432,'0','',1,113,1,2),
	(18,'徐小姐',1,'15000000001',1,'2',0,'280000',1537935893,1506401433,'0','无柱\n',1,113,1,2),
	(19,'徐小姐',1,'15000172479',1,'2',0,'25000',1538972193,1507522611,'0','需要主题婚礼',1,111,1,1),
	(20,'徐小姐',1,'15000172478',1,'2',0,'30000',1538713051,1507523135,'0','需要主题特色婚礼',1,111,1,1),
	(21,'张亮',1,'13817961016',1,'2',0,'30000',1569830578,1507622601,'0','森系布置\n',1,111,1,1),
	(22,'wwt',1,'12355634564',1,'2',0,'',0,1508244094,'0','',1,113,1,2),
	(23,'wqqq',1,'13525361548',1,'2',0,'',0,1508244363,'0','',1,113,1,2),
	(24,'徐欣',1,'15015015023',1,'2',0,'20000',0,1508245341,'0','',1,113,1,1),
	(25,'测试者',1,'13666668686',1,'2',0,'500000',1523462400,1508741308,'0','结婚好开心',1,113,1,2),
	(26,'测试者',1,'13664964975',1,'2',0,'10000000',1509120000,1508741596,'0','哇哈哈哈',1,113,1,1),
	(27,'测试者2',1,'13566496586',1,'2',0,'',0,1508741796,'0','',1,113,1,1),
	(28,'测试者3',1,'13649578548',1,'2',0,'',0,1508741819,'0','',1,113,1,1),
	(29,'赵祺民',1,'13661738588',1,'2',0,'',0,1508748772,'0','已签单',1,181,1,2),
	(30,'相敏',1,'13661473522',1,'2',0,'8888',1538730380,1508909021,'0','',1,146,1,2),
	(31,'黄天琦',1,'13585611732',1,'2',0,'20000',1537609300,1509270160,'0','南新雅大酒店婚宴已定 新娘顾小姐15216760090\n',1,162,1,1);

/*!40000 ALTER TABLE `hqsen_dajian_order` ENABLE KEYS */;
UNLOCK TABLES;


# Dump of table hqsen_feedback
# ------------------------------------------------------------

DROP TABLE IF EXISTS `hqsen_feedback`;

CREATE TABLE `hqsen_feedback` (
  `id` int(10) unsigned NOT NULL AUTO_INCREMENT COMMENT '自增主键',
  `content` varchar(255) NOT NULL COMMENT '意见反馈内容',
  `phone` varchar(20) NOT NULL DEFAULT '' COMMENT '手机号',
  `user_id` int(10) unsigned NOT NULL COMMENT '创建者ID',
  `user_name` varchar(50) NOT NULL DEFAULT '' COMMENT '创建者账号',
  `create_time` int(10) unsigned NOT NULL DEFAULT '0' COMMENT '时间戳',
  `del_flag` tinyint(1) unsigned NOT NULL DEFAULT '1' COMMENT '1正常 2为删除',
  PRIMARY KEY (`id`)
) ENGINE=MyISAM DEFAULT CHARSET=utf8;

LOCK TABLES `hqsen_feedback` WRITE;
/*!40000 ALTER TABLE `hqsen_feedback` DISABLE KEYS */;

INSERT INTO `hqsen_feedback` (`id`, `content`, `phone`, `user_id`, `user_name`, `create_time`, `del_flag`)
VALUES
	(1,'你们有实体店吗！','14782389262',121,'14782389262',1506394778,1),
	(2,'1.搜索功能不能使用  2.作为客户账号极速推荐跳转的版面为推荐信息跟踪而不是字面意思的极速匹配酒店','13611721703',139,'13611721703',1508204312,1);

/*!40000 ALTER TABLE `hqsen_feedback` ENABLE KEYS */;
UNLOCK TABLES;


# Dump of table hqsen_hotel
# ------------------------------------------------------------

DROP TABLE IF EXISTS `hqsen_hotel`;

CREATE TABLE `hqsen_hotel` (
  `id` int(10) unsigned NOT NULL AUTO_INCREMENT COMMENT '自增主键',
  `hotel_name` varchar(100) NOT NULL COMMENT '酒店名字',
  `hotel_address` varchar(200) NOT NULL DEFAULT '' COMMENT '酒店地址',
  `area_id` int(5) unsigned NOT NULL DEFAULT '0' COMMENT '区域ID',
  `create_time` int(10) unsigned NOT NULL DEFAULT '0' COMMENT '时间戳',
  `del_flag` tinyint(1) unsigned NOT NULL DEFAULT '1' COMMENT '1正常 2为删除',
  `hotel_level` varchar(4) NOT NULL DEFAULT 'A' COMMENT '酒店等级 A B C',
  `area_sh_id` int(5) unsigned NOT NULL COMMENT '上海区域ID关联 area_sh 表',
  `weight` int(5) unsigned NOT NULL DEFAULT '0' COMMENT '同区域酒店权重',
  `is_data` tinyint(1) unsigned NOT NULL DEFAULT '2' COMMENT '是否录入详情1是 2 否',
  `is_room` tinyint(1) unsigned NOT NULL DEFAULT '2' COMMENT '是否录入宴会厅 1是 2 否',
  PRIMARY KEY (`id`)
) ENGINE=MyISAM DEFAULT CHARSET=utf8;

LOCK TABLES `hqsen_hotel` WRITE;
/*!40000 ALTER TABLE `hqsen_hotel` DISABLE KEYS */;

INSERT INTO `hqsen_hotel` (`id`, `hotel_name`, `hotel_address`, `area_id`, `create_time`, `del_flag`, `hotel_level`, `area_sh_id`, `weight`, `is_data`, `is_room`)
VALUES
	(1,'上海龙之梦万丽酒店','上海市长宁区长宁路1018号',2,1501507396,1,'A',8,21,1,1),
	(2,'上海明捷万丽酒店','上海市普陀区铜川路50号',2,1501509451,1,'A',7,20,1,1),
	(3,'马勒别墅饭店','上海市黄浦区陕西南路30号',2,1501510350,1,'A',3,18,1,1),
	(4,'富建酒店','上海市闵行区七莘路1885号',2,1501551216,1,'A',12,19,1,1),
	(5,'上海豫园万丽酒店','上海市黄浦区河南南路159号',2,1501551985,1,'A',3,4,1,1),
	(6,'上海淳大万丽酒店','联洋新社区迎春路719号',1,1501552302,1,'A',1,1,1,1),
	(7,'上海银星皇冠假日酒店','上海市静安区番禺路400号',2,1501552700,1,'B',9,13,1,1),
	(8,'明天广场JW万豪酒店','上海市黄浦区南京西路399号',2,1501552964,1,'A',3,17,1,1),
	(9,'上海三至喜来登酒店','上海市虹口区四平路59号',2,1501553468,1,'A',4,11,1,1),
	(10,'浦东假日酒店','上海市浦东新区东方路899号',1,1501555153,1,'B',1,12,1,1),
	(11,'上海雅居乐万豪酒店','西藏中路555号',2,1505705904,1,'B',3,1,1,1),
	(12,'上海卓美亚喜马拉雅酒店','梅花路1108号（近芳甸路）',1,1505706788,1,'B',1,0,1,1),
	(13,'雅居乐万豪酒店','上海市黄浦区西藏中路555号（近牯岭路，近人民广场，近南京路步行街）',2,1505707173,2,'B',3,0,1,1),
	(14,'外滩英迪格酒店','黄浦江畔的十六铺码头',2,1505708902,1,'B',3,0,1,1),
	(15,'上海外滩华尔道夫酒店','中山东一路2号',2,1505709082,1,'B',3,0,1,1),
	(16,'上海绿地万豪酒店','黄浦区江滨路99号',2,1505709382,1,'B',3,0,1,1),
	(17,'上海扬子精品酒店','黄浦区汉口路740号',2,1505709451,1,'B',3,0,1,1),
	(18,'索菲特海仑宾馆','黄浦区南京东路505号',2,1505709523,1,'B',3,0,1,1),
	(19,'嘉廷大酒店（广场店）','黄浦区新闸路126号',2,1505709568,1,'B',3,0,1,1),
	(235,'三木婚礼商城','澳门路477号6栋201室',3,1508247190,1,'A',21,1,2,2),
	(20,'金外滩宾馆','黄浦区广东路525号',2,1505716318,1,'B',3,0,1,1),
	(21,'上海城市酒店','黄浦区陕西南路5~7号',2,1505721415,1,'B',3,0,1,1),
	(22,'长荣桂冠酒店','浦东新区祖冲之路1136号汇智国际中心内（近金科路）',1,1505722838,2,'B',1,0,2,2),
	(23,'上海长荣桂冠酒店','浦东新区祖冲之路1136号汇智国际商业中心内（近金科路）',1,1505723683,1,'B',1,0,1,1),
	(24,'齐鲁万怡大酒店','浦东新区东方路838号',1,1505726716,1,'B',1,0,1,1),
	(25,'滨江欣景大酒店','中山南路76号',2,1505727549,1,'B',3,0,1,1),
	(26,'上海格澜国际大酒店','西藏南路567号',2,1505728744,1,'B',3,0,1,1),
	(27,'上海海景海港大酒店','海杰路1588号',4,1505729662,1,'B',13,0,1,1),
	(28,'上海南桥绿地铂骊酒店','南桥环城东路473号',4,1505730204,1,'B',13,0,1,1),
	(29,'中青海景大酒店','海杰路1588号',4,1505731104,1,'B',13,0,1,1),
	(30,'上海旭辉圆石滩精品酒店','海湾旅游区海马路5111弄',4,1505731614,1,'B',13,0,1,1),
	(31,'上海好宜佳海景大酒店','海湾旅游区金汇塘路2—4号',4,1505731952,1,'B',13,0,1,1),
	(32,'上海佳友唯景酒店','金桥路159号',1,1505734177,1,'B',1,0,1,1),
	(33,'上海金茂君悦大酒店','世纪大道88号',1,1505735643,1,'B',1,0,1,1),
	(34,'上海证大美爵酒店（原上海证大丽笙酒店）','迎春路1199号',1,1505736207,1,'B',1,0,1,1),
	(35,'上海凯宾斯基大酒店','陆家嘴环路1288',1,1505736890,1,'B',1,0,1,1),
	(36,'上海海神诺富特大酒店','浦东大道728号',1,1505737896,1,'B',1,0,1,1),
	(37,'上海通茂大酒店','松林路357号',1,1505738545,1,'B',1,0,1,1),
	(38,'上海沙海国际酒店','惠南镇城南路630号',1,1505739113,1,'B',1,0,1,1),
	(39,'上海浦东文化东方酒店','浦东南路778号',1,1505739671,1,'B',1,0,1,1),
	(40,'上海国信紫金山大酒店','东方路778号',1,1505740127,1,'B',1,0,1,1),
	(41,'上海悦兴国际大酒店','航津路658号（近江扬北路）',1,1505741757,1,'B',1,0,1,1),
	(42,'上海万和昊美艺术酒店','张江高科技园区祖冲之路2299号',1,1505742476,1,'B',1,0,1,1),
	(43,'斯波特大酒店','南丹路15号',2,1505961866,1,'B',10,0,1,1),
	(44,'兴华宾馆','华山路1126号',2,1505962148,1,'B',10,0,1,1),
	(45,'上海西藏大厦万怡酒店','虹桥路100号',2,1505963365,1,'B',10,0,1,1),
	(46,'上海园格林兰云天达酒店','百色路100号',2,1505965067,1,'B',10,0,1,1),
	(47,'银星皇冠假日酒店','番禺路400号',2,1505965767,1,'B',10,0,1,1),
	(48,'上海漕河泾万丽酒店','田林路397号',2,1505966302,1,'B',10,0,1,1),
	(49,'上海中星铂尔曼大酒店','浦北路1号',2,1505966748,1,'B',10,0,1,1),
	(50,'徐汇瑞峰酒店','肇嘉滨路7号',2,1505971261,1,'B',10,0,1,1),
	(51,'天平宾馆','天平路185号',2,1505971692,1,'B',10,0,1,1),
	(52,'青松城大酒店','肈嘉滨路777号',2,1505972800,1,'B',10,0,1,1),
	(53,'衡山宾馆','衡山路534号',2,1505973200,1,'B',10,0,1,1),
	(54,'田林宾馆','田林路1号',2,1505974261,1,'B',10,0,1,1),
	(55,'南鹰大酒店','淮海中路1728号',2,1505974827,1,'B',10,0,1,1),
	(56,'东湖宾馆','东湖路70号',2,1505975502,1,'B',10,0,1,1),
	(57,'上海富豪环球东亚酒店','衡山路516号',2,1505976072,1,'B',10,0,1,1),
	(58,'上海大厦','北苏州路',2,1505976517,1,'B',4,0,1,1),
	(59,'粤海大酒店','逸仙路328号',2,1505977097,1,'B',4,0,1,1),
	(60,'上海鹏欣外滩悦榕庄酒店','公平路19号',2,1505977716,1,'B',4,0,1,1),
	(61,'绿地九龙宾馆','溧阳路601号',2,1505978209,1,'B',4,0,1,1),
	(62,'上海外滩浦华大酒店','高阳路168号',2,1505979413,1,'B',4,0,1,1),
	(63,'天鹅宾馆','四川北路2211号',2,1505979882,1,'B',4,0,1,1),
	(64,'外滩茂悦大酒店','黄埔路199号',2,1505980591,1,'B',4,0,1,1),
	(65,'上海宝御酒店','吴淞路299号',2,1505981181,1,'B',4,0,1,1),
	(66,'海鸥饭店','黄埔路60号',2,1505981672,1,'B',4,0,1,1),
	(67,'上海虹口三至喜来登酒店','四平路59号',2,1505982164,1,'B',4,0,1,1),
	(68,'外滩中南海滨酒店','黄埔路53',2,1505982609,1,'B',4,0,1,1),
	(69,'上海瑞金宾馆','瑞金二路118号',2,1505982962,1,'B',2,0,1,1),
	(70,'嘉延大酒店','虹梅路2975号',2,1505983630,1,'B',12,0,1,1),
	(71,'上海虹桥新华联索菲特大酒店','泰虹路666号',2,1505984322,1,'B',12,0,1,1),
	(72,'上海虹桥元——希尔顿酒店','红松东路1116',2,1505984746,1,'B',12,0,1,1),
	(73,'书香世家会所酒店','吴中路1389',2,1505985408,1,'B',12,0,1,1),
	(74,'上海天禧嘉福璞缇客酒店','虹许路358号',2,1505985811,1,'B',12,0,1,1),
	(75,'诺宝中心酒店','漕宝路1688号',2,1505986265,1,'B',12,0,1,1),
	(76,'金古源豪生大酒店','华翔路1989号',2,1505986833,1,'B',12,0,1,1),
	(77,'富建酒店','七莘路1885号',2,1505987577,2,'B',12,0,1,1),
	(78,'上海宝燕壹号','中谊路518号',2,1505988441,1,'B',12,0,1,1),
	(79,'霖上海味道','都市路5001号',2,1505989045,1,'B',12,0,1,1),
	(80,'FMIC西郊庄园国际俱乐部','华漕镇金丰路588弄',2,1505989488,1,'B',12,0,1,1),
	(81,'上海大宁福朋喜来登酒店','共和新路1928号近大宁路',2,1505990394,1,'B',9,0,1,1),
	(82,'上海国际贵都大饭店','延安西路65号',2,1505990956,1,'B',9,0,1,1),
	(83,'美丽园国际大酒店','延安西路396号',2,1505991750,1,'B',9,0,1,1),
	(84,'宏安瑞士大酒店','愚园路1号',2,1505992317,1,'B',9,0,1,1),
	(85,'上海四季酒店','威海路500号',2,1505992625,1,'B',9,0,1,1),
	(86,'上海商城泼特曼丽酒店','南京西路1376',2,1505993136,1,'B',9,0,1,1),
	(87,'上海延安饭店','延安中路1111号',2,1505993401,1,'B',9,0,1,1),
	(88,'静安宾馆后花园','华山路370号',2,1505993829,1,'B',9,0,1,1),
	(89,'瑞泰酒店','泰兴路178号',2,1505994153,1,'B',9,0,1,1),
	(90,'上海明天广场金威万豪酒店','南京西路',2,1505994614,1,'B',9,0,1,1),
	(91,'上海新世界紫澜门大酒店','南京西路2-68号',2,1505995097,1,'B',9,15,1,1),
	(92,'香淳湾（中环店）','伯士路57号',2,1505996053,1,'B',7,0,1,1),
	(93,'中环国际大酒店','富平路800号',2,1505996325,1,'B',7,0,1,1),
	(94,'港鸿大酒店','武宁路501号',2,1505996716,1,'B',7,0,1,1),
	(95,'小南国','金沙江路1759号',2,1505997472,1,'B',7,0,1,1),
	(96,'上海国丰大酒店','大渡河路388',2,1505999224,1,'B',7,0,1,1),
	(97,'榕港海鲜大酒店','金沙江路2115号',2,1505999544,1,'B',7,0,1,1),
	(98,'上海江苏饭店','武宁路888号',2,1506047879,1,'B',7,0,1,1),
	(99,'上海鑫名大酒店','凯旋北路1495号2楼',2,1506048958,1,'B',7,0,1,1),
	(100,'天目湖宾馆','曹阳路1021号',2,1506049570,1,'B',7,0,1,1),
	(101,'古井假日酒店','长寿路700号',2,1506050094,1,'B',7,0,1,1),
	(102,'LAVIN玫瑰里','秦皇岛路32号E栋',2,1506050855,1,'B',5,7,1,1),
	(103,'兴荣温德姆','宁国路25号',2,1506051959,1,'B',5,13,1,1),
	(104,'云味.大可堂','陕西南路548号乙',2,1506052795,1,'B',10,14,1,1),
	(105,'上海绿地假日酒店','光复西路843号',2,1506054503,1,'B',7,0,1,1),
	(106,'名宴会','中山北路1732号',2,1506054927,1,'B',7,0,1,1),
	(107,'沪港1号大酒店','枣阳路182号',2,1506055440,1,'B',7,0,1,1),
	(108,'上海东方航空宾馆','中山北路2088',2,1506056014,1,'B',7,0,1,1),
	(109,'洋洋显达度假酒店','富平路99号',2,1506056431,1,'B',7,0,1,1),
	(110,'明捷万丽酒店','铜川路50号',2,1506056956,2,'B',7,0,1,1),
	(111,'上海静安铂尔曼酒店','梅园路330号',2,1506057527,1,'B',6,0,1,1),
	(112,'上海新梅华东大酒店','天目西路111号',2,1506058144,1,'B',6,0,1,1),
	(113,'濠苑金阁大酒店','罗芬路68986-88号',2,1506058729,1,'B',18,16,1,1),
	(114,'上海浦东假日酒店','东方路899号',1,1506059126,2,'B',1,0,1,1),
	(115,'东方万国宴会中心.天尚东方','新桥路1599号',1,1506059399,1,'B',1,13,1,1),
	(116,'上海安徒生童话乐园.天鹅宫宴会中心','国泓路200号',2,1506059756,1,'B',5,12,1,1),
	(117,'上海嘉庭中心','沪定路46号',2,1506060080,1,'B',7,0,1,1),
	(118,'香淳湾','向城路15号',2,1506060390,2,'B',7,0,2,2),
	(119,'北上海大酒店','江扬西路277号',2,1506060470,1,'B',6,0,1,1),
	(120,'浦西万怡酒店','恒丰路338号',2,1506061436,1,'B',6,0,1,1),
	(121,'上海广场长城假日酒店','天目西路',2,1506061901,1,'B',6,0,1,1),
	(122,'维也纳国际大酒店','恒丰路777号',2,1506062402,1,'B',6,0,1,1),
	(123,'上海锦荣国际大酒店','共和兴路2750号',2,1506062794,1,'B',6,0,1,1),
	(124,'上海金水湾大酒店','恒丰路308号',2,1506063269,1,'B',6,0,1,1),
	(125,'浦西开元大酒店','新疆路518号',2,1506063575,1,'B',6,0,1,1),
	(126,'海福瑞酒店','高平路847号至851号',2,1506064232,1,'B',6,0,1,1),
	(127,'中土大厦大酒店','共和新路666号',2,1506064716,1,'B',6,0,1,1),
	(128,'市北半岛酒店','江场三路258号',2,1506064981,1,'B',6,0,1,1),
	(129,'上海浦西洲际酒店','恒丰路',2,1506065235,1,'B',6,0,1,1),
	(130,'东方丽星酒店','广中西路199号',2,1506066250,1,'B',6,0,1,1),
	(131,'上海铭德大酒店','西藏北路558号',2,1506066767,1,'B',6,0,1,1),
	(132,'上海颖奕皇冠假日酒店','博园路6555号',2,1506067633,1,'B',17,0,1,1),
	(133,'驿岛酒店','安亭镇南安路18弄',2,1506068306,1,'B',17,0,1,1),
	(134,'美龙大酒店','汇源路788号',2,1506068664,1,'B',17,0,1,1),
	(135,'上海南翔假日酒店','槎溪路789号',2,1506069179,1,'B',17,0,1,1),
	(136,'寰鑫富贵天地大酒店','宝安公路3189号',2,1506069515,1,'B',17,0,1,1),
	(137,'上海佘山茂御臻品之选酒店','林荫新路1288号',2,1506069841,1,'B',15,0,1,1),
	(138,'上海之根雪浪湖度假村','胡曹路699弄100号',2,1506070398,1,'B',15,0,1,1),
	(139,'上海东方佘山索菲特大酒店','泗泾镇泗陈公路338弄',2,1506070896,1,'B',15,0,1,1),
	(140,'皇家海港大酒楼','江学路899号',2,1506072536,1,'B',15,0,1,1),
	(141,'上海红楼戴斯宾馆','松汇中路318号',2,1506072921,1,'B',15,0,1,1),
	(142,'上海金地岚韵酒店','嘉松中路6888弄1号',2,1506073323,1,'B',15,0,1,1),
	(143,'月湖会馆','佘山国家旅游度假区佘北路',2,1506073949,1,'B',15,15,1,1),
	(144,'大众国际会议中心','赵昆路（佘天昆路）1515号',2,1506074604,1,'B',15,5,1,1),
	(145,'上海新桥绿地铂骊酒店','明兴路628号',2,1506075402,1,'B',15,0,1,1),
	(146,'榕港海鲜大酒楼','谷阳北路1425弄88',2,1506075908,1,'B',15,0,1,1),
	(147,'松江假日酒店','中山中路83号平高世贸中心',2,1506076404,1,'B',15,0,1,1),
	(148,'居贤大酒楼','松江新城江学路899',2,1506076757,1,'B',15,0,1,1),
	(149,'上海国展宝龙丽筠酒店','新府中路1550号',4,1506077107,1,'B',16,0,1,1),
	(150,'凯博庄园','外青松公路7188号',4,1506077364,1,'B',16,0,1,1),
	(151,'上海夏日湖皇冠假日酒店','青州路303号',4,1506077668,1,'B',16,0,1,1),
	(152,'中信泰富朱家角锦江酒店','珠湖路666号',4,1506078124,1,'B',16,0,1,1),
	(153,'上海太阳岛度假酒店','朱家角镇沈太路2588号',4,1506078944,1,'B',16,0,1,1),
	(154,'上海银苑酒店','金商路1555号',4,1506079554,1,'B',16,0,1,1),
	(155,'西郊假日酒店','沪青平公路2000号',4,1506080011,1,'B',16,0,1,1),
	(156,'迪利特大酒店','华新镇华腾路288号',4,1506080533,1,'B',16,0,1,1),
	(157,'东方绿舟宾馆','沪青平公路7000号',4,1506081088,1,'B',16,0,1,1),
	(158,'华凯华美达广场酒店','环华路9号',4,1506081421,1,'B',14,0,1,1),
	(159,'丰收日','卫清西路188号',4,1506082409,1,'B',14,0,1,1),
	(160,'嘉福海鲜城','杭州湾大道538号',4,1506082968,1,'B',14,0,1,1),
	(161,'上海万豪虹桥大酒店','虹桥路2270号',2,1506083364,1,'B',8,0,1,1),
	(162,'上海扬子江万丽大酒店','延安西路2099号',2,1506083808,1,'B',8,0,1,1),
	(163,'颐丰花园','虹桥路1442号',2,1506084267,1,'B',8,0,1,1),
	(164,'巴黎春天新世界酒店','定西路1555号',2,1506084483,1,'B',8,0,1,1),
	(165,'虹桥雅高美爵酒店','仙霞路369号',2,1506084752,1,'B',8,0,1,1),
	(166,'上海阿纳迪酒店','临虹路7号',2,1506085058,1,'B',8,0,1,1),
	(167,'晶浦会（新虹桥婚礼中心）','虹桥路1970号',2,1506085420,1,'B',8,0,1,1),
	(168,'君丽大酒店','遵义路448号',2,1506085693,1,'B',8,0,1,1),
	(169,'金钱豹大酒店（延安西路店）','延安西路3162号，近虹中路',2,1506086237,1,'B',8,0,1,1),
	(170,'龙之梦大酒店','延安西路1116号',2,1506086958,1,'B',8,0,1,1),
	(171,'千玺海鸥大酒店','延安西路2588号',2,1506087361,1,'B',8,0,1,1),
	(172,'上海绿地会议中心','协和路111号',2,1506087891,1,'B',8,0,1,1),
	(173,'西郊花园酒店','淮阴路488号',2,1506088329,1,'B',8,0,1,1),
	(174,'龙柏饭店.云廷会','虹桥路2419号',2,1506133342,1,'B',8,0,1,1),
	(175,'虹桥锦江大酒店','遵义南路5号',2,1506133947,1,'B',8,0,1,1),
	(176,'复旦皇冠假日酒店','邯郸路199号近国权路',2,1506134790,1,'B',5,0,1,1),
	(177,'蓝天宾馆.南粤春','黄兴路2200号',2,1506135225,1,'B',5,0,1,1),
	(178,'金钱豹大酒店','杨树浦路2866号',2,1506136445,1,'B',5,0,1,1),
	(179,'小南国花园酒店','佳木斯路777号',2,1506137378,1,'B',5,0,1,1),
	(180,'唐宫海鲜舫','四平路1251号',2,1506137873,1,'B',5,0,1,1),
	(181,'同济迎宾馆','彰武路69号（近鞍山支路）',2,1506138205,1,'B',5,0,1,1),
	(182,'上海甲辕璞缇客精品酒店','邯郸路142号',2,1506138983,1,'B',5,0,1,1),
	(183,'上海五角场华美达大酒店','黄兴路1888号',2,1506139474,1,'B',5,0,1,1),
	(184,'财富大酒店','邯郸路399号',2,1506139757,1,'B',5,0,1,1),
	(185,'上海芭提雅假日酒店','闸殷路311号',2,1506140151,1,'B',5,0,1,1),
	(186,'同济戴斯大酒店','彰武路50号',2,1506140411,1,'B',5,0,1,1),
	(187,'锦雪苑大酒店','翔殷路631号',2,1506140822,1,'B',5,0,1,1),
	(188,'上海宝丰联大酒店','逸仙路270号',2,1506141231,1,'B',5,0,1,1),
	(189,'新凤城迎宾馆','控江路1500号',2,1506141628,1,'B',5,0,1,1),
	(190,'同济君禧大酒店','彰武路',2,1506141884,1,'B',5,0,1,1),
	(191,'美丽豪酒店','松兰路879',2,1506142240,1,'B',18,0,1,1),
	(192,'上海美兰湖皇冠假日酒店','泸太路6655号',2,1506142704,1,'B',18,0,1,1),
	(193,'上海宝丰联大酒店','纪念路301',2,1506143181,1,'B',18,0,1,1),
	(194,'小南国（大华店）','大华一路198号',2,1506143947,1,'B',18,0,1,1),
	(195,'上海衡山北郊宾馆','泸太路4788',2,1506144355,1,'B',18,0,1,1),
	(196,'美兰湖国际会议中心','罗芬路888号',2,1506145812,1,'B',18,0,1,1),
	(197,'衡山金仓永华大酒店','水产路2653号',2,1506146261,1,'B',18,0,1,1),
	(198,'宝山宾馆','牡丹江路1813号',2,1506146613,1,'B',18,0,1,1),
	(199,'上海华美达安可酒店','共康路555号',2,1506147345,1,'B',18,0,1,1),
	(200,'上海法莱德大酒店','逸仙路1600弄61号',2,1506147722,1,'B',18,0,1,1),
	(201,'上海假日田园生态景观酒店','联杨路3888号',2,1506148021,1,'B',18,0,1,1),
	(202,'金富门大酒店','牡丹江路1285号',2,1506148297,1,'B',18,0,1,1),
	(203,'崇明金茂凯悦酒店','陈家镇揽海路799弄',4,1506148690,1,'B',19,0,1,1),
	(204,'富豪金丰酒店','金港路318号',1,1506149186,1,'B',1,0,1,1),
	(205,'上海明悦大酒店','崮山路500号',1,1506149482,1,'B',1,0,1,1),
	(206,'老洋房','绍兴路27号',2,1506150191,1,'B',2,0,1,1),
	(207,'上海1号','瑞金南路1号海兴广场3楼',2,1506150605,1,'B',2,0,1,1),
	(208,'晶浦会','复兴中心523弄',2,1506150941,1,'B',2,0,1,1),
	(209,'上海瑞金宾馆','瑞金二路118号',2,1506151650,1,'B',2,0,1,1),
	(210,'上海中亨汇大酒店','瑞金南路428号',2,1506152245,1,'B',2,0,1,1),
	(211,'福得德海派文人餐厅','茂名北路56号B区1楼',2,1506153196,1,'B',2,0,1,1),
	(212,'颐东海港大酒店','淮海中路381号',2,1506153462,1,'B',2,0,1,1),
	(213,'唐宫壹号','长乐路400号',2,1506153841,1,'B',2,0,1,1),
	(214,'上海环球金融中心','世纪大道100号',1,1506154298,1,'B',1,0,1,1),
	(215,'上海柏悦酒店','世纪大道100号',1,1506154735,1,'B',1,0,1,1),
	(216,'上海世纪皇冠假日酒店','民生路1433号迎春路口',1,1506158830,1,'B',1,0,1,1),
	(217,'南航明珠大酒店','晨阳路450',1,1506159602,1,'B',1,0,1,1),
	(218,'吉瑞花园酒店','浦电路110号',1,1506159978,1,'B',1,0,1,1),
	(219,'世纪紫澜会馆','锦绣路1001号',1,1506160242,1,'B',1,2,1,1),
	(220,'浦东国际人才城酒店','科苑路1500号',1,1506160599,2,'B',1,0,2,2),
	(221,'上海红塔豪华精选酒店','东方路889号',1,1506164123,1,'B',1,0,1,1),
	(222,'上海浦东香格里拉大酒店','富成路33号',1,1506164363,1,'B',1,0,1,1),
	(223,'星河湾酒店','锦绣路2588弄',1,1506165028,1,'B',1,0,1,1),
	(224,'锦江汤臣洲际国际酒店','张杨路777号',1,1506165551,1,'B',1,0,1,1),
	(225,'圣莎大酒店','金新路99号',1,1506166087,2,'B',1,0,2,2),
	(226,'上海新金桥智选假日酒店','佳桥路450号',1,1506166486,1,'B',1,0,1,1),
	(227,'上海东锦江希尔顿逸林酒店','杨高南路889号',1,1506166815,1,'B',1,0,1,1),
	(228,'上海裕景大饭店','浦东大道535号',1,1506168016,1,'B',1,0,1,1),
	(229,'上海浦东盛高假日酒店','秀沿路1088号',1,1506168328,1,'B',1,0,1,1),
	(230,'上海宝隆丽笙酒店','金海路2449',1,1506168841,1,'B',1,0,1,1),
	(231,'上海浦东嘉里大酒店','花木路1388号',1,1506169243,1,'B',1,0,1,1),
	(232,'上海中心大厦会议中心','银城路501号',1,1506169987,1,'B',1,0,1,1),
	(233,'爱菲尔主题定制婚礼会馆','局门路735号-2号门',2,1506302997,1,'B',3,0,1,1),
	(234,'上海南新雅大酒店','九江路700号',2,1506323961,1,'B',3,0,1,1),
	(236,'香淳湾（滨江店）','滨江大道1836号',1,1508907973,1,'B',1,0,1,1);

/*!40000 ALTER TABLE `hqsen_hotel` ENABLE KEYS */;
UNLOCK TABLES;


# Dump of table hqsen_hotel_data
# ------------------------------------------------------------

DROP TABLE IF EXISTS `hqsen_hotel_data`;

CREATE TABLE `hqsen_hotel_data` (
  `id` int(10) unsigned NOT NULL AUTO_INCREMENT COMMENT '自增主键',
  `hotel_low` varchar(15) NOT NULL COMMENT '酒店最低价',
  `hotel_high` varchar(15) NOT NULL DEFAULT '' COMMENT '酒店最高价',
  `hotel_max_desk` varchar(15) NOT NULL DEFAULT '' COMMENT '酒店最大容纳桌数',
  `hotel_type` varchar(15) NOT NULL DEFAULT '' COMMENT '酒店类型（星级酒店 特色餐厅 婚礼会所 游轮婚宴）',
  `hotel_phone` varchar(45) NOT NULL DEFAULT '' COMMENT '酒店联系电话（区号＋联系电话＋分机号）或者手机号',
  `hotel_image` text NOT NULL COMMENT '酒店介绍图片',
  PRIMARY KEY (`id`)
) ENGINE=MyISAM DEFAULT CHARSET=utf8;

LOCK TABLES `hqsen_hotel_data` WRITE;
/*!40000 ALTER TABLE `hqsen_hotel_data` DISABLE KEYS */;

INSERT INTO `hqsen_hotel_data` (`id`, `hotel_low`, `hotel_high`, `hotel_max_desk`, `hotel_type`, `hotel_phone`, `hotel_image`)
VALUES
	(1,'6588','8888','60','五星酒店','400-1102-818','[\"http://sendevimg.oss-cn-zhangjiakou.aliyuncs.com/upload/user_web/1504946908445204866490502894.jpg\",\"http://sendevimg.oss-cn-zhangjiakou.aliyuncs.com/upload/user_web/1504946910738808125201612635.jpg\",\"http://sendevimg.oss-cn-zhangjiakou.aliyuncs.com/upload/user_web/1504946914795512476547553166.jpg\",\"http://sendevimg.oss-cn-zhangjiakou.aliyuncs.com/upload/user_web/150494970822e66bfec60e07cc06bc5c6b9359b2b.png\",\"http://sendevimg.oss-cn-zhangjiakou.aliyuncs.com/upload/user_web/150495164824b72702d238092075ec1963deeefb6d_aad9aa62d37e4f12.jpg\",\"http://sendevimg.oss-cn-zhangjiakou.aliyuncs.com/upload/user_web/15049516622a997277f80f6a701bb09a20c590fb33_2016040714435346608.jpg\"]'),
	(2,'6588','8588','28','五星酒店','400-1102-818','[\"http://sendevimg.oss-cn-zhangjiakou.aliyuncs.com/upload/user_web/150494699158fbe4f7dce95453626174d7f17b6301_CggYslauukeASZFtAACaJZnf5Bc929_300_225.jpg\",\"http://sendevimg.oss-cn-zhangjiakou.aliyuncs.com/upload/user_web/1504947147微信图片_20170531143655.jpg\",\"http://sendevimg.oss-cn-zhangjiakou.aliyuncs.com/upload/user_web/1504947150微信图片_20170531143711.jpg\",\"http://sendevimg.oss-cn-zhangjiakou.aliyuncs.com/upload/user_web/1504947152微信图片_20170531143721.jpg\"]'),
	(3,'6888','9888','26','五星酒店','400-1102-818','[\"http://sendevimg.oss-cn-zhangjiakou.aliyuncs.com/upload/user_web/1504946800马勒别墅10.08.24-001.jpg\",\"http://sendevimg.oss-cn-zhangjiakou.aliyuncs.com/upload/user_web/150494961202174f78b34c220b9e33e7a281728ea.png\",\"http://sendevimg.oss-cn-zhangjiakou.aliyuncs.com/upload/user_web/150494961573606e7d5644829417dc3fe6de13d0f.png\",\"http://sendevimg.oss-cn-zhangjiakou.aliyuncs.com/upload/user_web/1504949618f551b9df30197b1a618d41255a80d4b.png\",\"http://sendevimg.oss-cn-zhangjiakou.aliyuncs.com/upload/user_web/1504949620fb7ea08c914adc3eff415806fff8f69.png\"]'),
	(4,'5888','7888','60','五星酒店','400-1102-818','[\"http://sendevimg.oss-cn-zhangjiakou.aliyuncs.com/upload/user_web/15049494214b34375a9ec058d62150695a137782d.png\",\"http://sendevimg.oss-cn-zhangjiakou.aliyuncs.com/upload/user_web/15049494236bfd47e8d7e7f9d1e30cae8df652f8e.png\",\"http://sendevimg.oss-cn-zhangjiakou.aliyuncs.com/upload/user_web/15049494268ebd7df4aaf7228a7f84e78c9d6b92d.png\",\"http://sendevimg.oss-cn-zhangjiakou.aliyuncs.com/upload/user_web/150494942935b8c7af1a799e9e72a98e7ac2aa8bc.png\",\"http://sendevimg.oss-cn-zhangjiakou.aliyuncs.com/upload/user_web/1504949431165e0f8e9a701bce66dd01d0fd65f5f.png\",\"http://sendevimg.oss-cn-zhangjiakou.aliyuncs.com/upload/user_web/1504949433c8275b1de801d7e8fa4094448b5ef76.png\"]'),
	(5,'6188','7888','23','五星酒店','400-1102-818','[\"http://sendevimg.oss-cn-zhangjiakou.aliyuncs.com/upload/user_web/150494632821楼.JPG\",\"http://sendevimg.oss-cn-zhangjiakou.aliyuncs.com/upload/user_web/15049463333楼宴会厅Grand Hall 1.jpg\",\"http://sendevimg.oss-cn-zhangjiakou.aliyuncs.com/upload/user_web/1504946346Exterior.jpg\",\"http://sendevimg.oss-cn-zhangjiakou.aliyuncs.com/upload/user_web/150494637021F The View Wedding.JPG\",\"http://sendevimg.oss-cn-zhangjiakou.aliyuncs.com/upload/user_web/15049463783F 2.jpg\"]'),
	(6,'6880','10380','28','五星酒店','400-1102-818','[\"http://sendevimg.oss-cn-zhangjiakou.aliyuncs.com/upload/user_web/1504945608605126599072215639.jpg\",\"http://sendevimg.oss-cn-zhangjiakou.aliyuncs.com/upload/user_web/1504945611707470554127531240.jpg\",\"http://sendevimg.oss-cn-zhangjiakou.aliyuncs.com/upload/user_web/1504945620微信图片_20170904141354.jpg\",\"http://sendevimg.oss-cn-zhangjiakou.aliyuncs.com/upload/user_web/1504945623微信图片_20170904141405.jpg\"]'),
	(7,'5888','6688','32','四星酒店','400-1102-818','[\"http://sendevimg.oss-cn-zhangjiakou.aliyuncs.com/upload/user_web/1504948314df3d61bed9145356190ba8c7e46cdd9.png\",\"http://sendevimg.oss-cn-zhangjiakou.aliyuncs.com/upload/user_web/15049484409d0bdd43ebaecb3f2649761c6f0f209.png\",\"http://sendevimg.oss-cn-zhangjiakou.aliyuncs.com/upload/user_web/150494844639e77fc143c7e8c168d743bfb2d0bff.png\",\"http://sendevimg.oss-cn-zhangjiakou.aliyuncs.com/upload/user_web/1504948449d286bd98042be7d37f50dd7a92964d5.png\",\"http://sendevimg.oss-cn-zhangjiakou.aliyuncs.com/upload/user_web/1504948451cd4b5ed5579772a9e52af3980efb0fb.png\",\"http://sendevimg.oss-cn-zhangjiakou.aliyuncs.com/upload/user_web/150494845498ad8f9767428098760cdec0199d456.png\"]'),
	(8,'8888','12888','32','五星酒店','400-1102-818','[\"http://sendevimg.oss-cn-zhangjiakou.aliyuncs.com/upload/user_web/1504946074微信图片_20170524103705.jpg\",\"http://sendevimg.oss-cn-zhangjiakou.aliyuncs.com/upload/user_web/1504946078微信图片_20170905101913.jpg\",\"http://sendevimg.oss-cn-zhangjiakou.aliyuncs.com/upload/user_web/1504946083微信图片_20170905101932.jpg\",\"http://sendevimg.oss-cn-zhangjiakou.aliyuncs.com/upload/user_web/1504946087微信图片_20170905101952.jpg\",\"http://sendevimg.oss-cn-zhangjiakou.aliyuncs.com/upload/user_web/1504946095微信图片_20170905101957.jpg\"]'),
	(9,'7388','10888','30','四星酒店','400-1102-818','[\"http://sendevimg.oss-cn-zhangjiakou.aliyuncs.com/upload/user_web/1504945907494743582890154327.png\",\"http://sendevimg.oss-cn-zhangjiakou.aliyuncs.com/upload/user_web/1504945910微信图片_20170904170033.jpg\",\"http://sendevimg.oss-cn-zhangjiakou.aliyuncs.com/upload/user_web/1504945913微信图片_20170904170140.jpg\"]'),
	(10,'5688','7288','36','五星酒店','400-1102-818','[\"http://sendevimg.oss-cn-zhangjiakou.aliyuncs.com/upload/user_web/1504947666图片4.png\",\"http://sendevimg.oss-cn-zhangjiakou.aliyuncs.com/upload/user_web/1504947669图片5.png\",\"http://sendevimg.oss-cn-zhangjiakou.aliyuncs.com/upload/user_web/1504947673图片6.png\",\"http://sendevimg.oss-cn-zhangjiakou.aliyuncs.com/upload/user_web/1504947678图片12.png\",\"http://sendevimg.oss-cn-zhangjiakou.aliyuncs.com/upload/user_web/1504947684图片8.png\",\"http://sendevimg.oss-cn-zhangjiakou.aliyuncs.com/upload/user_web/1504947689图片9.png\"]'),
	(11,'5588','8888','42','五星酒店','400-1102-818','[\"http://sendevimg.oss-cn-zhangjiakou.aliyuncs.com/upload/user_web/1506221259微信图片_20170924104755.jpg\"]'),
	(14,'6580','7580','8','特色餐厅','400-1102-818','[\"http://sendevimg.oss-cn-zhangjiakou.aliyuncs.com/upload/user_web/1505712866微信图片_20170918133402.jpg\",\"http://sendevimg.oss-cn-zhangjiakou.aliyuncs.com/upload/user_web/1505712868微信图片_20170918133358.jpg\",\"http://sendevimg.oss-cn-zhangjiakou.aliyuncs.com/upload/user_web/1505712870微信图片_20170918133406.jpg\"]'),
	(19,'1288','8299','30','四星酒店','400-1102-818','[\"http://sendevimg.oss-cn-zhangjiakou.aliyuncs.com/upload/user_web/1505713900微信图片_20170918135056.jpg\",\"http://sendevimg.oss-cn-zhangjiakou.aliyuncs.com/upload/user_web/1505713906微信图片_20170918135102.jpg\",\"http://sendevimg.oss-cn-zhangjiakou.aliyuncs.com/upload/user_web/1505713912微信图片_20170918135107.jpg\",\"http://sendevimg.oss-cn-zhangjiakou.aliyuncs.com/upload/user_web/1505713917微信图片_20170918135111.jpg\",\"http://sendevimg.oss-cn-zhangjiakou.aliyuncs.com/upload/user_web/1505713924微信图片_20170918135118.jpg\",\"http://sendevimg.oss-cn-zhangjiakou.aliyuncs.com/upload/user_web/1505713930微信图片_20170918135114.jpg\"]'),
	(20,'4588','5988','20','五星酒店','400-1102-818','[\"http://sendevimg.oss-cn-zhangjiakou.aliyuncs.com/upload/user_web/1505717543微信图片_20170918145154.jpg\"]'),
	(18,'4988','8888','27','四星酒店','400-1102-818','[\"http://sendevimg.oss-cn-zhangjiakou.aliyuncs.com/upload/user_web/1506219507微信图片_20170924101809.png\"]'),
	(17,'5888','12888','15','五星酒店','400-1102-818','[\"http://sendevimg.oss-cn-zhangjiakou.aliyuncs.com/upload/user_web/1505718645微信图片_20170918151027.jpg\",\"http://sendevimg.oss-cn-zhangjiakou.aliyuncs.com/upload/user_web/1505718651微信图片_20170918151031.jpg\"]'),
	(16,'5288','9288','35','五星酒店','400-1102-818','[\"http://sendevimg.oss-cn-zhangjiakou.aliyuncs.com/upload/user_web/1505719009微信图片_20170918151617.jpg\"]'),
	(44,'4588','5588','22','四星酒店','400-1102-818','[\"http://sendevimg.oss-cn-zhangjiakou.aliyuncs.com/upload/user_web/15059629931123.png\"]'),
	(15,'14888','25888','24','五星酒店','400-1102-818','[\"http://sendevimg.oss-cn-zhangjiakou.aliyuncs.com/upload/user_web/1505719694微信图片_20170918152750.jpg\",\"http://sendevimg.oss-cn-zhangjiakou.aliyuncs.com/upload/user_web/1505719698微信图片_20170918152754.jpg\",\"http://sendevimg.oss-cn-zhangjiakou.aliyuncs.com/upload/user_web/1505719703微信图片_20170918152757.jpg\",\"http://sendevimg.oss-cn-zhangjiakou.aliyuncs.com/upload/user_web/1505719711微信图片_20170918152801.jpg\"]'),
	(13,'5588','8888','42','五星酒店','18321177032','[\"http://sendevimg.oss-cn-zhangjiakou.aliyuncs.com/upload/user_web/1505720761微信图片_20170918154544.jpg\",\"http://sendevimg.oss-cn-zhangjiakou.aliyuncs.com/upload/user_web/1505720769微信图片_20170918154541.jpg\",null]'),
	(12,'8888','12888','40','五星酒店','400-1102-818','[\"http://sendevimg.oss-cn-zhangjiakou.aliyuncs.com/upload/user_web/1506158600微信图片_20170923172414.png\"]'),
	(21,'2000','6888','26','五星酒店','400-1102-818','[\"http://sendevimg.oss-cn-zhangjiakou.aliyuncs.com/upload/user_web/1505722073微信图片_20170918160731.png\",\"http://sendevimg.oss-cn-zhangjiakou.aliyuncs.com/upload/user_web/1505722077微信图片_20170918160735.png\"]'),
	(23,'863','8888','58','五星酒店','400-1102-818','[\"http://sendevimg.oss-cn-zhangjiakou.aliyuncs.com/upload/user_web/1505726067微信图片_20170918170142.png\"]'),
	(25,'4388','6388','22','四星酒店','400-1102-818','[\"http://sendevimg.oss-cn-zhangjiakou.aliyuncs.com/upload/user_web/1505728281微信图片_20170918174917.jpg\"]'),
	(26,'3888','6888','22','五星酒店','400-1102-818','[\"http://sendevimg.oss-cn-zhangjiakou.aliyuncs.com/upload/user_web/1505728855微信图片_20170918180042.jpg\"]'),
	(27,'2588','6888','22','五星酒店','400-1102-818','[\"http://sendevimg.oss-cn-zhangjiakou.aliyuncs.com/upload/user_web/1505973920微信图片_20170921140617.png\"]'),
	(28,'2999','6588','25','五星酒店','400-1102-818','[\"http://sendevimg.oss-cn-zhangjiakou.aliyuncs.com/upload/user_web/1505973742微信图片_20170921140316.png\"]'),
	(29,'2088','3888','7','四星酒店','400-1102-818','[\"http://sendevimg.oss-cn-zhangjiakou.aliyuncs.com/upload/user_web/1505731497微信图片_20170918184223.jpg\"]'),
	(30,'3088','4588','20','五星酒店','400-1102-818','[\"http://sendevimg.oss-cn-zhangjiakou.aliyuncs.com/upload/user_web/1505731776微信图片_20170918184923.jpg\",\"http://sendevimg.oss-cn-zhangjiakou.aliyuncs.com/upload/user_web/1505731781微信图片_20170918184927.jpg\"]'),
	(31,'1580','3880','12','五星酒店','400-1102-818','[\"http://sendevimg.oss-cn-zhangjiakou.aliyuncs.com/upload/user_web/1505732100微信图片_20170918185450.jpg\"]'),
	(24,'5388','5888','21','四星酒店','400-1102-818','[\"http://sendevimg.oss-cn-zhangjiakou.aliyuncs.com/upload/user_web/1505733933微信图片_20170918192522.png\"]'),
	(32,'6888','3888','26','五星酒店','400-1102-818','[\"http://sendevimg.oss-cn-zhangjiakou.aliyuncs.com/upload/user_web/15057344130.png\"]'),
	(33,'10888','16888','60','五星酒店','400-1102-818','[\"http://sendevimg.oss-cn-zhangjiakou.aliyuncs.com/upload/user_web/1505735741微信图片_20170918195501.jpg\"]'),
	(34,'4688','7288','26','五星酒店','400-1102-818','[\"http://sendevimg.oss-cn-zhangjiakou.aliyuncs.com/upload/user_web/1505736541证大.jpg\"]'),
	(35,'8888','12888','15','五星酒店','400-1102-818','[\"http://sendevimg.oss-cn-zhangjiakou.aliyuncs.com/upload/user_web/1505737282微信图片_20170918202104.jpg\"]'),
	(36,'3588','5688','28','四星酒店','400-1102-818','[\"http://sendevimg.oss-cn-zhangjiakou.aliyuncs.com/upload/user_web/1505737987微信图片_20170918203248.jpg\"]'),
	(37,'4088','6088','35','四星酒店','400-1102-818','[\"http://sendevimg.oss-cn-zhangjiakou.aliyuncs.com/upload/user_web/1505738833通.jpg\"]'),
	(38,'3199','4899','80','四星酒店','400-1102-818','[\"http://sendevimg.oss-cn-zhangjiakou.aliyuncs.com/upload/user_web/1505739226纱4.jpg\"]'),
	(39,'5288','6888','17','五星酒店','400-1102-818','[\"http://sendevimg.oss-cn-zhangjiakou.aliyuncs.com/upload/user_web/1505739765花1.jpg\"]'),
	(40,'5288','6888','17','五星酒店','400-1102-818','[\"http://sendevimg.oss-cn-zhangjiakou.aliyuncs.com/upload/user_web/1506145409微信图片_20170923134427.png\"]'),
	(125,'3888','4888','15','五星酒店','400-1102-818','[\"http://sendevimg.oss-cn-zhangjiakou.aliyuncs.com/upload/user_web/1506063742微信图片_20170922150319.png\"]'),
	(41,'2888','4888','35','五星酒店','400-1102-818','[\"http://sendevimg.oss-cn-zhangjiakou.aliyuncs.com/upload/user_web/150606349320141104153232698.jpg\"]'),
	(42,'5999','12999','40','五星酒店','400-1102-818','[\"http://sendevimg.oss-cn-zhangjiakou.aliyuncs.com/upload/user_web/1506145368微信图片_20170923134346.png\"]'),
	(45,'3888','5688','12','四星酒店','400-1102-818','[\"http://sendevimg.oss-cn-zhangjiakou.aliyuncs.com/upload/user_web/1505963487微信图片_20170921111207.png\"]'),
	(43,'4800','6580','35','四星酒店','400-1102-818','[\"http://sendevimg.oss-cn-zhangjiakou.aliyuncs.com/upload/user_web/1505964628微信图片_20170921113115.png\"]'),
	(46,'4288','6888','10','四星酒店','400-1102-818','[\"http://sendevimg.oss-cn-zhangjiakou.aliyuncs.com/upload/user_web/1505965143微信图片_20170921114001.png\"]'),
	(47,'5888','6688','30','五星酒店','400-1102-818','[\"http://sendevimg.oss-cn-zhangjiakou.aliyuncs.com/upload/user_web/1505965851微信图片_20170921115147.png\"]'),
	(48,'6888','8388','30','五星酒店','400-1102-818','[\"http://sendevimg.oss-cn-zhangjiakou.aliyuncs.com/upload/user_web/1505966671微信图片_20170921120122.png\"]'),
	(49,'5888','10888','75','五星酒店','400-1102-818','[\"http://sendevimg.oss-cn-zhangjiakou.aliyuncs.com/upload/user_web/1505966836微信图片_20170921120815.png\"]'),
	(50,'2588','3288','30','四星酒店','400-1102-818','[\"http://sendevimg.oss-cn-zhangjiakou.aliyuncs.com/upload/user_web/1505971367微信图片_20170921132340.png\"]'),
	(51,'4388','6888','20','四星酒店','400-1102-818','[\"http://sendevimg.oss-cn-zhangjiakou.aliyuncs.com/upload/user_web/1505971841微信图片_20170921133143.jpg\"]'),
	(52,'4688','5088','40','四星酒店','400-1102-818','[\"http://sendevimg.oss-cn-zhangjiakou.aliyuncs.com/upload/user_web/1505972884微信图片_20170921134904.png\"]'),
	(53,'5688','8888','23','五星酒店','400-1102-818','[\"http://sendevimg.oss-cn-zhangjiakou.aliyuncs.com/upload/user_web/1505973287微信图片_20170921135220.png\"]'),
	(54,'3688','5088','27','四星酒店','400-1102-818','[\"http://sendevimg.oss-cn-zhangjiakou.aliyuncs.com/upload/user_web/1505974433微信图片_20170921141443.png\"]'),
	(55,'2288','4588','18','五星酒店','400-1102-818','[\"http://sendevimg.oss-cn-zhangjiakou.aliyuncs.com/upload/user_web/1505975066微信图片_20170921142518.png\"]'),
	(56,'3880','5280','20','五星酒店','400-1102-818','[\"http://sendevimg.oss-cn-zhangjiakou.aliyuncs.com/upload/user_web/1505975923微信图片_20170921143600.png\"]'),
	(57,'3988','8388','36','四星酒店','400-1102-818','[\"http://sendevimg.oss-cn-zhangjiakou.aliyuncs.com/upload/user_web/1505976164微信图片_20170921144348.jpg\"]'),
	(58,'4688','8888','25','五星酒店','400-1102-818','[\"http://sendevimg.oss-cn-zhangjiakou.aliyuncs.com/upload/user_web/1505976589微信图片_20170921145053.jpg\"]'),
	(59,'3888','6288','25','五星酒店','400-1102-818','[\"http://sendevimg.oss-cn-zhangjiakou.aliyuncs.com/upload/user_web/1505977195微信图片_20170921150059.jpg\"]'),
	(60,'9999','16999','10','五星酒店','400-1102-818','[\"http://sendevimg.oss-cn-zhangjiakou.aliyuncs.com/upload/user_web/1505977788微信图片_20170921151053.jpg\"]'),
	(61,'3880','8880','24','四星酒店','400-1102-818','[\"http://sendevimg.oss-cn-zhangjiakou.aliyuncs.com/upload/user_web/1505978282微信图片_20170921151907.jpg\"]'),
	(62,'4980','8380','25','五星酒店','4001102818','[\"http://sendevimg.oss-cn-zhangjiakou.aliyuncs.com/upload/user_web/1505979600微信图片_20170921154053.png\"]'),
	(63,'2988','5888','20','四星酒店','400-1102-818','[\"http://sendevimg.oss-cn-zhangjiakou.aliyuncs.com/upload/user_web/1505980388微信图片_20170921154855.png\"]'),
	(64,'6888','9888','45','五星酒店','400-1102-818','[\"http://sendevimg.oss-cn-zhangjiakou.aliyuncs.com/upload/user_web/1505980994微信图片_20170921160257.png\"]'),
	(65,'4988','9988','18','五星酒店','400-1102-818','[\"http://sendevimg.oss-cn-zhangjiakou.aliyuncs.com/upload/user_web/1505981487微信图片_20170921161102.png\"]'),
	(66,'4288','5680','35','四星酒店','400-1102-818','[\"http://sendevimg.oss-cn-zhangjiakou.aliyuncs.com/upload/user_web/1505982007微信图片_20170921161948.png\"]'),
	(67,'5888','9388','33','五星酒店','400-1102-818','[\"http://sendevimg.oss-cn-zhangjiakou.aliyuncs.com/upload/user_web/1505982403微信图片_20170921151907.jpg\"]'),
	(68,'4388','7588','14','五星酒店','400-1102-818','[\"http://sendevimg.oss-cn-zhangjiakou.aliyuncs.com/upload/user_web/1505982816微信图片_20170921163320.png\"]'),
	(69,'6388','8888','28','四星酒店','400-1102-818','[\"http://sendevimg.oss-cn-zhangjiakou.aliyuncs.com/upload/user_web/1505983426微信图片_20170921164219.png\"]'),
	(70,'1288','8299','30','四星酒店','400-1102-818','[\"http://sendevimg.oss-cn-zhangjiakou.aliyuncs.com/upload/user_web/1505984024微信图片_20170921165441.png\"]'),
	(71,'5888','10888','60','五星酒店','400-1102-818','[\"http://sendevimg.oss-cn-zhangjiakou.aliyuncs.com/upload/user_web/1505984532微信图片_20170921170311.png\"]'),
	(72,'5999','11118','85','五星酒店','400-1102-818','[\"http://sendevimg.oss-cn-zhangjiakou.aliyuncs.com/upload/user_web/1505985146微信图片_20170921171003.png\"]'),
	(73,'2888','4588','18','五星酒店','400-1102-818','[\"http://sendevimg.oss-cn-zhangjiakou.aliyuncs.com/upload/user_web/1505985585微信图片_20170921171950.png\"]'),
	(74,'6888','9888','32','五星酒店','400-1102-818','[\"http://sendevimg.oss-cn-zhangjiakou.aliyuncs.com/upload/user_web/1505986091微信图片_20170921172915.jpg\"]'),
	(75,'4288','5888','50','四星酒店','400-1102-818','[\"http://sendevimg.oss-cn-zhangjiakou.aliyuncs.com/upload/user_web/1505986461微信图片_20170921173347.jpg\"]'),
	(76,'3888','5688','45','五星酒店','400-1102-818','[\"http://sendevimg.oss-cn-zhangjiakou.aliyuncs.com/upload/user_web/1505986916微信图片_20170921174259.jpg\"]'),
	(77,'4688','6688','20','四星酒店','4001102818','[\"http://sendevimg.oss-cn-zhangjiakou.aliyuncs.com/upload/user_web/1505987686微信图片_20170921175546.jpg\"]'),
	(78,'2988','4988','20','五星酒店','400-1102-818','[\"http://sendevimg.oss-cn-zhangjiakou.aliyuncs.com/upload/user_web/1505988881微信图片_20170921181545.jpg\"]'),
	(79,'2888','4888','25','特色餐厅','400-1102-818','[\"http://sendevimg.oss-cn-zhangjiakou.aliyuncs.com/upload/user_web/1505989177微信图片_20170921182041.jpg\"]'),
	(80,'4888','6888','17','特色餐厅','400-1102-818','[\"http://sendevimg.oss-cn-zhangjiakou.aliyuncs.com/upload/user_web/1505989830微信图片_20170921183056.jpg\"]'),
	(81,'6868','8968','30','四星酒店','400-1102-818','[\"http://sendevimg.oss-cn-zhangjiakou.aliyuncs.com/upload/user_web/1505990747微信图片_20170921184458.png\"]'),
	(82,'4688','8888','50','五星酒店','400-1102-818','[\"http://sendevimg.oss-cn-zhangjiakou.aliyuncs.com/upload/user_web/1505991559微信图片_20170921185344.png\"]'),
	(83,'38888','6588','30','四星酒店','400-1102-818','[\"http://sendevimg.oss-cn-zhangjiakou.aliyuncs.com/upload/user_web/1505992140微信图片_20170921190618.png\"]'),
	(84,'7888','98888','27','五星酒店','400-1102-818','[\"http://sendevimg.oss-cn-zhangjiakou.aliyuncs.com/upload/user_web/1505992519微信图片_20170921191459.png\"]'),
	(85,'9288','15888','32','五星酒店','400-1102-818','[\"http://sendevimg.oss-cn-zhangjiakou.aliyuncs.com/upload/user_web/1505992923微信图片_20170921192120.png\"]'),
	(86,'9888','18888','28','五星酒店','400-1102-818','[\"http://sendevimg.oss-cn-zhangjiakou.aliyuncs.com/upload/user_web/1505993312微信图片_20170921192834.png\"]'),
	(87,'4688','7588','25','四星酒店','400-1102-818','[\"http://sendevimg.oss-cn-zhangjiakou.aliyuncs.com/upload/user_web/1505993693微信图片_20170921193307.png\"]'),
	(88,'3088','4888','16','四星酒店','400-1102-818','[\"http://sendevimg.oss-cn-zhangjiakou.aliyuncs.com/upload/user_web/1505994003微信图片_20170921193959.png\",\"http://sendevimg.oss-cn-zhangjiakou.aliyuncs.com/upload/user_web/1505994013微信图片_20170921193954.png\"]'),
	(89,'3288','5588','26','四星酒店','400-1102-818','[\"http://sendevimg.oss-cn-zhangjiakou.aliyuncs.com/upload/user_web/1505994370微信图片_20170921194519.png\"]'),
	(90,'6988','12888','32','五星酒店','400-1102-818','[\"http://sendevimg.oss-cn-zhangjiakou.aliyuncs.com/upload/user_web/1505994839微信图片_20170921195501.jpg\"]'),
	(91,'3588','6988','45','特色餐厅','400-1102-818','[\"http://sendevimg.oss-cn-zhangjiakou.aliyuncs.com/upload/user_web/1505995237微信图片_20170921200142.jpg\"]'),
	(92,'3888','4988','18','特色餐厅','400-1102-818','[\"http://sendevimg.oss-cn-zhangjiakou.aliyuncs.com/upload/user_web/1505996127微信图片_20170921201630.jpg\"]'),
	(93,'4588','6388','25','特色餐厅','400-1102-818','[\"http://sendevimg.oss-cn-zhangjiakou.aliyuncs.com/upload/user_web/1505996461微信图片_20170921202152.jpg\"]'),
	(94,'3388','6388','15','四星酒店','400-1102-818','[\"http://sendevimg.oss-cn-zhangjiakou.aliyuncs.com/upload/user_web/1505996868微信图片_20170921202851.jpg\"]'),
	(95,'3988','6888','13','特色餐厅','400-1102-818','[\"http://sendevimg.oss-cn-zhangjiakou.aliyuncs.com/upload/user_web/1505997557微信图片_20170921204020.jpg\"]'),
	(96,'6288','9388','30','五星酒店','400-1102-818','[\"http://sendevimg.oss-cn-zhangjiakou.aliyuncs.com/upload/user_web/1505999308微信图片_20170921210930.jpg\"]'),
	(97,'2688','3988','30','特色餐厅','400-1102-818','[\"http://sendevimg.oss-cn-zhangjiakou.aliyuncs.com/upload/user_web/1505999698微信图片_20170921211603.jpg\"]'),
	(98,'3588','5588','30','四星酒店','400-1102-818','[\"http://sendevimg.oss-cn-zhangjiakou.aliyuncs.com/upload/user_web/1506048302rKZc9i.jpg\"]'),
	(99,'3388','6988','30','四星酒店','400-1102-818','[\"http://sendevimg.oss-cn-zhangjiakou.aliyuncs.com/upload/user_web/1506049087微信图片_20170922105900.jpg\"]'),
	(100,'2588','4288','14','五星酒店','400-1102-818','[\"http://sendevimg.oss-cn-zhangjiakou.aliyuncs.com/upload/user_web/1506049766微信图片_20170922111025.jpg\"]'),
	(102,'3888','10099','40','特色餐厅','400-1102-818','[\"http://sendevimg.oss-cn-zhangjiakou.aliyuncs.com/upload/user_web/1506051250微信图片_20170922113059.jpg\"]'),
	(103,'5688','8188','40','四星酒店','400-1102-818','[\"http://sendevimg.oss-cn-zhangjiakou.aliyuncs.com/upload/user_web/1506052120微信图片_20170922114941.jpg\"]'),
	(104,'5999','9999','28','特色餐厅','400-1102-818','[\"http://sendevimg.oss-cn-zhangjiakou.aliyuncs.com/upload/user_web/1506052968微信图片_20170922120328.jpg\"]'),
	(101,'5288','5988','25','四星酒店','400-1102-818','[\"http://sendevimg.oss-cn-zhangjiakou.aliyuncs.com/upload/user_web/1506054363微信图片_20170922122633.png\"]'),
	(105,'2988','4588','23','五星酒店','400-1102-818','[\"http://sendevimg.oss-cn-zhangjiakou.aliyuncs.com/upload/user_web/1506054749微信图片_20170922123308.png\"]'),
	(106,'2988','4888','30','四星酒店','400-1102-818','[\"http://sendevimg.oss-cn-zhangjiakou.aliyuncs.com/upload/user_web/1506055171微信图片_20170922124135.png\"]'),
	(107,'2888','4188','18','五星酒店','400-1102-818','[\"http://sendevimg.oss-cn-zhangjiakou.aliyuncs.com/upload/user_web/1506055909微信图片_20170922125153.png\"]'),
	(108,'2988','3788','25','四星酒店','400-1102-818','[\"http://sendevimg.oss-cn-zhangjiakou.aliyuncs.com/upload/user_web/1506056219微信图片_20170922125735.png\"]'),
	(109,'3588','3888','39','特色餐厅','400-1102-818','[\"http://sendevimg.oss-cn-zhangjiakou.aliyuncs.com/upload/user_web/1506056842微信图片_20170922130351.png\"]'),
	(110,'6988','8888','30','五星酒店','18321177032','[\"http://sendevimg.oss-cn-zhangjiakou.aliyuncs.com/upload/user_web/1506057346微信图片_20170922131401.png\"]'),
	(111,'3988','7588','20','五星酒店','400-1102-818','[\"http://sendevimg.oss-cn-zhangjiakou.aliyuncs.com/upload/user_web/1506057926微信图片_20170922132354.png\"]'),
	(112,'2988','5688','22','五星酒店','400-1102-818','[\"http://sendevimg.oss-cn-zhangjiakou.aliyuncs.com/upload/user_web/1506058477微信图片_20170922133315.png\"]'),
	(113,'1788','5988','50','特色餐厅','400-1102-818','[\"http://sendevimg.oss-cn-zhangjiakou.aliyuncs.com/upload/user_web/1506058896微信图片_20170922134121.png\"]'),
	(114,'5688','7288','36','五星酒店','18321177032','[\"http://sendevimg.oss-cn-zhangjiakou.aliyuncs.com/upload/user_web/1506059257微信图片_20170922134752.png\"]'),
	(115,'4888','8888','50','四星酒店','400-1102-818','[\"http://sendevimg.oss-cn-zhangjiakou.aliyuncs.com/upload/user_web/1506059592微信图片_20170922135346.png\"]'),
	(116,'5888','7888','20','特色餐厅','400-1102-818','[\"http://sendevimg.oss-cn-zhangjiakou.aliyuncs.com/upload/user_web/1506059831微信图片_20170922135803.png\"]'),
	(117,'6888','10888','25','特色餐厅','400-1102-818','[\"http://sendevimg.oss-cn-zhangjiakou.aliyuncs.com/upload/user_web/1506060197微信图片_20170922140415.png\"]'),
	(119,'5288','8888','26','五星酒店','400-1102-818','[\"http://sendevimg.oss-cn-zhangjiakou.aliyuncs.com/upload/user_web/1506061035微信图片_20170922141724.png\"]'),
	(120,'3988','6988','18','四星酒店','400-110-2818','[\"http://sendevimg.oss-cn-zhangjiakou.aliyuncs.com/upload/user_web/1506061502微信图片_20170922142559.png\"]'),
	(121,'2888','5388','26','四星酒店','400-1102-818','[\"http://sendevimg.oss-cn-zhangjiakou.aliyuncs.com/upload/user_web/1506061973微信图片_20170922143348.png\"]'),
	(122,'2988','6288','22','四星酒店','400-1102-818','[\"http://sendevimg.oss-cn-zhangjiakou.aliyuncs.com/upload/user_web/1506062552微信图片_20170922144326.png\"]'),
	(123,'1999','6199','18','五星酒店','400-1102-818','[\"http://sendevimg.oss-cn-zhangjiakou.aliyuncs.com/upload/user_web/1506062958微信图片_20170922145016.png\"]'),
	(124,'3588','4088','25','五星酒店','400-1102-818','[\"http://sendevimg.oss-cn-zhangjiakou.aliyuncs.com/upload/user_web/1506063394微信图片_20170922145730.png\"]'),
	(126,'1888','5888','30','四星酒店','400-1102-818','[\"http://sendevimg.oss-cn-zhangjiakou.aliyuncs.com/upload/user_web/1506064442微信图片_20170922151426.png\"]'),
	(127,'3388','4888','32','四星酒店','400-1102-818','[\"http://sendevimg.oss-cn-zhangjiakou.aliyuncs.com/upload/user_web/1506064797微信图片_20170922152052.png\"]'),
	(128,'4188','6688','25','五星酒店','4001102818','[\"http://sendevimg.oss-cn-zhangjiakou.aliyuncs.com/upload/user_web/1506065133微信图片_20170922152549.png\"]'),
	(129,'6988','12888','45','五星酒店','400-1102-818','[\"http://sendevimg.oss-cn-zhangjiakou.aliyuncs.com/upload/user_web/1506065473微信图片_20170922153211.png\"]'),
	(130,'5888','7888','32','四星酒店','400-1102-818','[\"http://sendevimg.oss-cn-zhangjiakou.aliyuncs.com/upload/user_web/1506066540微信图片_20170922154936.png\"]'),
	(131,'4888','6088','36','五星酒店','400-110-2818','[\"http://sendevimg.oss-cn-zhangjiakou.aliyuncs.com/upload/user_web/1506066965微信图片_20170922155650.png\"]'),
	(132,'4888','8888','55','五星酒店','400-1102-818','[\"http://sendevimg.oss-cn-zhangjiakou.aliyuncs.com/upload/user_web/1506067812微信图片_20170922161109.png\"]'),
	(133,'3888','4888','20','四星酒店','4001102818','[\"http://sendevimg.oss-cn-zhangjiakou.aliyuncs.com/upload/user_web/1506068549微信图片_20170922162148.png\"]'),
	(134,'2980','4860','40','四星酒店','400-1102-818','[\"http://sendevimg.oss-cn-zhangjiakou.aliyuncs.com/upload/user_web/1506068902微信图片_20170922162715.png\"]'),
	(135,'4688','6688','40','五星酒店','400-1102-818','[\"http://sendevimg.oss-cn-zhangjiakou.aliyuncs.com/upload/user_web/1506069415微信图片_20170922163631.png\"]'),
	(136,'1988','4688','30','四星酒店','400-1102-818','[\"http://sendevimg.oss-cn-zhangjiakou.aliyuncs.com/upload/user_web/1506069622微信图片_20170922164118.png\"]'),
	(137,'6688','8888','100','五星酒店','400-1102-818','[\"http://sendevimg.oss-cn-zhangjiakou.aliyuncs.com/upload/user_web/1506069984微信图片_20170922164708.png\"]'),
	(138,'2888','5688','60','四星酒店','400-1102-818','[\"http://sendevimg.oss-cn-zhangjiakou.aliyuncs.com/upload/user_web/1506070584微信图片_20170922165701.png\"]'),
	(139,'5888','10888','70','五星酒店','400-1102-818','[\"http://sendevimg.oss-cn-zhangjiakou.aliyuncs.com/upload/user_web/1506071068微信图片_20170922170522.png\"]'),
	(140,'2999','5999','30','特色餐厅','400-1102-818','[\"http://sendevimg.oss-cn-zhangjiakou.aliyuncs.com/upload/user_web/1506072664微信图片_20170922173144.png\"]'),
	(141,'3388','4388','50','五星酒店','400-110-2818','[\"http://sendevimg.oss-cn-zhangjiakou.aliyuncs.com/upload/user_web/1506073046微信图片_20170922173812.png\"]'),
	(142,'3988','10988','43','四星酒店','400-1102-818','[\"http://sendevimg.oss-cn-zhangjiakou.aliyuncs.com/upload/user_web/1506073499微信图片_20170922174556.png\"]'),
	(143,'4888','7388','93','特色餐厅','400-110-2818','[\"http://sendevimg.oss-cn-zhangjiakou.aliyuncs.com/upload/user_web/1506074129微信图片_20170922175609.png\"]'),
	(144,'2388','5388','40','四星酒店','400-1102-818','[\"http://sendevimg.oss-cn-zhangjiakou.aliyuncs.com/upload/user_web/1506074995微信图片_20170922181002.png\"]'),
	(145,'4888','6588','38','五星酒店','400-1102-818','[\"http://sendevimg.oss-cn-zhangjiakou.aliyuncs.com/upload/user_web/1506075599微信图片_20170922182051.png\"]'),
	(146,'3960','10780','45','特色餐厅','400-1102-818','[\"http://sendevimg.oss-cn-zhangjiakou.aliyuncs.com/upload/user_web/1506076021微信图片_20170922182750.png\"]'),
	(147,'4688','6888','51','五星酒店','400-110-2818','[\"http://sendevimg.oss-cn-zhangjiakou.aliyuncs.com/upload/user_web/1506076514微信图片_20170922183611.png\"]'),
	(148,'2088','4288','30','特色餐厅','400-1102-818','[\"http://sendevimg.oss-cn-zhangjiakou.aliyuncs.com/upload/user_web/1506076864微信图片_20170922184153.png\"]'),
	(149,'38888','6888','35','五星酒店','400-1102-818','[\"http://sendevimg.oss-cn-zhangjiakou.aliyuncs.com/upload/user_web/1506077187微信图片_20170922184724.png\"]'),
	(150,'2988','4988','36','五星酒店','400-1102-818','[\"http://sendevimg.oss-cn-zhangjiakou.aliyuncs.com/upload/user_web/1506077477微信图片_20170922185205.png\"]'),
	(151,'3766','8888','35','五星酒店','400-1102-818','[\"http://sendevimg.oss-cn-zhangjiakou.aliyuncs.com/upload/user_web/1506077898微信图片_20170922185907.png\"]'),
	(152,'4088','8880','28','五星酒店','400-1102-818','[\"http://sendevimg.oss-cn-zhangjiakou.aliyuncs.com/upload/user_web/1506078835微信图片_20170922191411.png\"]'),
	(153,'3800','5500','28','五星酒店','400-1102-818','[\"http://sendevimg.oss-cn-zhangjiakou.aliyuncs.com/upload/user_web/1506079411微信图片_20170922192204.png\",\"http://sendevimg.oss-cn-zhangjiakou.aliyuncs.com/upload/user_web/1506079422微信图片_20170922192211.png\",\"http://sendevimg.oss-cn-zhangjiakou.aliyuncs.com/upload/user_web/1506079436微信图片_20170922192215.png\"]'),
	(154,'2988','5988','12','五星酒店','400-1102-818','[\"http://sendevimg.oss-cn-zhangjiakou.aliyuncs.com/upload/user_web/1506079754微信图片_20170922193005.png\"]'),
	(155,'3288','5288','60','五星酒店','4001102818','[\"http://sendevimg.oss-cn-zhangjiakou.aliyuncs.com/upload/user_web/1506080257微信图片_20170922193750.png\"]'),
	(156,'3999','5299','35','五星酒店','4001102818','[\"http://sendevimg.oss-cn-zhangjiakou.aliyuncs.com/upload/user_web/1506080762微信图片_20170922194626.png\"]'),
	(157,'2999','3999','20','五星酒店','400-1102-818','[\"http://sendevimg.oss-cn-zhangjiakou.aliyuncs.com/upload/user_web/1506081222微信图片_20170922195412.png\"]'),
	(158,'2588','4888','35','五星酒店','400-1102-818','[\"http://sendevimg.oss-cn-zhangjiakou.aliyuncs.com/upload/user_web/1506082091微信图片_20170922200736.png\"]'),
	(159,'1680','3980','50','特色餐厅','400-1102-818','[\"http://sendevimg.oss-cn-zhangjiakou.aliyuncs.com/upload/user_web/1506082647微信图片_20170922201811.png\"]'),
	(160,'1418','2518','16','特色餐厅','400-1102-818','[\"http://sendevimg.oss-cn-zhangjiakou.aliyuncs.com/upload/user_web/1506083083微信图片_20170922202533.png\"]'),
	(161,'3999','13888','45','五星酒店','400-1102-818','[\"http://sendevimg.oss-cn-zhangjiakou.aliyuncs.com/upload/user_web/1506083648微信图片_20170922203444.png\"]'),
	(162,'5888','13388','50','五星酒店','400-1102-818','[\"http://sendevimg.oss-cn-zhangjiakou.aliyuncs.com/upload/user_web/1506084078微信图片_20170922204204.png\"]'),
	(163,'3888','5288','16','特色餐厅','400-1102-818','[\"http://sendevimg.oss-cn-zhangjiakou.aliyuncs.com/upload/user_web/1506084385微信图片_20170922204714.png\"]'),
	(164,'4588','9588','24','五星酒店','400-1102-818','[\"http://sendevimg.oss-cn-zhangjiakou.aliyuncs.com/upload/user_web/1506084642微信图片_20170922205111.png\"]'),
	(165,'5888','7888','24','五星酒店','400-1102-818','[\"http://sendevimg.oss-cn-zhangjiakou.aliyuncs.com/upload/user_web/1506084881微信图片_20170922205523.png\"]'),
	(166,'10999','18999','60','五星酒店','400-1102-818','[\"http://sendevimg.oss-cn-zhangjiakou.aliyuncs.com/upload/user_web/1506085214微信图片_20170922210113.png\"]'),
	(167,'5888','8888','30','特色餐厅','400-1102-818','[\"http://sendevimg.oss-cn-zhangjiakou.aliyuncs.com/upload/user_web/1506085578微信图片_20170922210708.png\"]'),
	(168,'3988','6688','20','四星酒店','400-1102-818','[\"http://sendevimg.oss-cn-zhangjiakou.aliyuncs.com/upload/user_web/1506085883微信图片_20170922211214.png\"]'),
	(169,'5988','8888','80','特色餐厅','400-1102-818','[\"http://sendevimg.oss-cn-zhangjiakou.aliyuncs.com/upload/user_web/1506086501微信图片_20170922212144.png\"]'),
	(170,'6688','8688','42','五星酒店','400-1102-818','[\"http://sendevimg.oss-cn-zhangjiakou.aliyuncs.com/upload/user_web/1506087152微信图片_20170922213301.png\"]'),
	(171,'6888','11888','42','五星酒店','400-1102-818','[\"http://sendevimg.oss-cn-zhangjiakou.aliyuncs.com/upload/user_web/1506087537微信图片_20170922213935.png\"]'),
	(172,'6288','9288','60','五星酒店','400-1102-818','[\"http://sendevimg.oss-cn-zhangjiakou.aliyuncs.com/upload/user_web/1506088011微信图片_20170922214714.jpg\"]'),
	(173,'4588','6088','12','四星酒店','400-1102-818','[\"http://sendevimg.oss-cn-zhangjiakou.aliyuncs.com/upload/user_web/1506088501微信图片_20170922215543.png\"]'),
	(174,'5999','8999','60','特色餐厅','400-110-2818','[\"http://sendevimg.oss-cn-zhangjiakou.aliyuncs.com/upload/user_web/1506133573微信图片_20170923102707.png\"]'),
	(175,'7888','13588','50','五星酒店','400-1102-818','[\"http://sendevimg.oss-cn-zhangjiakou.aliyuncs.com/upload/user_web/1506134102微信图片_20170923103604.png\"]'),
	(176,'4988','7388','32','五星酒店','400-110-2818','[\"http://sendevimg.oss-cn-zhangjiakou.aliyuncs.com/upload/user_web/1506134984微信图片_20170923105020.png\"]'),
	(177,'4888','9999','40','四星酒店','400-1100-2818','[\"http://sendevimg.oss-cn-zhangjiakou.aliyuncs.com/upload/user_web/1506136108微信图片_20170923110859.png\"]'),
	(178,'4888','8888','30','特色餐厅','400-110-2818','[\"http://sendevimg.oss-cn-zhangjiakou.aliyuncs.com/upload/user_web/1506136903微信图片_20170923112141.png\"]'),
	(179,'5888','10888','60','五星酒店','400-110-2818','[\"http://sendevimg.oss-cn-zhangjiakou.aliyuncs.com/upload/user_web/1506137617微信图片_20170923113413.png\"]'),
	(180,'3044','5988','35','五星酒店','400-110-2818','[\"http://sendevimg.oss-cn-zhangjiakou.aliyuncs.com/upload/user_web/1506138017微信图片_20170923114110.png\"]'),
	(181,'3588','4588','15','四星酒店','400-110-2818','[\"http://sendevimg.oss-cn-zhangjiakou.aliyuncs.com/upload/user_web/1506138385微信图片_20170923114717.jpg\"]'),
	(182,'2888','4288','20','五星酒店','400-110-2818','[\"http://sendevimg.oss-cn-zhangjiakou.aliyuncs.com/upload/user_web/1506139172微信图片_20170923115958.png\"]'),
	(183,'3988','5688','23','五星酒店','400-110-2818','[\"http://sendevimg.oss-cn-zhangjiakou.aliyuncs.com/upload/user_web/1506139512微信图片_20170923120445.png\"]'),
	(184,'3388','4688','15','四星酒店','183-2117-7032','[\"http://sendevimg.oss-cn-zhangjiakou.aliyuncs.com/upload/user_web/1506139838微信图片_20170923121132.png\"]'),
	(185,'3988','5288','30','四星酒店','400-110-2818','[\"http://sendevimg.oss-cn-zhangjiakou.aliyuncs.com/upload/user_web/1506140187微信图片_20170923121656.png\"]'),
	(186,'3666','5366','18','四星酒店','400-110-2818','[\"http://sendevimg.oss-cn-zhangjiakou.aliyuncs.com/upload/user_web/1506140692微信图片_20170923122535.png\"]'),
	(187,'3588','5288','30','五星酒店','400-110-2818','[\"http://sendevimg.oss-cn-zhangjiakou.aliyuncs.com/upload/user_web/1506140935微信图片_20170923122949.png\"]'),
	(188,'3088','5588','25','四星酒店','400-110-2818','[\"http://sendevimg.oss-cn-zhangjiakou.aliyuncs.com/upload/user_web/1506141312微信图片_20170923123413.png\"]'),
	(189,'3088','3588','33','四星酒店','400-110-2818','[\"http://sendevimg.oss-cn-zhangjiakou.aliyuncs.com/upload/user_web/1506141701微信图片_20170923124240.png\"]'),
	(190,'3666','5366','18','四星酒店','400-110-2818','[\"http://sendevimg.oss-cn-zhangjiakou.aliyuncs.com/upload/user_web/1506141997微信图片_20170923124722.png\"]'),
	(191,'3288','6688','50','四星酒店','400-110-2818','[\"http://sendevimg.oss-cn-zhangjiakou.aliyuncs.com/upload/user_web/1506142504微信图片_20170923125558.png\"]'),
	(192,'3988','6888','35','五星酒店','400-1102-818','[\"http://sendevimg.oss-cn-zhangjiakou.aliyuncs.com/upload/user_web/1506142999微信图片_20170923130354.png\"]'),
	(193,'4588','8888','66','五星酒店','400-1102-818','[\"http://sendevimg.oss-cn-zhangjiakou.aliyuncs.com/upload/user_web/1506143391微信图片_20170923131001.png\"]'),
	(194,'3988','6888','18','特色餐厅','400-1102-818','[\"http://sendevimg.oss-cn-zhangjiakou.aliyuncs.com/upload/user_web/1506144145微信图片_20170923132316.png\"]'),
	(195,'4888','6888','38','五星酒店','400-110-2818','[\"http://sendevimg.oss-cn-zhangjiakou.aliyuncs.com/upload/user_web/1506144477微信图片_20170923132851.png\"]'),
	(196,'2988','5888','60','五星酒店','400-110-2818','[\"http://sendevimg.oss-cn-zhangjiakou.aliyuncs.com/upload/user_web/1506146074微信图片_20170923135510.png\"]'),
	(197,'3988','5688','38','五星酒店','400-110-2818','[\"http://sendevimg.oss-cn-zhangjiakou.aliyuncs.com/upload/user_web/1506146401微信图片_20170923140051.png\"]'),
	(198,'2488','4888','45','五星酒店','400-110-2818','[\"http://sendevimg.oss-cn-zhangjiakou.aliyuncs.com/upload/user_web/1506146896微信图片_20170923140911.png\"]'),
	(199,'3988','6588','50','四星酒店','400-110-2818','[\"http://sendevimg.oss-cn-zhangjiakou.aliyuncs.com/upload/user_web/1506147503微信图片_20170923141745.png\"]'),
	(200,'2588','7288','22','五星酒店','400-110-2818','[\"http://sendevimg.oss-cn-zhangjiakou.aliyuncs.com/upload/user_web/1506147846微信图片_20170923142236.png\"]'),
	(201,'2888','8888','70','五星酒店','400-110-2818','[\"http://sendevimg.oss-cn-zhangjiakou.aliyuncs.com/upload/user_web/1506148206微信图片_20170923142908.png\"]'),
	(202,'2988','4588','60','五星酒店','400-110-2818','[\"http://sendevimg.oss-cn-zhangjiakou.aliyuncs.com/upload/user_web/1506148489微信图片_20170923143538.png\"]'),
	(203,'5588','8588','26','五星酒店','400-110-2818','[\"http://sendevimg.oss-cn-zhangjiakou.aliyuncs.com/upload/user_web/1506148812微信图片_20170923144105.png\"]'),
	(204,'4088','6288','25','五星酒店','400-110-2818','[\"http://sendevimg.oss-cn-zhangjiakou.aliyuncs.com/upload/user_web/1506149277微信图片_20170923144855.png\"]'),
	(205,'3988','8888','45','五星酒店','400-110-2818','[\"http://sendevimg.oss-cn-zhangjiakou.aliyuncs.com/upload/user_web/1506149734微信图片_20170923145613.png\"]'),
	(206,'4280','7280','23','特色餐厅','400-110-2818','[\"http://sendevimg.oss-cn-zhangjiakou.aliyuncs.com/upload/user_web/1506150345微信图片_20170923150637.png\"]'),
	(207,'3088','4588','12','特色餐厅','400-110-2818','[\"http://sendevimg.oss-cn-zhangjiakou.aliyuncs.com/upload/user_web/1506150770微信图片_20170923151300.png\"]'),
	(208,'5888','8888','12','特色餐厅','400-110-2818','[\"http://sendevimg.oss-cn-zhangjiakou.aliyuncs.com/upload/user_web/1506151292微信图片_20170923152220.png\"]'),
	(209,'6388','8888','28','特色餐厅','400-110-2818','[\"http://sendevimg.oss-cn-zhangjiakou.aliyuncs.com/upload/user_web/1506151771微信图片_20170923153030.png\"]'),
	(210,'3288','4588','39','特色餐厅','400-110-2818','[\"http://sendevimg.oss-cn-zhangjiakou.aliyuncs.com/upload/user_web/1506153047微信图片_20170923154730.png\"]'),
	(211,'2988','3988','14','特色餐厅','400-110-2818','[\"http://sendevimg.oss-cn-zhangjiakou.aliyuncs.com/upload/user_web/1506153323微信图片_20170923155622.png\"]'),
	(212,'3588','7288','30','特色餐厅','400-110-2818','[\"http://sendevimg.oss-cn-zhangjiakou.aliyuncs.com/upload/user_web/1506153566微信图片_20170923160014.png\"]'),
	(213,'3288','6888','6','特色餐厅','400-110-2818','[\"http://sendevimg.oss-cn-zhangjiakou.aliyuncs.com/upload/user_web/1506154049微信图片_20170923160823.png\"]'),
	(214,'5888','6888','35','五星酒店','400-110-2818','[\"http://sendevimg.oss-cn-zhangjiakou.aliyuncs.com/upload/user_web/1506154552微信图片_20170923161630.png\"]'),
	(215,'8888','158888','14','五星酒店','400-110-2818','[\"http://sendevimg.oss-cn-zhangjiakou.aliyuncs.com/upload/user_web/1506154827微信图片_20170923162120.png\"]'),
	(216,'4888','7888','26','五星酒店','400-110-2818','[\"http://sendevimg.oss-cn-zhangjiakou.aliyuncs.com/upload/user_web/1506159106微信图片_20170923173241.png\"]'),
	(217,'2888','5088','24','五星酒店','400-110-2818','[\"http://sendevimg.oss-cn-zhangjiakou.aliyuncs.com/upload/user_web/1506159819微信图片_20170923174333.png\"]'),
	(218,'3388','4288','18','四星酒店','400-110-2818','[\"http://sendevimg.oss-cn-zhangjiakou.aliyuncs.com/upload/user_web/1506160131微信图片_20170923174943.png\"]'),
	(219,'4388','7388','50','四星酒店','400-110-2818','[\"http://sendevimg.oss-cn-zhangjiakou.aliyuncs.com/upload/user_web/1506160357微信图片_20170923175317.png\"]'),
	(221,'3888','9588','22','五星酒店','400-110-2818','[\"http://sendevimg.oss-cn-zhangjiakou.aliyuncs.com/upload/user_web/1506164235微信图片_20170923185537.png\"]'),
	(222,'9998','15998','65','五星酒店','400-110-2818','[\"http://sendevimg.oss-cn-zhangjiakou.aliyuncs.com/upload/user_web/1506164702微信图片_20170923190546.png\",\"http://sendevimg.oss-cn-zhangjiakou.aliyuncs.com/upload/user_web/1506164721微信图片_20170923190542.png\"]'),
	(223,'8888','12888','57','五星酒店','400-110-2818','[\"http://sendevimg.oss-cn-zhangjiakou.aliyuncs.com/upload/user_web/1506165248微信图片_20170923191506.png\"]'),
	(224,'6388','9388','42','五星酒店','400-110-2818','[\"http://sendevimg.oss-cn-zhangjiakou.aliyuncs.com/upload/user_web/1506165798微信图片_20170923192401.png\"]'),
	(226,'4688','6688','30','四星酒店','400-110-2818','[\"http://sendevimg.oss-cn-zhangjiakou.aliyuncs.com/upload/user_web/1506166590微信图片_20170923193433.png\",\"http://sendevimg.oss-cn-zhangjiakou.aliyuncs.com/upload/user_web/1506166609微信图片_20170923193436.png\",\"http://sendevimg.oss-cn-zhangjiakou.aliyuncs.com/upload/user_web/1506166617微信图片_20170923193458.png\"]'),
	(227,'3688','8888','30','五星酒店','400-110-2818','[\"http://sendevimg.oss-cn-zhangjiakou.aliyuncs.com/upload/user_web/1506167340微信图片_20170923194904.png\"]'),
	(228,'4688','9888','44','五星酒店','400-110-2818','[\"http://sendevimg.oss-cn-zhangjiakou.aliyuncs.com/upload/user_web/1506168084微信图片_20170923195936.png\"]'),
	(229,'4500','6888','60','五星酒店','400-110-2818','[\"http://sendevimg.oss-cn-zhangjiakou.aliyuncs.com/upload/user_web/1506168604微信图片_20170923201101.png\"]'),
	(230,'4688','6888','26','五星酒店','400-110-2818','[\"http://sendevimg.oss-cn-zhangjiakou.aliyuncs.com/upload/user_web/1506168955微信图片_20170923201650.png\",\"http://sendevimg.oss-cn-zhangjiakou.aliyuncs.com/upload/user_web/1506168972微信图片_20170923201653.png\"]'),
	(231,'9999','15999','160','四星酒店','400-110-2818','[\"http://sendevimg.oss-cn-zhangjiakou.aliyuncs.com/upload/user_web/1506169476微信图片_20170923202459.png\",\"http://sendevimg.oss-cn-zhangjiakou.aliyuncs.com/upload/user_web/1506169485微信图片_20170923202504.png\"]'),
	(232,'7999','9999','120','五星酒店','400-110-2818','[\"http://sendevimg.oss-cn-zhangjiakou.aliyuncs.com/upload/user_web/1506170320微信图片_20170923203911.png\",\"http://sendevimg.oss-cn-zhangjiakou.aliyuncs.com/upload/user_web/1506170438微信图片_20170923203927.png\"]'),
	(233,'5388','9888','45','婚礼会所','400-110-2818','[\"http://sendevimg.oss-cn-zhangjiakou.aliyuncs.com/upload/user_web/15063033500f4fe7fb2e9137c7ba5212a4d042c349300811.jpg\"]'),
	(234,'5588','8888','44','五星酒店','400-110-2818','[\"http://sendevimg.oss-cn-zhangjiakou.aliyuncs.com/upload/user_web/1506324699微信图片_20170925153222.png\"]'),
	(236,'3888','6888','25','婚礼会所','400-655-3179','[\"http://sendevimg.oss-cn-zhangjiakou.aliyuncs.com/upload/user_web/15089114711508908794(1).jpg\"]');

/*!40000 ALTER TABLE `hqsen_hotel_data` ENABLE KEYS */;
UNLOCK TABLES;


# Dump of table hqsen_hotel_menu
# ------------------------------------------------------------

DROP TABLE IF EXISTS `hqsen_hotel_menu`;

CREATE TABLE `hqsen_hotel_menu` (
  `id` int(10) unsigned NOT NULL AUTO_INCREMENT COMMENT '自增主键',
  `menu_name` varchar(30) NOT NULL COMMENT '菜单名字',
  `menu_money` varchar(30) NOT NULL DEFAULT '' COMMENT '菜单价格',
  `del_flag` tinyint(1) unsigned NOT NULL DEFAULT '1' COMMENT '1正常 2为删除',
  `hotel_id` int(10) unsigned NOT NULL DEFAULT '0' COMMENT '酒店ID',
  PRIMARY KEY (`id`)
) ENGINE=MyISAM DEFAULT CHARSET=utf8;

LOCK TABLES `hqsen_hotel_menu` WRITE;
/*!40000 ALTER TABLE `hqsen_hotel_menu` DISABLE KEYS */;

INSERT INTO `hqsen_hotel_menu` (`id`, `menu_name`, `menu_money`, `del_flag`, `hotel_id`)
VALUES
	(1,'红宝石之恋','6588',1,1),
	(2,'情比金坚','7288',1,1),
	(3,'至臻翡翠','7888',1,1),
	(4,'水晶之恋','8888',1,1),
	(5,'A套','6588',1,2),
	(6,'B套','7588',1,2),
	(7,'C套','8588',1,2),
	(8,'佳偶天成宴','6888',1,3),
	(9,'百年好合宴','7888',1,3),
	(10,'龙凤呈祥宴','8888',1,3),
	(11,'至尊良缘宴','9888',1,3),
	(12,'永结同心','5888',1,4),
	(13,'花好月圆','6888',1,4),
	(14,'百年好合','7888',1,4),
	(15,'百年琴瑟','8888',1,4),
	(16,'花好月圆','6188',1,5),
	(17,'良辰美景','6988',1,5),
	(18,'永结同心','7888',1,5),
	(19,'罗马假日','6880',1,6),
	(20,'首尔恋歌','7980',1,6),
	(21,'巴黎约定','9180',1,6),
	(22,' 雅典神话','10380',1,6),
	(23,'金玉良缘','5888',1,7),
	(24,'盟结良缘','6288',1,7),
	(25,'天赐良缘','6688',1,7),
	(26,'珠帘玉映筳','8888',1,8),
	(27,'缘定三生筳','10888',1,8),
	(28,'水晶婚典','7388',1,9),
	(29,'佳偶天成','8888',1,9),
	(30,'百年好合','9988',1,9),
	(31,'永结同心','10888',1,9),
	(32,'缘定今生','5688',1,10),
	(33,'龙凤呈祥','6188',1,10),
	(34,'金玉满堂','6688',1,10),
	(35,'百年好合','7288',1,10),
	(36,'5588套餐','5588',1,11),
	(37,'5988套系','5988',1,11),
	(38,'6588套系','6588',1,11),
	(39,'7588套系','7588',1,11),
	(40,'婚宴套餐','6580',2,14),
	(41,'婚宴套餐B','7580',1,14),
	(42,'婚宴套餐A','6580',1,14),
	(43,'婚宴套餐A','1288',1,19),
	(44,'婚宴套餐B','2288',1,19),
	(45,'婚宴套餐C','2888',1,19),
	(46,'婚宴套餐D','3899',1,19),
	(47,'婚宴套餐E','4499',1,19),
	(48,'婚宴套餐F','4999',1,19),
	(49,'婚宴套餐G','5499',1,19),
	(50,'婚宴套餐H','5999',1,19),
	(51,'婚宴套餐I','6699',1,19),
	(52,'婚宴套餐J','8299',1,19),
	(53,'百年好合宴','4588',1,20),
	(54,'永结同心宴','4988',1,20),
	(55,'偶家天成宴','5588',1,20),
	(56,'龙凤呈祥宴','5988',1,20),
	(57,'薰衣草宴','4988',1,18),
	(58,'紫罗兰宴','6188',1,18),
	(59,'鸢尾花宴','7188',1,18),
	(60,'山茶花宴','7888',1,18),
	(61,'玫瑰花宴','8888',1,18),
	(62,'婚宴套餐A','5888',1,17),
	(63,'婚宴套餐B','6888',1,17),
	(64,'婚宴套餐C','8888',1,17),
	(65,'婚宴套餐D','12888',1,17),
	(66,'婚宴套餐A','5288',1,16),
	(67,'婚宴套餐B','5588',1,16),
	(68,'婚宴套餐C','7288',1,16),
	(69,'婚宴套餐D','8288',1,16),
	(70,'婚宴套餐E','9288',1,16),
	(71,'红丝绒婚典','14888',1,15),
	(72,'紫锦帛婚典','18888',1,15),
	(73,'兰御绸婚典','25888',1,15),
	(74,'婚宴套餐A','6588',1,13),
	(75,'婚宴套餐B','7188',1,13),
	(76,'婚宴套餐C','7588',1,13),
	(77,'婚宴套餐D','8188',1,13),
	(78,'婚宴套餐E','8888',1,13),
	(79,'婚宴套餐A','8888',1,12),
	(80,'婚宴套餐B','10888',1,12),
	(81,'婚宴套餐C','12888',1,12),
	(82,'迎宾自助茶点','2500',1,21),
	(83,'挚爱之恋宴','3888',1,21),
	(84,'浪漫之恋','4288',1,21),
	(85,'璀璨之恋宴','4888',1,21),
	(86,'唯美之恋宴','5888',1,21),
	(87,'永恒之恋宴','6888',1,21),
	(88,'自助式派对婚宴','863',1,23),
	(89,'婚宴套餐','3588',2,23),
	(90,'永结同心宴','3588',1,23),
	(91,'喜结良缘宴','4588',1,23),
	(92,'佳偶天成宴','4888',1,23),
	(93,'婚宴套餐','3588',2,23),
	(94,'婚宴套餐','3588',2,23),
	(95,'婚宴套餐','8888',2,23),
	(96,'婚宴套餐A','3589',2,23),
	(97,'婚宴套餐A','3588',1,23),
	(98,'婚宴套餐B','4888',1,23),
	(99,'婚宴套餐C','5888',1,23),
	(100,'婚宴套餐D','6888',1,23),
	(101,'婚宴套餐E','8888',1,23),
	(102,'挚爱浓情宴','4388',1,25),
	(103,'挚爱心印宴','4888',1,25),
	(104,'挚爱浪漫宴','5588',1,25),
	(105,'挚爱物语','5888',1,25),
	(106,'挚爱一生','6388',1,25),
	(107,'婚宴套餐A','3888',1,26),
	(108,'婚宴套餐B','4388',1,26),
	(109,'婚宴套餐C','4888',1,26),
	(110,'婚宴套餐D','5888',1,26),
	(111,'婚宴套餐E','6888',1,26),
	(112,'婚宴套餐A','2588',1,27),
	(113,'婚宴套餐B','3588',1,27),
	(114,'婚宴套餐C','4388',1,27),
	(115,'婚宴套餐D','4888',1,27),
	(116,'婚宴套餐E','5888',1,27),
	(117,'百年好合宴','6888',1,27),
	(118,'婚宴套餐','2999',1,28),
	(119,'佳偶天成宴','3588',1,28),
	(120,'婚宴套餐B','4088',1,28),
	(121,'喜结同心宴','4588',1,28),
	(122,'婚宴套餐C','4688',1,28),
	(123,'百年好合宴','5088',1,28),
	(124,'婚宴套餐D','5588',1,28),
	(125,'婚宴套餐E','6588',1,28),
	(126,'婚宴套餐A','2088',1,29),
	(127,'婚宴套餐B','2688',1,29),
	(128,'婚宴套餐c','3288',1,29),
	(129,'婚宴套餐D','3888',1,29),
	(130,'富贵鸳鸯宴','3088',1,30),
	(131,'百年好合宴','3588',1,30),
	(132,'永结同心宴','4088',1,30),
	(133,'白头偕老宴','4588',1,30),
	(134,'步步高升宴','1580',1,31),
	(135,'天长地久宴','2000',1,31),
	(136,'比翼双飞宴','2880',1,31),
	(137,'琴瑟和鸣宴','3880',1,31),
	(138,'婚宴套餐A','5388',1,24),
	(139,'婚宴套餐B','5888',1,24),
	(140,'婚宴套餐a','3888',1,32),
	(141,'婚宴套餐B','4888',1,32),
	(142,'婚宴套餐C','5888',1,32),
	(143,'婚宴套餐d','6888',1,32),
	(144,'婚宴套餐-瑞悦','10888',1,33),
	(145,'婚宴套餐-祥悦','13888',1,33),
	(146,'婚宴套餐-尊悦','16888',1,33),
	(147,'特惠婚宴套餐','4688',1,34),
	(148,'黄金套餐','5888',1,34),
	(149,'翡翠套餐','6688',1,34),
	(150,'钻石套餐','7288',1,34),
	(151,'婚宴套餐A','8888',1,35),
	(152,'婚宴套餐B','10888',1,35),
	(153,'婚宴套餐C','12888',1,35),
	(154,'婚宴套餐A','3588',1,36),
	(155,'婚宴套餐B','3988',1,36),
	(156,'“双十一”特惠婚宴套餐','4288',1,36),
	(157,'婚宴套餐C','4888',1,36),
	(158,'婚宴套餐D','5688',1,36),
	(159,'百年好合宴','4088',1,37),
	(160,'龙凤呈祥宴','4388',1,37),
	(161,'龙凤呈祥宴B','5288',1,37),
	(162,'永结同心宴','5688',1,37),
	(163,'喜结良缘宴','6088',1,37),
	(164,'比翼双飞','3199',1,38),
	(165,'百年好合宴','3699',1,38),
	(166,'喜结良缘','4299',1,38),
	(167,'佳偶天成宴','4899',1,38),
	(168,'婚宴套餐A','10888',1,39),
	(169,'婚宴套餐B','13888',1,39),
	(170,'婚宴套餐C','16888',1,39),
	(171,'婚宴套餐A','5288',1,40),
	(172,'婚宴套餐B','5888',1,40),
	(173,'婚宴套餐C','6388',1,40),
	(174,'婚宴套餐D','6888',1,40),
	(175,'婚宴套餐A','2888',1,41),
	(176,'婚宴套餐B','3888',1,41),
	(177,'婚宴套餐C','4888',1,41),
	(178,'鸾凤和鸣宴','5999',1,42),
	(179,'永结同心','6999',1,42),
	(180,'婚宴套餐A','4588',1,44),
	(181,'婚宴套餐B','5088',1,44),
	(182,'婚宴套餐C','5588',1,44),
	(183,'珍爱怡生','3888',1,45),
	(184,'吉祥怡生','4288',1,45),
	(185,'项链怡生','4888',1,45),
	(186,'幸福怡生','5688',1,45),
	(187,'天长地久宴','4800',1,43),
	(188,'花好月圆宴','5380',1,43),
	(189,'珠联璧合宴','5880',1,43),
	(190,'锦绣前程宴','6580',1,43),
	(191,'百年好合宴','4288',1,46),
	(192,'永结同心宴','4888',1,46),
	(193,'水晶之恋宴','5688',1,46),
	(194,'龙凤呈祥宴','6888',1,46),
	(195,'金玉良缘宴','5888',1,47),
	(196,'盟结良缘宴','6288',1,47),
	(197,'天赐良缘宴','6688',1,47),
	(198,'佳偶天成','6888',1,48),
	(199,'天赐良缘','7688',1,48),
	(200,'龙凤呈祥','8388',1,48),
	(201,'宝石婚宴套餐','5888',1,49),
	(202,'翡翠婚宴套餐','6888',1,49),
	(203,'千足金婚宴套餐','7888',1,49),
	(204,'铂金婚宴套餐','8888',1,49),
	(205,'钻石婚宴套餐','10888',1,49),
	(206,'婚宴套餐A','2588',1,50),
	(207,'婚宴套餐','2988',2,50),
	(208,'婚宴套餐C','3288',1,50),
	(209,'婚宴套餐B','2988',1,50),
	(210,'婚宴套餐A','4388',1,51),
	(211,'婚宴套餐B','4688',1,51),
	(212,'婚宴套餐C','5088',1,51),
	(213,'婚宴套餐D','5688',1,51),
	(214,'婚宴套餐E','6888',1,51),
	(215,'花好月圆宴','4688',1,52),
	(216,'永结同心宴','5088',1,52),
	(217,'婚宴套餐A','5688',1,53),
	(218,'婚宴套餐B','5988',1,53),
	(219,'婚宴套餐C','6288',1,53),
	(220,'婚宴套餐D','6588',1,53),
	(221,'婚宴套餐E','6888',1,53),
	(222,'婚宴套餐F','6988',1,53),
	(223,'婚宴套餐G','8888',1,53),
	(224,'婚宴套餐H','8888',1,53),
	(225,'百年好合宴','3688',1,54),
	(226,'千禧良缘宴','4088',1,54),
	(227,'喜结良缘','4588',2,54),
	(228,'喜结良缘宴','4588',1,54),
	(229,'永结同心宴','5088',1,54),
	(230,'婚宴套餐A','2288',1,55),
	(231,'婚宴套餐B','2688',1,55),
	(232,'心心相印宴','3088',1,55),
	(233,'龙凤和鸣宴','3588',1,55),
	(234,'佳偶天成宴','3988',1,55),
	(235,'花好月圆宴','4588',1,55),
	(236,'百年好合宴','3880',1,56),
	(237,'天赐良缘宴','4380',1,56),
	(238,'龙凤呈祥宴','5280',1,56),
	(239,'婚宴套餐A','3988',1,57),
	(240,'婚宴套餐B','3988',2,57),
	(241,'婚宴套餐C','4688',2,57),
	(242,'婚宴套餐D','4688',2,57),
	(243,'婚宴套餐B','4688',1,57),
	(244,'婚宴套餐C','5988',1,57),
	(245,'瑰丽红宝宴','6388',1,57),
	(246,'翡翠明珠宴','7388',1,57),
	(247,'璀璨金钻宴','8388',1,57),
	(248,'龙章凤彩','4688',1,58),
	(249,'龙凤呈祥','5288',1,58),
	(250,'龙骧凤娇','6288',1,58),
	(251,'龙驹凤雏','6988',1,58),
	(252,'龙翰凤翼','8888',1,58),
	(253,'婚宴套餐A','3888',1,59),
	(254,'婚宴套餐B','4888',1,59),
	(255,'婚宴套餐C','5388',1,59),
	(256,'婚宴套餐D','5888',1,59),
	(257,'婚宴套餐E','6288',1,59),
	(258,'悦榕永恒婚宴','9999',1,60),
	(259,'悦榕华丽婚宴','12999',1,60),
	(260,'悦榕挚爱酒店','16999',1,60),
	(261,'特惠婚宴','3880',1,61),
	(262,'天作之合宴','4880',1,61),
	(263,'百年好合宴','5180',1,61),
	(264,'百年好合宴','4980',1,62),
	(265,'花好月圆宴','5680',1,62),
	(266,'喜结良缘宴','6380',1,62),
	(267,'良辰美景宴','7380',1,62),
	(268,'龙凤呈祥宴','8380',1,62),
	(269,'百年好合宴','2988',1,63),
	(270,'龙凤呈祥宴','3588',1,63),
	(271,'天长地久宴','3988',1,63),
	(272,'花开富贵宴','4888',1,63),
	(273,'鸾凤和鸣宴','5888',1,63),
	(274,'婚宴套餐A','6888',1,64),
	(275,'婚宴套餐B','7888',1,64),
	(276,'婚宴套餐C','8888',1,64),
	(277,'婚宴套餐D','9888',1,64),
	(278,'美满良缘宴','4988',1,65),
	(279,'永结同心宴','5988',1,65),
	(280,'龙凤呈祥宴','6988',1,65),
	(281,'天长地久宴','7988',1,65),
	(282,'佳偶天成宴','8988',1,65),
	(283,'百年好合宴','9988',1,65),
	(284,'天长地久宴','4288',1,66),
	(285,'珠联璧合宴','4388',1,66),
	(286,'龙凤呈祥宴','4688',1,66),
	(287,'佳偶天成宴','4888',1,66),
	(288,'百年好合宴','5680',1,66),
	(289,'特惠婚宴套餐','5888',1,67),
	(290,'水晶婚典喜气盈门','7388',1,67),
	(291,'佳偶天成喜气盈门','8388',1,67),
	(292,'百年好合喜气盈门','9388',1,67),
	(293,'婚宴套餐A','4388',1,68),
	(294,'婚宴套餐B','5388',1,68),
	(295,'婚宴套餐C','6588',1,68),
	(296,'婚宴套餐D','7588',1,68),
	(297,'婚宴套餐A','6388',1,69),
	(298,'婚宴套餐B','6988',1,69),
	(299,'婚宴套餐C','8888',1,69),
	(300,'婚宴套餐A','1288',1,70),
	(301,'婚宴套餐B ','2288',1,70),
	(302,'婚宴套餐C','2888',1,70),
	(303,'婚宴套餐D','3899',1,70),
	(304,'美景良缘宴','4499',1,70),
	(305,'婚宴套餐E','4999',1,70),
	(306,'婚宴套餐F','5499',1,70),
	(307,'婚宴套餐G','5999',1,70),
	(308,'家好月圆宴','6699',1,70),
	(309,'婚宴套餐I','8299',1,70),
	(310,'邂逅香榭丽','5888',1,71),
	(311,'情迷法兰西','6888',1,71),
	(312,'梦归埃菲尔','7888',1,71),
	(313,'纵情凯旋门','10888',1,71),
	(314,'长相厮守宴','5999',1,72),
	(315,'钟爱一生宴','6999',1,72),
	(316,'龙飞风舞宴','7999',1,72),
	(317,'祥龙献瑞宴','8999',1,72),
	(318,'龙凤呈祥宴','9999',1,72),
	(319,'钟爱一生宴A','11118',1,72),
	(320,'婚宴套餐A','2888',1,73),
	(321,'婚宴套餐B','3388',1,73),
	(322,'婚宴套餐C','4588',1,73),
	(323,'珠联璧合宴','6888',1,74),
	(324,'天赐良缘宴','7888',1,74),
	(325,'祥龙献瑞宴','8888',1,74),
	(326,'龙凤呈祥宴','9888',1,74),
	(327,'庭喜迎客宴','4288',1,75),
	(328,'龙凤呈祥宴','4888',1,75),
	(329,'天赐良缘宴','5288',1,75),
	(330,'珠联璧合宴','5888',1,75),
	(331,'永结同心宴','3888',1,76),
	(332,'吉祥如意宴','4288',1,76),
	(333,'金玉良缘宴','4688',1,76),
	(334,'百年好合宴','5288',1,76),
	(335,'佳偶天成宴','5688',1,76),
	(336,'甜甜蜜蜜宴','4688',1,77),
	(337,'永结同心宴','5688',1,77),
	(338,'花好月圆宴','6688',1,77),
	(339,'佳偶天成宴','2988',1,78),
	(340,'珠联璧合宴','3688',1,78),
	(341,'花好月圆宴','3988',1,78),
	(342,'水晶之恋宴','4988',1,78),
	(343,'玫瑰宝石宴','2888',1,79),
	(344,'花好月圆宴','3888',1,79),
	(345,'吉祥如意宴','4288',1,79),
	(346,'永结同心钻石宴','4888',1,79),
	(347,'婚宴套餐A','4888',1,80),
	(348,'婚宴套餐B','5888',1,80),
	(349,'婚宴套餐C','6888',1,80),
	(350,'婚宴套餐','6868',1,81),
	(351,'2018年婚宴套餐','6868',1,81),
	(352,'婚宴套餐B','7798',1,81),
	(353,'2018年婚宴套餐B','7798',1,81),
	(354,'婚宴套餐C','8968',1,81),
	(355,'2018年婚宴套餐C','8968',1,81),
	(356,'婚宴套餐A','4688',1,82),
	(357,'婚宴套餐B','5888',1,82),
	(358,'婚宴套餐C','6888',1,82),
	(359,'婚宴套餐D','7888',1,82),
	(360,'婚宴套餐E','8888',1,82),
	(361,'特惠套餐A','3888',1,83),
	(362,'特惠套餐B','4788',1,83),
	(363,'浪漫无边宴','4988',1,83),
	(364,'天作之合宴','5388',1,83),
	(365,'佳偶良缘宴','5888',1,83),
	(366,'龙凤呈祥宴','6588',1,83),
	(367,'婚宴套餐A','7888',1,84),
	(368,'婚宴套餐B','8888',1,84),
	(369,'婚宴套餐C','9888',1,84),
	(370,'婚宴套餐A','7888',2,85),
	(371,'婚宴套餐B','8888',2,85),
	(372,'婚宴套餐C','9888',2,85),
	(373,'婚宴套餐A','9288',1,85),
	(374,'婚宴套餐B','11288',1,85),
	(375,'婚宴套餐C','15888',1,85),
	(376,'婚宴套餐A','9888',1,86),
	(377,'婚宴套餐B','13888',1,86),
	(378,'婚宴套餐C','18888',1,86),
	(379,'情定今生宴','4688',1,87),
	(380,'百年好合宴','5688',1,87),
	(381,'天使之约宴','5988',1,87),
	(382,'永结同心宴','6288',1,87),
	(383,'喜结良缘宴','7588',1,87),
	(384,'永结同心宴','3088',1,88),
	(385,'百年好合宴','3688',1,88),
	(386,'龙凤呈祥宴','3888',1,88),
	(387,'金玉良缘宴','4388',1,88),
	(388,'佳偶天成宴','4888',1,88),
	(389,'婚宴套餐A','3288',1,89),
	(390,'婚宴套餐B','3688',1,89),
	(391,'婚宴套餐C','4088',1,89),
	(392,'婚宴套餐D','4588',1,89),
	(393,'婚宴套餐E','5588',1,89),
	(394,'喜结良缘宴','6988',1,90),
	(395,'永结同心宴','7988',1,90),
	(396,'百年好合宴','12888',1,90),
	(397,'佳偶天成宴','3588',1,91),
	(398,'百年好合宴','3988',1,91),
	(399,'喜结连理宴','4888',1,91),
	(400,'天赐良缘宴','5388',1,91),
	(401,'鸾凤和鸣','6288',2,91),
	(402,'鸾凤和鸣宴','6288',1,91),
	(403,'永浴爱河宴','6988',1,91),
	(404,'浦江合乐宴','3888',1,92),
	(405,'浦江全景宴','4388',1,92),
	(406,'香淳湾御膳宴','4988',1,92),
	(407,'婚宴套餐A','4588',1,93),
	(408,'婚宴套餐B','4888',1,93),
	(409,'婚宴套餐C','5588',1,93),
	(410,'婚宴套餐D','6388',1,93),
	(411,'佳偶天成宴','3388',1,94),
	(412,'百年好合宴','3988',1,94),
	(413,'永结同心宴','4588',1,94),
	(414,'珠联璧合宴','4988',1,94),
	(415,'龙凤呈祥宴','5588',1,94),
	(416,'地久天长宴','6388',1,94),
	(417,'心心相印宴','3988',1,95),
	(418,'喜结良缘宴','4688',1,95),
	(419,'佳偶天成宴','5288',1,95),
	(420,'鸾凤和鸣宴','5888',1,95),
	(421,'地久天长宴','6888',1,95),
	(422,'婚宴套餐A','6288',1,96),
	(423,'婚宴套餐B','7288',1,96),
	(424,'婚宴套餐C','8388',1,96),
	(425,'婚宴套餐D','9388',1,96),
	(426,'婚宴套餐A','2688',1,97),
	(427,'婚宴套餐B','2988',1,97),
	(428,'婚宴套餐C','3288',1,97),
	(429,'婚宴套餐D','3688',1,97),
	(430,'婚宴套餐E','3988',1,97),
	(431,'永结同心宴','3588',1,98),
	(432,'锦上添花宴','3988',1,98),
	(433,'天长地久宴','4388',1,98),
	(434,'龙凤呈祥宴','4888',1,98),
	(435,'乾隆御品宴','5588',1,98),
	(436,'婚宴套餐A','3388',1,99),
	(437,'婚宴套餐B','3888',1,99),
	(438,'婚宴套餐C','4888',1,99),
	(439,'婚宴套餐D','5888',1,99),
	(440,'婚宴套餐E','6988',1,99),
	(441,'婚宴套餐A','2588',1,100),
	(442,'婚宴套餐B','3288',1,100),
	(443,'婚宴套餐C','3888',1,100),
	(444,'婚宴套餐D','4288',1,100),
	(445,'爱之法兰西宴','398',2,102),
	(446,'水晶城堡厅专享套餐A','3888',2,102),
	(447,'水晶城堡厅专享套餐B','4888',2,102),
	(448,'婚宴套餐A','5988',1,102),
	(449,'水晶城堡厅专享套餐C','5988',2,102),
	(450,'超值套餐秒杀价','6667',2,102),
	(451,'婚宴套餐B','6988',1,102),
	(452,'婚宴套餐C','10099',1,102),
	(453,'百年好合同心宴','5688',1,103),
	(454,'龙凤呈祥福禄宴','6188',1,103),
	(455,'天赐良缘御品宴','6688',1,103),
	(456,'永结同心富贵宴','7188',1,103),
	(457,'珠联璧合吉祥宴','8188',1,103),
	(458,'婚宴套餐A','6999',2,104),
	(459,'婚宴套餐B','7999',2,104),
	(460,'婚宴套餐C','8999',2,104),
	(461,'婚宴套餐D','9999',2,104),
	(462,'婚宴套餐A','5999',1,104),
	(463,'婚宴套餐B','6999',1,104),
	(464,'婚宴套餐C','7999',1,104),
	(465,'婚宴套餐D','8999',1,104),
	(466,'婚宴套餐E','9999',1,104),
	(467,'婚宴套餐','5288',1,101),
	(468,'天赐良缘宴','5688',1,101),
	(469,'天赐良缘宴B','5988',1,101),
	(470,'鸳鸯福绿宴','2988',1,105),
	(471,'良辰美景宴','3388',1,105),
	(472,'永结同心宴','3888',1,105),
	(473,'龙凤呈祥宴','4588',1,105),
	(474,'天长地久宴','2988',1,106),
	(475,'佳偶天成宴','3588',1,106),
	(476,'百年好合宴','3888',1,106),
	(477,'珠联璧合宴','4288',1,106),
	(478,'金玉良缘宴','4888',1,106),
	(479,'婚宴套餐A','2888',1,107),
	(480,'婚宴套餐B','3288',1,107),
	(481,'婚宴套餐C','3688',1,107),
	(482,'婚宴套餐D','4188',1,107),
	(483,'花好月圆宴','2988',1,108),
	(484,'百年好合宴','3488',1,108),
	(485,'龙凤呈祥宴','3788',1,108),
	(486,'吉祥如意宴','3588',1,109),
	(487,'幸福美满宴','3888',1,109),
	(488,'心心相印','6988',1,110),
	(489,'永结同心','7888',1,110),
	(490,'天长地久','8888',1,110),
	(491,'淡季特价婚宴套餐','3988',1,111),
	(492,'两情相悦宴','4688',1,111),
	(493,'淡季特价婚礼套餐B','5188',1,111),
	(494,'至爱浓情宴','5288',1,111),
	(495,'龙凤呈祥宴','5988',1,111),
	(496,'浪漫无边宴','6688',1,111),
	(497,'天赐良缘宴','7588',1,111),
	(498,'花好月圆天地宴','2988',1,112),
	(499,'良缘美满婚庆宴','3580',1,112),
	(500,'天长地久良缘宴','4380',1,112),
	(501,'珠联璧合喜庆宴','4888',1,112),
	(502,'佳偶天成喜庆宴','5688',1,112),
	(503,'百年好合宴','1788',1,113),
	(504,'百年好合宴B','2588',1,113),
	(505,'喜结连理宴','3788',1,113),
	(506,'细节良缘宴','4888',2,113),
	(507,'喜结良缘宴','4588',1,113),
	(508,'福禄鸳鸯宴','4988',1,113),
	(509,'永结同心宴A','5888',1,113),
	(510,'永结同心宴B','5988',1,113),
	(511,'缘定今生宴','5688',1,114),
	(512,'龙凤呈祥宴','6188',1,114),
	(513,'今日满堂宴','6688',1,114),
	(514,'百年好合宴','7288',1,114),
	(515,'百年好合宴','4888',1,115),
	(516,'锦绣福临宴','5888',1,115),
	(517,'永结同心宴','6888',1,115),
	(518,'龙凤呈祥宴','8888',1,115),
	(519,'伯爵宴','5888',1,116),
	(520,'侯爵宴','6888',1,116),
	(521,'公爵宴','7888',1,116),
	(522,'婚宴套餐A','6888',1,117),
	(523,'婚宴套餐B','8888',1,117),
	(524,'婚宴套餐C','10888',1,117),
	(525,'婚宴套餐A','5288',1,119),
	(526,'婚宴套餐B','5888',1,119),
	(527,'婚宴套餐c','6888',1,119),
	(528,'婚宴套餐D','8888',1,119),
	(529,'婚宴套餐A','3988',1,120),
	(530,'婚宴套餐B','4588',1,120),
	(531,'婚宴套餐C','5988',1,120),
	(532,'婚宴套餐D','6488',1,120),
	(533,'婚宴套餐E','6988',1,120),
	(534,'婚宴套餐A','2888',1,121),
	(535,'婚宴套餐B','3388',1,121),
	(536,'婚宴套餐C','3988',1,121),
	(537,'婚宴套餐D','4588',1,121),
	(538,'婚宴套餐E','5388',1,121),
	(539,'婚宴套餐A','2988',1,122),
	(540,'婚宴套餐B','3688',1,122),
	(541,'婚宴套餐C','4188',1,122),
	(542,'婚宴套餐D','4888',1,122),
	(543,'婚宴套餐E','6288',1,122),
	(544,'婚宴套餐A','1999',1,123),
	(545,'婚宴套餐B','2899',1,123),
	(546,'婚宴套餐C','3699',1,123),
	(547,'婚宴套餐D','3999',1,123),
	(548,'婚宴套餐E','4699',1,123),
	(549,'婚宴套餐F','5399',1,123),
	(550,'婚宴套餐G','6199',1,123),
	(551,'婚宴套餐A','3588',1,124),
	(552,'婚宴套餐B','3888',1,124),
	(553,'婚宴套餐C','4088',1,124),
	(554,'婚宴套餐A','3388',1,125),
	(555,'婚宴特价套餐','3588',1,125),
	(556,'婚宴套餐B','4288',1,125),
	(557,'婚宴套餐C','4888',1,125),
	(558,'婚宴套餐A','1888',1,126),
	(559,'婚宴套餐B','2588',1,126),
	(560,'婚宴套餐C','3388',1,126),
	(561,'婚宴套餐D','3888',1,126),
	(562,'婚宴套餐E','5888',1,126),
	(563,'金玉满堂宴','3388',1,127),
	(564,'喜庆连连宴','3988',1,127),
	(565,'珠联璧合宴','4588',1,127),
	(566,'花好月圆宴','4888',1,127),
	(567,'天长地久宴','4188',1,128),
	(568,'永结同心宴','4888',1,128),
	(569,'白头偕老宴','5688',1,128),
	(570,'龙凤呈祥宴','6688',1,128),
	(571,'粉红珊瑚挚爱宴','6988',1,129),
	(572,'幻彩琉璃至臻宴','7988',1,129),
	(573,'皓月宝石情愿宴','8988',1,129),
	(574,'海风珍珠经典','9988',1,129),
	(575,'璀璨钻石永恒宴','12888',1,129),
	(576,'比翼双飞宴','5888',1,130),
	(577,'情投意合宴','5888',1,130),
	(578,'琴瑟和鸣宴','6288',1,130),
	(579,'龙凤呈祥宴','6288',1,130),
	(580,'花好月圆宴','6888',1,130),
	(581,'百年好合宴','6888',1,130),
	(582,'金玉满堂宴','7888',1,130),
	(583,'至尊婚宴套餐','7888',1,130),
	(584,'龙凤呈祥宴','4888',1,131),
	(585,'永结同心宴','5688',1,131),
	(586,'永结同心宴B','6088',1,131),
	(587,'龙凤呈祥宴','4888',1,132),
	(588,'婚宴套餐A','5588',1,132),
	(589,'百年好合宴','5888',1,132),
	(590,'婚宴套餐B','6588',1,132),
	(591,'佳偶天成宴','6888',1,132),
	(592,'婚宴套餐C','7488',1,132),
	(593,'浓情蜜意宴','7888',1,132),
	(594,'恒久璀璨宴','8888',1,132),
	(595,'珠联璧合宴','3888',1,133),
	(596,'永结同心宴','4288',1,133),
	(597,'百年好合宴','4888',1,133),
	(598,'天长地久宴','5888',1,133),
	(599,'佳偶天成宴','2980',1,134),
	(600,'佳偶天成宴B','3680',1,134),
	(601,'美满团圆宴','4860',1,134),
	(602,'百年好合宴','4688',1,135),
	(603,'龙凤呈祥宴','5688',1,135),
	(604,'宝石美宴','6688',1,135),
	(605,'浪漫温馨宴','1988',1,136),
	(606,'浪漫温馨宴B','2188',1,136),
	(607,'浓情蜜意宴','2688',1,136),
	(608,'龙凤呈祥宴','2988',1,136),
	(609,'百年好合宴','3988',1,136),
	(610,'百年佳偶宴','4688',1,136),
	(611,'婚宴套餐A','6688',1,137),
	(612,'婚宴套餐B','7888',1,137),
	(613,'婚宴套餐C','8888',1,137),
	(614,'百年好合宴','2888',1,138),
	(615,'海誓山盟宴','3288',1,138),
	(616,'金玉良缘宴','3888',1,138),
	(617,'比翼双飞宴','4688',1,138),
	(618,'龙凤呈祥宴','5688',1,138),
	(619,'永结同心宴','5888',1,139),
	(620,'花好月圆宴','6888',1,139),
	(621,'百年好合宴','7888',1,139),
	(622,'佳偶天成宴','8888',1,139),
	(623,'天长地久宴','9888',1,139),
	(624,'龙凤呈祥宴','10888',1,139),
	(625,'喜从天降宴','2999',1,140),
	(626,'情定今生宴','3699',1,140),
	(627,'天赐良缘宴','3999',1,140),
	(628,'天长地久宴','4999',1,140),
	(629,'龙凤呈祥宴','5999',1,140),
	(630,'婚宴套餐A','3388',1,141),
	(631,'婚宴套餐B','3888',1,141),
	(632,'婚宴套餐C','4388',1,141),
	(633,'鸾凤和鸣宴','3988',1,142),
	(634,'花好月圆宴','4988',1,142),
	(635,'龙凤呈祥宴','5988',1,142),
	(636,'美满如意宴','6988',1,142),
	(637,'百年好合宴','7988',1,142),
	(638,'爱之永恒宴','10988',1,142),
	(639,'婚宴套餐A','4888',1,143),
	(640,'婚宴套餐B','5288',1,143),
	(641,'婚宴套餐C','6388',1,143),
	(642,'婚宴套餐D','7388',1,143),
	(643,'婚宴套餐A','2388',2,144),
	(644,'婚宴套餐B','2888',2,144),
	(645,'婚宴套餐C','3388',2,144),
	(646,'婚宴套餐D','3888',2,144),
	(647,'婚宴套餐E','4388',2,144),
	(648,'婚宴套餐F','4888',2,144),
	(649,'婚宴套餐G','5388',2,144),
	(650,'婚宴套餐A','4888',1,145),
	(651,'婚宴套餐B','5588',1,145),
	(652,'婚宴套餐C','6588',1,145),
	(653,'龙虾鲍鱼宴','3960',1,146),
	(654,'龙虾佛跳墙宴','4380',1,146),
	(655,'龙虾諨跳墙宴','5239',1,146),
	(656,'燕窝龙虾宴','6990',1,146),
	(657,'鲍鱼辽参龙虾宴','10780',1,146),
	(658,'婚宴套餐A','4688',1,147),
	(659,'婚宴套餐B','6888',1,147),
	(660,'喜结良缘宴','2088',1,148),
	(661,'永结同心宴','2688',1,148),
	(662,'百年好合宴','3388',1,148),
	(663,'天长地久宴','4288',1,148),
	(664,'婚宴套餐A','3888',1,149),
	(665,'婚宴套餐B','4888',1,149),
	(666,'婚宴套餐C','5888',1,149),
	(667,'婚宴套餐D','6888',1,149),
	(668,'佳偶天成宴','2988',1,150),
	(669,'百年好合宴','3988',1,150),
	(670,'龙凤呈祥宴','4988',1,150),
	(671,'婚宴套餐A','3766',1,151),
	(672,'婚宴套餐B','3988',1,151),
	(673,'婚宴套餐C','4988',1,151),
	(674,'婚宴套餐D','5588',1,151),
	(675,'婚宴套餐E','5988',1,151),
	(676,'婚宴套餐F','6888',1,151),
	(677,'婚宴套餐G','8888',1,151),
	(678,'永结同心宴','4880',1,152),
	(679,'晶钻情缘宴','5880',1,152),
	(680,'心心相印宴','6880',1,152),
	(681,'佳偶天成宴','8880',1,152),
	(682,'佳偶天成套餐','3800',1,153),
	(683,'鸾凤和鸣套餐','4500',1,153),
	(684,'全家福套餐','5500',1,153),
	(685,'佳偶天成宴','2988',1,154),
	(686,'喜结连理宴','3988',1,154),
	(687,'金玉良缘宴','4988',1,154),
	(688,'龙凤呈祥宴','5988',1,154),
	(689,'婚宴套餐A','3288',1,155),
	(690,'婚宴套餐B','4288',1,155),
	(691,'婚宴套餐D','5288',1,155),
	(692,'花好月圆宴','3399',1,156),
	(693,'百年好合宴','3999',1,156),
	(694,'天长地久宴','5299',1,156),
	(695,'婚宴套餐A','2999',1,157),
	(696,'婚宴套餐B','3999',1,157),
	(697,'婚宴套餐A','2588',1,158),
	(698,'婚宴套餐B','4288',1,158),
	(699,'婚宴套餐C','4888',1,158),
	(700,'限时特惠婚宴套餐','1680',1,159),
	(701,'限时特惠婚宴套餐B','1980',1,159),
	(702,'特价套餐','2011',1,159),
	(703,'婚宴套餐A','2580',1,159),
	(704,'婚宴套餐B','2980',1,159),
	(705,'婚宴套餐C','3280',1,159),
	(706,'婚宴套餐D','3980',1,159),
	(707,'婚宴套餐A','1418',1,160),
	(708,'婚宴套餐B','1880',1,160),
	(709,'婚宴套餐C','2518',1,160),
	(710,'长相厮守宴','3999',1,161),
	(711,'鸳鸯福禄婚宴','5699',1,161),
	(712,'百年好合宴','6999',2,161),
	(713,'百年好合婚宴','6699',1,161),
	(714,'琴瑟和鸣婚宴','7699',1,161),
	(715,'好月圆婚宴','8699',1,161),
	(716,'龙凤呈祥婚宴','10888',1,161),
	(717,'龙凤呈祥婚宴B','13888',1,161),
	(718,'婚宴特惠套餐','5888',1,162),
	(719,'玫瑰婚宴套餐','6388',1,162),
	(720,'紫罗兰婚宴套餐','7388',1,162),
	(721,'金玫瑰婚宴套餐','8388',1,162),
	(722,'牡丹婚宴套餐','9388',1,162),
	(723,'金百合婚宴套餐','113888',1,162),
	(724,'金牡丹婚宴套餐','13388',1,162),
	(725,'百年好合宴','3888',1,163),
	(726,'天长地久宴','4588',1,163),
	(727,'比翼高飞宴','5288',1,163),
	(728,'花好月圆宴','4588',1,164),
	(729,'百年好合宴','5588',1,164),
	(730,'心心相印宴','6588',1,164),
	(731,'佳偶天成宴','7588',1,164),
	(732,'富贵满堂宴','9588',1,164),
	(733,'婚宴套餐A','5888',1,165),
	(734,'婚宴套餐B','6888',1,165),
	(735,'婚宴套餐C','7888',1,165),
	(736,'玫瑰宴','10999',1,166),
	(737,'翡翠宴','12999',1,166),
	(738,'玛瑙宴','15999',1,166),
	(739,'钻石宴','18999',1,166),
	(740,'龙凤呈祥宴','5888',1,167),
	(741,'金玉满良宴','6888',1,167),
	(742,'幸福美满宴','7888',1,167),
	(743,'富贵满堂宴','8888',1,167),
	(744,'今生有约宴','3988',1,168),
	(745,'龙凤呈祥宴','4388',1,168),
	(746,'今生有约宴B','4888',1,168),
	(747,'花好月圆宴','5688',1,168),
	(748,'缘定三生宴','6688',1,168),
	(749,'婚宴套餐A','5988',1,169),
	(750,'婚宴套餐B','6588',1,169),
	(751,'婚宴套餐C ','7288',1,169),
	(752,'婚宴套餐D','8888',1,169),
	(753,'婚宴套餐A','6688',1,170),
	(754,'婚宴套餐B','7688',1,170),
	(755,'婚宴套餐C','8688',1,170),
	(756,'花月佳期宴','6888',1,171),
	(757,'鸳鸯福禄宴','7888',1,171),
	(758,'鸾凤和鸣宴','11888',1,171),
	(759,'金玉良缘宴','6288',1,172),
	(760,'百年好合宴','7288',1,172),
	(761,'至尊喜宴','9288',1,172),
	(762,'喜结良缘宴','4588',1,173),
	(763,'永结同心宴','5388',1,173),
	(764,'珠联璧合宴','6088',1,173),
	(765,'婚宴套餐A','5999',1,174),
	(766,'婚宴套餐B','6999',1,174),
	(767,'婚宴套餐C','7999',1,174),
	(768,'婚宴套餐D','8999',1,174),
	(769,'天赐良缘宴','7888',1,175),
	(770,'天生一对宴','8888',1,175),
	(771,'天长地久宴','13588',1,175),
	(772,'婚宴特惠菜单','4988',1,176),
	(773,'特价菜单','7388',1,176),
	(774,'百年好合宴','4888',1,177),
	(775,'花好月圆宴','5599',1,177),
	(776,'百年好合宴B','5999',1,177),
	(777,'美满鸳鸯宴','6699',1,177),
	(778,'龙凤呈祥宴','7799',1,177),
	(779,'珠联璧合宴','9999',1,177),
	(780,'婚宴套餐','4888',1,178),
	(781,'花好月圆宴','5388',1,178),
	(782,'罗马假日宴','5988',1,178),
	(783,'来自星星的你','6588',1,178),
	(784,'金色年华宴','7288',1,178),
	(785,'姹紫嫣红','8888',1,178),
	(786,'水晶婚宴','5888',1,179),
	(787,'翡翠婚宴','6988',1,179),
	(788,'绿宝石婚宴','7988',1,179),
	(789,'钻石婚宴','10888',1,179),
	(790,'佳偶天成宴','3044',1,180),
	(791,'珠联璧合宴','3988',1,180),
	(792,'美满人生宴','4688',1,180),
	(793,'锦绣良缘宴','4988',1,180),
	(794,'龙凤呈祥宴','5988',1,180),
	(795,'龙凤呈祥宴','3588',1,181),
	(796,'富贵满堂宴','4588',1,181),
	(797,'珠联璧合宴','2888',1,182),
	(798,'琴瑟和鸣宴','3288',1,182),
	(799,'鸳鸯福禄宴','3688',1,182),
	(800,'真爱永恒宴','4288',1,182),
	(801,'心心相印宴','3988',1,183),
	(802,'百年好合宴','4388',1,183),
	(803,'花开富贵宴','4988',1,183),
	(804,'天赐良缘宴','5388',1,183),
	(805,'金玉满堂宴','5688',1,183),
	(806,'百年好合宴','3388',1,184),
	(807,'良辰美景宴','3688',1,184),
	(808,'花好月圆宴','3988',1,184),
	(809,'金玉良缘宴','4388',1,184),
	(810,'天赐好合宴','4688',1,184),
	(811,'百年好合宴','3988',1,185),
	(812,'永结同心宴','4588',1,185),
	(813,'佳偶天成宴','5288',1,185),
	(814,'龙凤呈祥宴','3666',1,186),
	(815,'佳偶天成宴','3966',1,186),
	(816,'双喜临门宴','4366',1,186),
	(817,'富贵满堂宴','4866',1,186),
	(818,'珠联璧合宴','5366',1,186),
	(819,'鸳鸯福禄宴','3588',1,187),
	(820,'珠联璧合宴','4388',1,187),
	(821,'真爱永恒宴','4688',1,187),
	(822,'琴瑟和鸣宴','5288',1,187),
	(823,'婚宴套餐A','3088',1,188),
	(824,'婚宴套餐B','4088',2,188),
	(825,'婚宴套餐B','3488',1,188),
	(826,'婚宴套餐C','4088',1,188),
	(827,'婚宴套餐D','4488',1,188),
	(828,'婚宴套餐E','5088',1,188),
	(829,'婚宴套餐F','5588',1,188),
	(830,'永结同心宴','3088',1,189),
	(831,'龙凤呈祥宴','3588',1,189),
	(832,'龙凤呈祥宴','3666',1,190),
	(833,'佳偶天成宴','3966',1,190),
	(834,'双喜临门宴','4366',1,190),
	(835,'富贵满堂宴','4866',1,190),
	(836,'珠联璧合宴','5366',1,190),
	(837,'山盟海誓宴','3288',1,191),
	(838,'比翼双飞宴','3688',1,191),
	(839,'永结同心宴','4288',1,191),
	(840,'珠联璧合宴','5288',1,191),
	(841,'良辰美景宴','5688',1,191),
	(842,'百年佳偶宴','6688',1,191),
	(843,'花好月圆宴','3988',1,192),
	(844,'佳偶天成宴','4988',1,192),
	(845,'翡翠婚宴','5388',1,192),
	(846,'天长地久宴','6688',1,192),
	(847,'钻石婚宴','6888',1,192),
	(848,'百年好合宴','4588',1,193),
	(849,'佳偶天成宴','5288',1,193),
	(850,'珠联璧合宴','5888',1,193),
	(851,'龙凤呈祥宴','6288',1,193),
	(852,'花好月圆宴','6888',1,193),
	(853,'吉祥如意宴','8888',1,193),
	(854,'心心相印宴','3988',1,194),
	(855,'喜结良缘宴','4688',1,194),
	(856,'佳偶天成宴','5288',1,194),
	(857,'鸾凤和鸣宴','5888',1,194),
	(858,'天长地久宴','6888',1,194),
	(859,'婚宴套餐A','4888',1,195),
	(860,'婚宴套餐B','5388',1,195),
	(861,'婚宴套餐C','5888',1,195),
	(862,'婚宴套餐D','6388',1,195),
	(863,'婚宴套餐','6888',2,195),
	(864,'婚宴套餐E','6888',1,195),
	(865,'婚宴套餐A','2988',1,196),
	(866,'婚宴套餐B','3988',1,196),
	(867,'婚宴套餐C','4688',1,196),
	(868,'婚宴套餐D','5888',1,196),
	(869,'花好月圆宴','3988',1,197),
	(870,'永结同心宴','4388',1,197),
	(871,'珠璧联合宴','4688',1,197),
	(872,'鸳鸯福禄宴','5288',1,197),
	(873,'龙凤呈祥宴','5688',1,197),
	(874,'龙凤呈祥宴','2488',1,198),
	(875,'龙凤呈祥宴B','2888',1,198),
	(876,'金银壁合宴','3288',1,198),
	(877,'永结同心宴','3588',1,198),
	(878,'龙凤呈祥C','4188',1,198),
	(879,'鸳鸯福禄宴','4388',1,198),
	(880,'鸳鸯福禄宴D','4888',1,198),
	(881,'比翼双飞宴','3988',1,199),
	(882,'龙凤呈祥宴','4688',1,199),
	(883,'百年好合宴','5388',1,199),
	(884,'永结同心宴','6588',1,199),
	(885,'婚宴套餐A','2588',1,200),
	(886,'婚宴套餐B','3688',1,200),
	(887,'婚宴套餐C','3988',1,200),
	(888,'婚宴套餐D','4588',1,200),
	(889,'婚宴套餐E','4988',1,200),
	(890,'婚宴套餐F','5788',1,200),
	(891,'婚宴套餐G','7288',1,200),
	(892,'百年佳偶宴','2888',1,201),
	(893,'佳偶永结宴','3288',1,201),
	(894,'富贵吉祥宴','3888',1,201),
	(895,'合家团圆宴','5888',1,201),
	(896,'百年好合宴','6888',1,201),
	(897,'佳偶天成宴','8888',1,201),
	(898,'婚宴套餐A','2988',1,202),
	(899,'婚宴套餐B','3588',1,202),
	(900,'婚宴套餐C','3988',1,202),
	(901,'婚宴套餐D','4588',1,202),
	(902,'婚宴套餐A','5588',1,203),
	(903,'婚宴套餐B','6588',1,203),
	(904,'婚宴套餐C','7588',1,203),
	(905,'婚宴套餐D','8588',1,203),
	(906,'婚宴套餐A','4088',1,204),
	(907,'婚宴套餐B','4688',1,204),
	(908,'婚宴套餐C','5288',1,204),
	(909,'婚宴套餐D','6288',1,204),
	(910,'佳偶天成宴','3988',1,205),
	(911,'珠联璧合宴','4888',1,205),
	(912,'美满人生宴','5688',1,205),
	(913,'锦绣良缘宴','6888',1,205),
	(914,'龙凤呈祥宴','8888',1,205),
	(915,'婚宴套餐A','4280',1,206),
	(916,'婚宴套餐B','4580',1,206),
	(917,'婚宴套餐C','5080',1,206),
	(918,'婚宴套餐D','5580',1,206),
	(919,'婚宴套餐E','7280',1,206),
	(920,'双喜临门宴','3088',1,207),
	(921,'龙凤呈祥宴','3588',1,207),
	(922,'百年好合宴','4088',1,207),
	(923,'喜结良缘宴','4588',1,207),
	(924,'龙凤呈祥宴','5888',1,208),
	(925,'金玉良缘宴','6888',1,208),
	(926,'幸福美满宴','7888',1,208),
	(927,'富贵满堂宴','8888',1,208),
	(928,'婚宴套餐','6388',1,209),
	(929,'婚宴套餐B','6988',1,209),
	(930,'婚宴套餐C','8888',1,209),
	(931,'百年好合宴','3288',1,210),
	(932,'天长地久宴','3788',1,210),
	(933,'永结同心宴','4288',1,210),
	(934,'比翼双飞宴','4588',1,210),
	(935,'婚宴套餐A','2988',1,211),
	(936,'婚宴套餐B','3988',1,211),
	(937,'婚宴套餐A','3588',1,212),
	(938,'婚宴套餐B','4288',1,212),
	(939,'婚宴套餐C','4888',1,212),
	(940,'婚宴套餐D','6088',1,212),
	(941,'婚宴套餐E','7288',1,212),
	(942,'佳偶天成宴','3288',1,213),
	(943,'珠联璧合宴','3688',1,213),
	(944,'美满人生宴','4988',1,213),
	(945,'锦绣良缘宴','5888',1,213),
	(946,'龙凤呈祥宴','6888',1,213),
	(947,'环球101唯爱宴','5888',1,214),
	(948,'环球101钟爱宴','6888',1,214),
	(949,'欢天喜地宴','8888',1,215),
	(950,'婚宴套餐A','10888',1,215),
	(951,'婚宴套餐B','15888',1,215),
	(952,'珍珠皇冠套系','4888',1,216),
	(953,'水晶皇冠套系','5888',1,216),
	(954,'珀丽皇冠套系','6888',1,216),
	(955,'美钻皇冠套系','7888',1,216),
	(956,'喜结良缘宴','2888',1,217),
	(957,'花好月圆宴','3588',1,217),
	(958,'百年好合宴','3988',1,217),
	(959,'佳偶天成宴','5088',1,217),
	(960,'婚宴套餐','3388',1,218),
	(961,'特惠龙虾宴','3588',1,218),
	(962,'婚宴套餐B','3888',1,218),
	(963,'婚宴套餐宴C','4288',1,218),
	(964,'百年好合宴','4388',1,219),
	(965,'龙凤呈祥宴','4888',1,219),
	(966,'比翼双飞宴','5388',1,219),
	(967,'喜结连理宴','5888',1,219),
	(968,'天赐良缘宴','6388',1,219),
	(969,'金玉满堂宴','7388',1,219),
	(970,'珠联璧合宴','3288',1,220),
	(971,'佳偶天成宴','3888',1,220),
	(972,'龙凤呈祥宴','4888',1,220),
	(973,'婚宴套餐A','3888',1,221),
	(974,'婚宴套餐B','4288',1,221),
	(975,'婚宴套餐C','5288',1,221),
	(976,'婚宴套餐D','5888',1,221),
	(977,'婚宴套餐E','6288',1,221),
	(978,'婚宴套餐F','6588',1,221),
	(979,'婚宴套餐G','6888',1,221),
	(980,'婚宴套餐I','9588',1,221),
	(981,'婚宴套餐A','9998',1,222),
	(982,'婚宴套餐B','13998',1,222),
	(983,'婚宴套餐C','15998',1,222),
	(984,'永结同心宴','8888',1,223),
	(985,'百年好合宴','9888',1,223),
	(986,'花好月圆宴','10888',1,223),
	(987,'天赐良缘宴','12888',1,223),
	(988,'中庭婚宴套餐系','6388',1,224),
	(989,'婚宴套餐B','6888',1,224),
	(990,'婚宴套餐C','7888',1,224),
	(991,'婚宴套餐D','9388',1,224),
	(992,'婚宴套餐A','4688',1,226),
	(993,'婚宴套餐B','5688',1,226),
	(994,'婚宴套餐C','6688',1,226),
	(995,'婚宴套餐A','450',2,227),
	(996,'婚宴套餐A','3688',1,227),
	(997,'婚宴套餐B','4688',1,227),
	(998,'婚宴套餐C','4888',1,227),
	(999,'婚宴套餐D','5888',1,227),
	(1000,'婚宴套餐E','6888',1,227),
	(1001,'婚宴套餐F','7888',1,227),
	(1002,'婚宴套餐I','8888',1,227),
	(1003,'淡季特价套餐','4688',1,228),
	(1004,'天长地久宴','5688',1,228),
	(1005,'佳偶天成宴','6188',1,228),
	(1006,'美满良缘宴','7188',1,228),
	(1007,'永结同心宴','9888',1,228),
	(1008,'婚宴套餐A','4500',1,229),
	(1009,'恒久璀璨宴','5500',2,229),
	(1010,'恒久璀璨宴','4888',1,229),
	(1011,'婚宴套餐B','5500',1,229),
	(1012,'铂金荣耀宴','5888',1,229),
	(1013,'至爱永恒宴','6888',1,229),
	(1014,'黄金婚宴','4688',1,230),
	(1015,'白金婚宴','5888',1,230),
	(1016,'钻石婚宴','6888',1,230),
	(1017,'婚宴套餐A','9999',1,231),
	(1018,'婚宴套餐B','12999',1,231),
	(1019,'婚宴套餐C','15999',1,231),
	(1020,'特惠婚宴菜单','7999',1,232),
	(1021,'特惠婚宴菜单B','8999',1,232),
	(1022,'特惠婚宴菜单C','9999',1,232),
	(1023,'永结同心宴','11888',1,232),
	(1024,'百年好合宴','13888',1,232),
	(1025,'佳偶天成宴','15888',1,232),
	(1026,'龙凤呈祥宴','18888',1,232),
	(1027,'水晶城堡套餐A ','3888',1,102),
	(1028,'水晶城堡套餐B ','4888',1,102),
	(1029,'水晶城堡套餐C','5988',1,102),
	(1030,'超值套餐','6988',2,102),
	(1031,'超值套餐','6667',1,102),
	(1032,'婚宴套餐A','5388',1,233),
	(1033,'婚宴套餐B','6188',1,233),
	(1034,'婚宴套餐C','6888',1,233),
	(1035,'婚宴套餐D','9888',1,233),
	(1036,'婚宴套餐A','5588',1,234),
	(1037,'婚宴套餐B','5888',1,234),
	(1038,'婚宴套餐C','6888',1,234),
	(1039,'婚宴套餐D','7888',1,234),
	(1040,'婚宴套餐E','8888',1,234),
	(1041,'婚宴特惠套餐','3888',1,236),
	(1042,'浦江合乐宴','4888',1,236),
	(1043,'浦江全景宴','5588',1,236),
	(1044,'香淳湾御膳宴','6888',1,236),
	(1045,'吉祥如意宴','2388',1,144),
	(1046,'金玉良缘宴','2888',1,144),
	(1047,'比翼双飞宴','3388',1,144),
	(1048,'伉俪情缘宴','3888',1,144),
	(1049,'龙凤和鸣宴','4388',1,144),
	(1050,'佳偶天成宴','4888',1,144),
	(1051,'富贵祥和宴','5388',1,144);

/*!40000 ALTER TABLE `hqsen_hotel_menu` ENABLE KEYS */;
UNLOCK TABLES;


# Dump of table hqsen_hotel_rec
# ------------------------------------------------------------

DROP TABLE IF EXISTS `hqsen_hotel_rec`;

CREATE TABLE `hqsen_hotel_rec` (
  `id` int(10) unsigned NOT NULL AUTO_INCREMENT COMMENT '自增主键',
  `hotel_id` varchar(15) NOT NULL COMMENT '酒店ID',
  `hotel_weight` int(15) NOT NULL COMMENT '酒店权重',
  `del_flag` tinyint(1) unsigned NOT NULL DEFAULT '1' COMMENT '1正常 2为删除',
  PRIMARY KEY (`id`)
) ENGINE=MyISAM DEFAULT CHARSET=utf8;

LOCK TABLES `hqsen_hotel_rec` WRITE;
/*!40000 ALTER TABLE `hqsen_hotel_rec` DISABLE KEYS */;

INSERT INTO `hqsen_hotel_rec` (`id`, `hotel_id`, `hotel_weight`, `del_flag`)
VALUES
	(1,'1',1,1),
	(2,'2',2,1),
	(3,'3',3,1),
	(4,'8',4,1),
	(5,'9',5,1),
	(6,'6',8,1),
	(7,'4',6,1),
	(8,'5',12,1),
	(9,'11',9,1),
	(10,'102',4,1),
	(11,'103',7,1),
	(12,'104',9,1),
	(13,'10',14,1),
	(14,'115',15,1),
	(15,'113',13,1),
	(16,'117',17,1),
	(17,'116',16,1),
	(18,'12',23,1),
	(19,'23',24,1),
	(20,'24',25,1),
	(21,'32',26,1),
	(22,'33',27,1),
	(23,'34',28,1),
	(24,'35',30,1),
	(25,'36',31,1),
	(26,'37',32,1),
	(27,'38',33,1),
	(28,'39',34,1),
	(29,'40',35,1),
	(30,'41',36,1),
	(31,'42',37,1),
	(32,'114',38,1),
	(33,'215',39,1),
	(34,'214',40,1),
	(35,'69',41,1),
	(36,'206',42,1),
	(37,'207',43,1),
	(38,'208',44,1),
	(39,'209',45,1),
	(40,'210',45,1),
	(41,'211',46,1),
	(42,'212',47,1),
	(43,'213',48,1),
	(44,'14',50,1),
	(45,'15',51,1),
	(46,'16',52,1),
	(47,'17',53,1),
	(48,'18',54,1),
	(49,'19',55,1),
	(50,'20',56,1),
	(51,'21',57,1),
	(52,'25',58,1),
	(53,'26',59,1),
	(54,'61',64,1),
	(55,'58',61,1),
	(56,'59',62,1),
	(57,'60',63,1),
	(58,'62',65,1),
	(59,'63',66,1),
	(60,'64',67,1),
	(61,'65',68,1),
	(62,'66',69,1),
	(63,'68',70,1),
	(64,'176',71,1),
	(65,'177',72,1),
	(66,'178',73,1),
	(67,'179',74,1),
	(68,'180',75,1),
	(69,'181',76,1),
	(70,'182',77,1),
	(71,'183',78,1),
	(72,'184',79,1),
	(73,'185',80,1),
	(74,'186',81,1),
	(75,'187',82,1),
	(76,'188',83,1),
	(77,'189',84,1),
	(78,'190',85,1),
	(79,'124',93,1),
	(80,'112',87,1),
	(81,'119',88,1),
	(82,'120',89,1),
	(83,'121',90,1),
	(84,'122',91,1),
	(85,'123',92,1),
	(86,'125',94,1),
	(87,'126',95,1),
	(88,'127',96,1),
	(89,'128',97,1),
	(90,'129',98,1),
	(91,'130',99,1),
	(92,'131',100,1),
	(93,'92',101,1),
	(94,'93',102,1),
	(95,'94',103,1),
	(96,'95',104,1),
	(97,'96',105,1),
	(98,'97',106,1),
	(99,'98',107,1),
	(100,'99',108,1),
	(101,'100',109,1),
	(102,'101',110,1),
	(103,'105',111,1),
	(104,'106',112,1),
	(105,'107',114,1),
	(106,'108',113,1),
	(107,'109',115,1),
	(108,'168',125,1),
	(109,'161',118,1),
	(110,'162',119,1),
	(111,'163',120,1),
	(112,'164',121,1),
	(113,'165',122,1),
	(114,'166',123,1),
	(115,'167',124,1),
	(116,'169',126,1),
	(117,'171',167,1),
	(118,'172',168,1),
	(119,'173',169,1),
	(120,'174',170,1),
	(121,'175',171,1),
	(122,'7',173,1),
	(123,'81',174,1),
	(124,'82',175,1),
	(125,'83',176,1),
	(126,'84',177,1),
	(127,'86',178,1),
	(128,'87',179,1),
	(129,'88',180,1),
	(130,'89',181,1),
	(131,'90',5,1),
	(132,'91',11,1),
	(133,'47',183,1),
	(134,'43',184,1),
	(135,'44',185,1),
	(136,'45',186,1),
	(137,'46',188,1),
	(138,'48',189,1),
	(139,'49',190,1),
	(140,'50',191,1),
	(141,'51',192,1),
	(142,'52',194,1),
	(143,'53',195,1),
	(144,'54',197,1),
	(145,'55',198,1),
	(146,'56',199,1),
	(147,'57',200,1),
	(148,'70',202,1),
	(149,'71',203,1),
	(150,'72',204,1),
	(151,'73',205,1),
	(152,'74',201,1),
	(153,'75',207,1),
	(154,'76',208,1),
	(155,'78',205,2),
	(156,'79',209,1),
	(157,'80',210,1),
	(158,'27',211,1),
	(159,'28',212,1),
	(160,'29',213,1),
	(161,'30',214,1),
	(162,'31',215,1),
	(163,'158',216,1),
	(164,'159',217,1),
	(165,'160',218,1),
	(166,'137',219,1),
	(167,'138',220,1),
	(168,'139',221,1),
	(169,'140',222,1),
	(170,'141',223,1),
	(171,'142',224,1),
	(172,'143',225,1),
	(173,'144',226,1),
	(174,'149',227,1),
	(175,'150',228,1),
	(176,'151',229,1),
	(177,'152',230,1),
	(178,'153',231,1),
	(179,'154',232,1),
	(180,'155',233,1),
	(181,'156',234,1),
	(182,'157',235,1),
	(183,'132',236,1),
	(184,'133',237,1),
	(185,'134',239,1),
	(186,'135',240,1),
	(187,'136',241,1),
	(188,'191',243,1),
	(189,'192',245,1),
	(190,'193',246,1),
	(191,'194',247,1),
	(192,'195',248,1),
	(193,'197',249,1),
	(194,'198',250,1),
	(195,'202',251,1),
	(196,'201',252,1),
	(197,'200',253,1),
	(198,'203',255,1),
	(199,'219',10,1),
	(200,'228',256,1),
	(201,'221',257,1),
	(202,'222',258,1),
	(203,'223',259,1),
	(204,'224',260,1),
	(205,'226',261,1),
	(206,'227',262,1),
	(207,'229',263,1),
	(208,'230',264,1),
	(209,'231',265,1),
	(210,'232',266,1),
	(211,'233',267,1),
	(212,'234',14,2);

/*!40000 ALTER TABLE `hqsen_hotel_rec` ENABLE KEYS */;
UNLOCK TABLES;


# Dump of table hqsen_hotel_room
# ------------------------------------------------------------

DROP TABLE IF EXISTS `hqsen_hotel_room`;

CREATE TABLE `hqsen_hotel_room` (
  `id` int(10) unsigned NOT NULL AUTO_INCREMENT COMMENT '自增主键',
  `room_name` varchar(15) NOT NULL COMMENT '宴会厅名称',
  `room_max_desk` varchar(15) NOT NULL DEFAULT '' COMMENT '最大容纳桌数',
  `room_min_desk` varchar(15) NOT NULL DEFAULT '' COMMENT '最少容纳桌数',
  `room_best_desk` varchar(15) NOT NULL DEFAULT '' COMMENT '最佳容纳桌数',
  `room_m` varchar(15) NOT NULL DEFAULT '' COMMENT '宴会厅面积',
  `room_lz` varchar(15) NOT NULL DEFAULT '' COMMENT '宴会厅立柱数',
  `room_image` text NOT NULL COMMENT '宴会厅介绍图片',
  `hotel_id` int(10) unsigned NOT NULL DEFAULT '0' COMMENT '酒店ID',
  `room_high` varchar(15) NOT NULL DEFAULT '' COMMENT '宴会厅层高',
  `del_flag` tinyint(1) unsigned NOT NULL DEFAULT '1' COMMENT '1正常 2为删除',
  PRIMARY KEY (`id`)
) ENGINE=MyISAM DEFAULT CHARSET=utf8;

LOCK TABLES `hqsen_hotel_room` WRITE;
/*!40000 ALTER TABLE `hqsen_hotel_room` DISABLE KEYS */;

INSERT INTO `hqsen_hotel_room` (`id`, `room_name`, `room_max_desk`, `room_min_desk`, `room_best_desk`, `room_m`, `room_lz`, `room_image`, `hotel_id`, `room_high`, `del_flag`)
VALUES
	(1,'A 厅','23','15','20','448平方','0','[\"http://sendevimg.oss-cn-zhangjiakou.aliyuncs.com/upload/user_web/1504951305119470931251356673.jpg\"]',1,'5.6米',1),
	(2,'B厅','21','15','18','427平米','0','[\"http://sendevimg.oss-cn-zhangjiakou.aliyuncs.com/upload/user_web/15049516244cfb27990174edc5f38f668a3fed844c_t01a7953afa8ca3ee62.jpg\",\"http://sendevimg.oss-cn-zhangjiakou.aliyuncs.com/upload/user_web/150510272020141104153232698的副本.jpg\"]',1,'5.6米',1),
	(3,'C厅','15','10','12','338平方','0','[\"http://sendevimg.oss-cn-zhangjiakou.aliyuncs.com/upload/user_web/1504951844329032525436197260.jpg\"]',1,'5.6米',1),
	(4,'大宴会厅','28','16','20','520平米','0','[\"http://sendevimg.oss-cn-zhangjiakou.aliyuncs.com/upload/user_web/1504951266微信图片_20170531143721.jpg\"]',2,'5.5米',1),
	(5,'小会议厅','10','6','8','189平米','0','[\"http://sendevimg.oss-cn-zhangjiakou.aliyuncs.com/upload/user_web/150150982120141104153814889.jpg\"]',2,'2.8米',1),
	(6,'2F','26','10','20','包间','0','[\"http://sendevimg.oss-cn-zhangjiakou.aliyuncs.com/upload/user_web/15049567891504951235.jpg\"]',3,'3.2米',1),
	(7,'国宴厅','60','20','35','1200平米','0','[\"http://sendevimg.oss-cn-zhangjiakou.aliyuncs.com/upload/user_web/1504951194c8275b1de801d7e8fa4094448b5ef76.png\"]',4,'8米',1),
	(8,'富锦荟','20','10','16','400平米','0','[\"http://sendevimg.oss-cn-zhangjiakou.aliyuncs.com/upload/user_web/150495120635b8c7af1a799e9e72a98e7ac2aa8bc.png\"]',4,'3.3米',1),
	(9,'宴会厅','23','15','18','487平方','2','[\"http://sendevimg.oss-cn-zhangjiakou.aliyuncs.com/upload/user_web/15049511143楼宴会厅Grand Hall 1.jpg\"]',5,'4.5米',1),
	(10,'景观厅','15','10','12','315平方','4','[\"http://sendevimg.oss-cn-zhangjiakou.aliyuncs.com/upload/user_web/150495115621楼.JPG\"]',5,'7.2米',1),
	(11,'宴会厅','28','22','25','545平方','0','[\"http://sendevimg.oss-cn-zhangjiakou.aliyuncs.com/upload/user_web/1504951023707470554127531240.jpg\"]',6,'6米',1),
	(12,'扬子厅','14','8','10','300平方','0','[\"http://sendevimg.oss-cn-zhangjiakou.aliyuncs.com/upload/user_web/1504951057微信图片_20170904141354.jpg\"]',6,'3.6米',1),
	(13,'金爵厅','32','25','20','550平方','0','[\"http://sendevimg.oss-cn-zhangjiakou.aliyuncs.com/upload/user_web/150155281420141104153232698.jpg\"]',7,'5.5米',1),
	(14,'银星厅','25','18','15','450平方','0','[\"http://sendevimg.oss-cn-zhangjiakou.aliyuncs.com/upload/user_web/150155284720141104153814889.jpg\"]',7,'5米',1),
	(15,'琥珀厅','16','10','12','350平方','0','[\"http://sendevimg.oss-cn-zhangjiakou.aliyuncs.com/upload/user_web/150155287620141104153841979.jpg\"]',7,'3米',1),
	(16,'碧玉厅','16','10','12','350平方','0','[\"http://sendevimg.oss-cn-zhangjiakou.aliyuncs.com/upload/user_web/150155291620141104153842439.jpg\"]',7,'3米',1),
	(17,'大宴会厅','38','8','32','600平方','0','[\"http://sendevimg.oss-cn-zhangjiakou.aliyuncs.com/upload/user_web/1504950902微信图片_20170905101913.jpg\"]',8,'6.6米',1),
	(18,'大宴会厅','30','15','20','600平方','0','[\"http://sendevimg.oss-cn-zhangjiakou.aliyuncs.com/upload/user_web/1504950606微信图片_20170904170033.jpg\"]',9,'7米',1),
	(19,'水晶宴会厅 ','14','5','10','250平方','0','[\"http://sendevimg.oss-cn-zhangjiakou.aliyuncs.com/upload/user_web/1504950763微信图片_20170904170140.jpg\"]',9,'4.5米',1),
	(20,'上海厅','36','10','30','570平方','0','[\"http://sendevimg.oss-cn-zhangjiakou.aliyuncs.com/upload/user_web/1504950304图片10.png\"]',10,'4.6米',1),
	(21,'欢。宴会厅','40','16','40','800㎡','2','[\"http://sendevimg.oss-cn-zhangjiakou.aliyuncs.com/upload/user_web/1506158682微信图片_20170923172411.png\"]',12,'12m',1),
	(22,'碟。宴会厅','16','12','16','320㎡','2','[\"http://sendevimg.oss-cn-zhangjiakou.aliyuncs.com/upload/user_web/1506158696微信图片_20170923172417.png\"]',12,'4',1),
	(23,'1.2.3宴会厅5F','42','0','35','870','0','[\"http://sendevimg.oss-cn-zhangjiakou.aliyuncs.com/upload/user_web/1505707983图片1.png\",\"http://sendevimg.oss-cn-zhangjiakou.aliyuncs.com/upload/user_web/1505708571微信图片_20170918122244.jpg\"]',13,'7',1),
	(24,'4.5.6.宴会厅5F','18','0','15','375','0','[\"http://sendevimg.oss-cn-zhangjiakou.aliyuncs.com/upload/user_web/1505708361微信图片_20170918121534.jpg\",\"http://sendevimg.oss-cn-zhangjiakou.aliyuncs.com/upload/user_web/1505708512微信图片_20170918122117.jpg\"]',13,'7',1),
	(25,'大宴会厅','50','25','30','870平米','0','[\"http://sendevimg.oss-cn-zhangjiakou.aliyuncs.com/upload/user_web/1505711130图片1.jpg\"]',11,'7M',1),
	(26,'黄浦厅','8','0','8','140','0','[\"http://sendevimg.oss-cn-zhangjiakou.aliyuncs.com/upload/user_web/1505713442微信图片_20170918133406.jpg\"]',14,'0',1),
	(27,'雍延厅','15','0','10','156','1','[\"http://sendevimg.oss-cn-zhangjiakou.aliyuncs.com/upload/user_web/1505714639微信图片_20170918135118.jpg\"]',19,'3.2',1),
	(28,'朗延厅B','8','0','8','113','0','[\"http://sendevimg.oss-cn-zhangjiakou.aliyuncs.com/upload/user_web/1506221526微信图片_20170924105234.jpg\"]',19,'3',1),
	(29,'朗廷A','8','0','8','113','0','[\"http://sendevimg.oss-cn-zhangjiakou.aliyuncs.com/upload/user_web/1505714802微信图片_20170918140630.jpg\"]',19,'3',1),
	(30,'朗廷（全厅）多功能厅','16','0','14','260','2','[\"http://sendevimg.oss-cn-zhangjiakou.aliyuncs.com/upload/user_web/1505714961微信图片_20170918140909.jpg\"]',19,'3.5',1),
	(31,'瑞延厅','30','0','26','335','0','[\"http://sendevimg.oss-cn-zhangjiakou.aliyuncs.com/upload/user_web/1505715654微信图片_20170918142042.jpg\"]',19,'4',1),
	(32,'金外滩厅5F','20','0','18','300','2','[\"http://sendevimg.oss-cn-zhangjiakou.aliyuncs.com/upload/user_web/1505717164图片1.png\"]',20,'2.6',1),
	(33,'海潮厅','10','0','8','140','0','[\"http://sendevimg.oss-cn-zhangjiakou.aliyuncs.com/upload/user_web/1505718050微信图片_20170918150029.jpg\"]',18,'2.6',1),
	(34,'波尔多厅4F','13','0','10','232','0','[\"http://sendevimg.oss-cn-zhangjiakou.aliyuncs.com/upload/user_web/1505718142微信图片_20170918150029.jpg\"]',18,'2.6',1),
	(35,'海华厅5F','27','0','20','400','0','[\"http://sendevimg.oss-cn-zhangjiakou.aliyuncs.com/upload/user_web/1505718227微信图片_20170918150332.jpg\"]',18,'4',1),
	(36,'珍珠厅','15','0','12','250','0','[\"http://sendevimg.oss-cn-zhangjiakou.aliyuncs.com/upload/user_web/1505718527微信图片_20170918150554.jpg\"]',17,'6',1),
	(37,'和谐厅3F','10','0','10','200','0','[\"http://sendevimg.oss-cn-zhangjiakou.aliyuncs.com/upload/user_web/1505719182微信图片_20170918151607.jpg\"]',16,'5',1),
	(38,'大厅3F','35','0','28','600','0','[\"http://sendevimg.oss-cn-zhangjiakou.aliyuncs.com/upload/user_web/1505719310微信图片_20170918152133.jpg\",\"http://sendevimg.oss-cn-zhangjiakou.aliyuncs.com/upload/user_web/1505719315微信图片_20170918152137.jpg\"]',16,'8',1),
	(39,'露天中庭','20','0','20','1055','0','[\"http://sendevimg.oss-cn-zhangjiakou.aliyuncs.com/upload/user_web/1505719790微信图片_20170918152757.jpg\"]',15,'0',1),
	(40,'万卷廊','5','0','5','220','0','[\"http://sendevimg.oss-cn-zhangjiakou.aliyuncs.com/upload/user_web/1505719850微信图片_20170918152801.jpg\"]',15,'6.5',1),
	(41,'蔚景阁5F','5','0','5','0','0','[\"http://sendevimg.oss-cn-zhangjiakou.aliyuncs.com/upload/user_web/1505719941微信图片_20170918153207.jpg\"]',15,'7',1),
	(42,'嘉会厅3F','6','0','6','120','0','[\"http://sendevimg.oss-cn-zhangjiakou.aliyuncs.com/upload/user_web/1505720101微信图片_20170918153439.jpg\",\"http://sendevimg.oss-cn-zhangjiakou.aliyuncs.com/upload/user_web/1505720109微信图片_20170918153436.jpg\"]',15,'4.3',1),
	(43,'箐会厅3F','10','0','10','220','0','[\"http://sendevimg.oss-cn-zhangjiakou.aliyuncs.com/upload/user_web/1505720254微信图片_20170918153723.jpg\"]',15,'4.3',1),
	(44,'上海总会厅3F','24','0','24','420','0','[\"http://sendevimg.oss-cn-zhangjiakou.aliyuncs.com/upload/user_web/1505720381微信图片_20170918153923.jpg\"]',15,'5.1',1),
	(45,'宴会厅4F','12','0','10','0','0','[\"http://sendevimg.oss-cn-zhangjiakou.aliyuncs.com/upload/user_web/1505722361微信图片_20170918160738.png\"]',21,'4',1),
	(46,'宴会厅2F','26','0','23','0','0','[\"http://sendevimg.oss-cn-zhangjiakou.aliyuncs.com/upload/user_web/1505722470微信图片_20170918161414.png\"]',21,'4',1),
	(47,'桂冠全厅2F','58','0','58','1000','0','[\"http://sendevimg.oss-cn-zhangjiakou.aliyuncs.com/upload/user_web/1505724366微信图片_2.png\",\"http://sendevimg.oss-cn-zhangjiakou.aliyuncs.com/upload/user_web/1505724480微信图片_20170918164711.png\"]',23,'5',1),
	(48,'桂冠3厅2F','20','0','20','336','0','[\"http://sendevimg.oss-cn-zhangjiakou.aliyuncs.com/upload/user_web/1505724825微信图片_20170918165306.png\",\"http://sendevimg.oss-cn-zhangjiakou.aliyuncs.com/upload/user_web/1505724841微信图片_20170918165311.png\",null]',23,'4',1),
	(49,'桂冠2厅2F','12','0','12','252','0','[\"http://sendevimg.oss-cn-zhangjiakou.aliyuncs.com/upload/user_web/1505724938微信图片_20170918165314.png\"]',23,'4',1),
	(50,'桂冠1厅2F','20','0','20','336','0','[\"http://sendevimg.oss-cn-zhangjiakou.aliyuncs.com/upload/user_web/1505725140微信图片_20170918164354.png\"]',23,'5',1),
	(51,'宴会厅4F','6','0','5','150','0','[\"http://sendevimg.oss-cn-zhangjiakou.aliyuncs.com/upload/user_web/1505727724微信图片_20170918174151.jpg\"]',25,'4',1),
	(52,'荟景厅5F','10','4','8','220','0','[\"http://sendevimg.oss-cn-zhangjiakou.aliyuncs.com/upload/user_web/1505727912微信图片_20170918174454.jpg\"]',25,'4.2',1),
	(53,'中餐厅4F','16','0','12','350','0','[\"http://sendevimg.oss-cn-zhangjiakou.aliyuncs.com/upload/user_web/1505728061微信图片_20170918174727.jpg\"]',25,'3.9',1),
	(54,'浦江厅','22','0','20','360','0','[\"http://sendevimg.oss-cn-zhangjiakou.aliyuncs.com/upload/user_web/1505728174微信图片_20170918174917.jpg\"]',25,'4',1),
	(55,'小厅2F','14','0','12','200','0','[\"http://sendevimg.oss-cn-zhangjiakou.aliyuncs.com/upload/user_web/1505729195微信图片_20170918180614.jpg\",\"http://sendevimg.oss-cn-zhangjiakou.aliyuncs.com/upload/user_web/1505729197微信图片_20170918180617.jpg\"]',26,'3.3',1),
	(56,'大厅1','22','0','20','300','0','[\"http://sendevimg.oss-cn-zhangjiakou.aliyuncs.com/upload/user_web/1505729360微信图片_20170918180902.jpg\"]',26,'3.3',1),
	(57,'大厅2F','22','0','18','300','0','[\"http://sendevimg.oss-cn-zhangjiakou.aliyuncs.com/upload/user_web/1505729480微信图片_20170918181109.jpg\"]',26,'3.3',1),
	(58,'郁金香厅1F','14','0','10','220','2','[\"http://sendevimg.oss-cn-zhangjiakou.aliyuncs.com/upload/user_web/1505729855微信图片_20170918181717.jpg\"]',27,'3.5',1),
	(59,'玫瑰厅3F','22','0','22','330','0','[\"http://sendevimg.oss-cn-zhangjiakou.aliyuncs.com/upload/user_web/1505729938微信图片_20170918181721.jpg\"]',27,'6',1),
	(60,'品珍轩','12','0','8','0','0','[\"http://sendevimg.oss-cn-zhangjiakou.aliyuncs.com/upload/user_web/1505730825微信图片_20170918183320.jpg\"]',28,'3.5',1),
	(61,'金钻B厅','25','0','20','415','0','[\"http://sendevimg.oss-cn-zhangjiakou.aliyuncs.com/upload/user_web/1505730900微信图片_20170918183449.jpg\"]',28,'6',1),
	(62,'金钻A厅','25','0','20','415','0','[\"http://sendevimg.oss-cn-zhangjiakou.aliyuncs.com/upload/user_web/1505730953微信图片_20170918183543.jpg\"]',28,'6',1),
	(63,'金钻厅','25','0','20','415','0','[\"http://sendevimg.oss-cn-zhangjiakou.aliyuncs.com/upload/user_web/1505731032微信图片_20170918183703.jpg\"]',28,'6',1),
	(64,'百合厅','6','0','6','80','0','[\"http://sendevimg.oss-cn-zhangjiakou.aliyuncs.com/upload/user_web/1505731178微信图片_20170918183924.jpg\"]',29,'3',1),
	(65,'白玉兰厅','7','0','7','100','0','[\"http://sendevimg.oss-cn-zhangjiakou.aliyuncs.com/upload/user_web/1505731236微信图片_20170918184023.jpg\"]',29,'3',1),
	(66,'郁金香厅','14','0','14','200','0','[\"http://sendevimg.oss-cn-zhangjiakou.aliyuncs.com/upload/user_web/1505731309微信图片_20170918184139.jpg\"]',29,'3',1),
	(67,'玫瑰厅','20','0','20','300','0','[\"http://sendevimg.oss-cn-zhangjiakou.aliyuncs.com/upload/user_web/1505731353微信图片_20170918184223.jpg\"]',29,'5',1),
	(68,'贺圣朝5F','20','0','15','350','0','[\"http://sendevimg.oss-cn-zhangjiakou.aliyuncs.com/upload/user_web/1505731692微信图片_20170918184801.jpg\"]',30,'3.5',1),
	(69,'宴会多功能厅9F','12','0','12','190','0','[\"http://sendevimg.oss-cn-zhangjiakou.aliyuncs.com/upload/user_web/1505732050微信图片_20170918185356.jpg\"]',31,'3.3',1),
	(70,'宴会厅3F','21','0','18','350','0','[\"http://sendevimg.oss-cn-zhangjiakou.aliyuncs.com/upload/user_web/1505734048微信图片_20170918192522.png\"]',24,'5',1),
	(71,'宴会厅3F','26','0','24','450','0','[\"http://sendevimg.oss-cn-zhangjiakou.aliyuncs.com/upload/user_web/1505734761微信图片_20170918193920.png\"]',32,'0',1),
	(72,'佳友厅','20','0','16','400','0','[\"http://sendevimg.oss-cn-zhangjiakou.aliyuncs.com/upload/user_web/15057348893.png\"]',32,'7',1),
	(73,'玉兰轩厅','16','16','14','240','0','[\"http://sendevimg.oss-cn-zhangjiakou.aliyuncs.com/upload/user_web/15057350174.png\"]',32,'3.5',1),
	(74,'巴罗莎厅1F','10','10','10','200','0','[\"http://sendevimg.oss-cn-zhangjiakou.aliyuncs.com/upload/user_web/15057351734.png\"]',32,'4',1),
	(75,'嘉宾厅2F','30','0','25','665','0','[\"http://sendevimg.oss-cn-zhangjiakou.aliyuncs.com/upload/user_web/1505735970微信图片_20170918195523.jpg\"]',33,'5.4',1),
	(76,'宴会厅2F','60','0','50','920','0','[\"http://sendevimg.oss-cn-zhangjiakou.aliyuncs.com/upload/user_web/1505736029微信图片_20170918195528.jpg\"]',33,'5.4',1),
	(77,'木兰厅','26','0','26','0','2','[\"http://sendevimg.oss-cn-zhangjiakou.aliyuncs.com/upload/user_web/1505736739证大.jpg\"]',34,'6.5',1),
	(78,'黄埔厅3F','15','0','12','250','0','[\"http://sendevimg.oss-cn-zhangjiakou.aliyuncs.com/upload/user_web/1505737374微信图片_20170918202040.jpg\"]',35,'6',1),
	(79,'哈瓦那厅2F','15','0','12','300','0','[\"http://sendevimg.oss-cn-zhangjiakou.aliyuncs.com/upload/user_web/1505737441微信图片_20170918202040.jpg\"]',35,'6',1),
	(80,'舜华宴会厅3F','36','0','32','705','0','[null]',35,'6',1),
	(81,'巴黎厅2F','12','0','10','225','0','[\"http://sendevimg.oss-cn-zhangjiakou.aliyuncs.com/upload/user_web/1505738222微信图片_20170918203251.jpg\"]',36,'3',1),
	(82,'海神宫4F','18','0','12','190','0','[\"http://sendevimg.oss-cn-zhangjiakou.aliyuncs.com/upload/user_web/1505738270微信图片_20170918203256.jpg\"]',36,'2.5',1),
	(83,'麦哲伦厅','28','0','25','480','0','[\"http://sendevimg.oss-cn-zhangjiakou.aliyuncs.com/upload/user_web/1505738366微信图片_20170918203256.jpg\"]',36,'3.8',1),
	(84,'辰茂厅','13','0','13','200','1','[\"http://sendevimg.oss-cn-zhangjiakou.aliyuncs.com/upload/user_web/1505738950通2.jpg\"]',37,'3.8',1),
	(85,'之茂厅','13','0','13','250','1','[\"http://sendevimg.oss-cn-zhangjiakou.aliyuncs.com/upload/user_web/1505739013通3.jpg\"]',37,'3.8',1),
	(86,'沙海厅4F','80','0','70','800','0','[\"http://sendevimg.oss-cn-zhangjiakou.aliyuncs.com/upload/user_web/1505739491纱.jpg\"]',38,'6.5',1),
	(87,'海燕厅2F','30','0','30','400','2','[\"http://sendevimg.oss-cn-zhangjiakou.aliyuncs.com/upload/user_web/1505739560纱1.jpg\"]',38,'3.5',1),
	(88,'悉尼厅','16','0','15','200','2','[\"http://sendevimg.oss-cn-zhangjiakou.aliyuncs.com/upload/user_web/1505739613纱3.jpg\"]',38,'3.5',1),
	(89,'文化宴会厅','30','0','25','625','2','[\"http://sendevimg.oss-cn-zhangjiakou.aliyuncs.com/upload/user_web/1505739987花2.jpg\"]',39,'8',1),
	(90,'文华东方厅','15','0','12','325','2','[\"http://sendevimg.oss-cn-zhangjiakou.aliyuncs.com/upload/user_web/1505740038花3.jpg\"]',39,'3.4',1),
	(91,'紫金厅4F','40','0','40','800','1','[\"http://sendevimg.oss-cn-zhangjiakou.aliyuncs.com/upload/user_web/1505741435紫3.jpg\",null]',40,'4',1),
	(92,'紫玉厅4F','17','0','17','420','2','[\"http://sendevimg.oss-cn-zhangjiakou.aliyuncs.com/upload/user_web/1505741481紫2.jpg\"]',40,'4',1),
	(93,'金陵厅4F','8','0','8','180','2','[\"http://sendevimg.oss-cn-zhangjiakou.aliyuncs.com/upload/user_web/1505741515紫3.jpg\"]',40,'4',1),
	(94,'悦庭轩3F','35','0','32','535','0','[\"http://sendevimg.oss-cn-zhangjiakou.aliyuncs.com/upload/user_web/1505742236只1.jpg\"]',41,'4',1),
	(95,'宴会中厅3F','18','0','16','330','0','[\"http://sendevimg.oss-cn-zhangjiakou.aliyuncs.com/upload/user_web/1505742329只1.jpg\"]',41,'4',1),
	(96,'万和厅 ','40','0','30','638','0','[\"http://sendevimg.oss-cn-zhangjiakou.aliyuncs.com/upload/user_web/1505742606微信图片_20170918214915.jpg\"]',42,'5',1),
	(97,'万美厅','26','0','22','400','0','[\"http://sendevimg.oss-cn-zhangjiakou.aliyuncs.com/upload/user_web/1505742664微信图片_20170918214911.jpg\"]',42,'5',1),
	(98,'宴会厅4F','22','0','18','0','4','[\"http://sendevimg.oss-cn-zhangjiakou.aliyuncs.com/upload/user_web/1505963165微信图片_20170921110657.jpg\"]',44,'4',1),
	(99,'兴华厅EF','20','0','18','0','0','[\"http://sendevimg.oss-cn-zhangjiakou.aliyuncs.com/upload/user_web/1505963270微信图片_20170921110657.jpg\"]',44,'6.8',1),
	(100,'会议厅3F','12','0','10','220','0','[\"http://sendevimg.oss-cn-zhangjiakou.aliyuncs.com/upload/user_web/1505963740微信图片_20170921111530.png\"]',45,'3.4',1),
	(101,'宴会厅5F','35','0','35','0','0','[\"http://sendevimg.oss-cn-zhangjiakou.aliyuncs.com/upload/user_web/1505964869微信图片_20170921113115.png\"]',43,'7',1),
	(102,'宴会厅7F','35','0','35','0','0','[\"http://sendevimg.oss-cn-zhangjiakou.aliyuncs.com/upload/user_web/1505964985微信图片_20170921113714.png\"]',43,'7',1),
	(103,'梅花厅2F','10','0','8','150','0','[\"http://sendevimg.oss-cn-zhangjiakou.aliyuncs.com/upload/user_web/1505965353微信图片_20170921114001.png\"]',46,'5',1),
	(104,'兰花厅1F','8','0','6','150','0','[\"http://sendevimg.oss-cn-zhangjiakou.aliyuncs.com/upload/user_web/1505965473微信图片_20170921114528.png\"]',46,'5',1),
	(105,'樱花厅2F','10','0','8','150','0','[\"http://sendevimg.oss-cn-zhangjiakou.aliyuncs.com/upload/user_web/1505965552微信图片_20170921114652.png\"]',46,'5',1),
	(106,'太极宴会厅','22','0','18','400','0','[\"http://sendevimg.oss-cn-zhangjiakou.aliyuncs.com/upload/user_web/1505965645微信图片_20170921114823.png\"]',46,'5',1),
	(107,'银星厅4F','26','0','16','450','0','[\"http://sendevimg.oss-cn-zhangjiakou.aliyuncs.com/upload/user_web/1505966153微信图片_20170921115638.png\"]',47,'5.5',1),
	(108,'金爵厅','30','0','25','550','0','[\"http://sendevimg.oss-cn-zhangjiakou.aliyuncs.com/upload/user_web/1505966204微信图片_20170921115644.png\"]',47,'6.5',1),
	(109,'大宴会厅2F','30','0','24','570','0','[\"http://sendevimg.oss-cn-zhangjiakou.aliyuncs.com/upload/user_web/1505966560微信图片_20170921120339.png\",\"http://sendevimg.oss-cn-zhangjiakou.aliyuncs.com/upload/user_web/1505966606微信图片_20170921120405.png\"]',48,'7.8',1),
	(110,'大宴会厅（1 2 3）3F','75','0','70','1300','0','[\"http://sendevimg.oss-cn-zhangjiakou.aliyuncs.com/upload/user_web/1505967259微信图片_20170921121507.png\"]',49,'7.9',1),
	(111,'宴会厅1 2或2 3 3F','42','0','40','866','0','[\"http://sendevimg.oss-cn-zhangjiakou.aliyuncs.com/upload/user_web/1505967448微信图片_20170921121817.png\"]',49,'7.9',1),
	(112,'宴会厅1或2或3 3F','22','0','20','433','0','[\"http://sendevimg.oss-cn-zhangjiakou.aliyuncs.com/upload/user_web/1505967572微信图片_20170921121817.png\"]',49,'7.9',1),
	(113,'鼎汇厅','20','0','16','300','2','[\"http://sendevimg.oss-cn-zhangjiakou.aliyuncs.com/upload/user_web/1505971535微信图片_20170921132637.png\"]',50,'3.5',1),
	(114,'鼎泰厅','30','0','26','425','0','[\"http://sendevimg.oss-cn-zhangjiakou.aliyuncs.com/upload/user_web/1505971629微信图片_20170921132810.jpg\"]',50,'5.3',1),
	(115,'颐景厅21F','20','0','8','220','2','[\"http://sendevimg.oss-cn-zhangjiakou.aliyuncs.com/upload/user_web/1505972150微信图片_20170921133652.jpg\"]',51,'3.8',1),
	(116,'万顺厅6F','20','0','18','350','2','[\"http://sendevimg.oss-cn-zhangjiakou.aliyuncs.com/upload/user_web/1505972277微信图片_20170921133855.png\"]',51,'3.8',1),
	(117,'百卉苑','20','0','18','350','2','[\"http://sendevimg.oss-cn-zhangjiakou.aliyuncs.com/upload/user_web/1505972400微信图片_20170921133652.jpg\"]',51,'3.8',1),
	(118,'星光厅','20','0','18','350','2','[\"http://sendevimg.oss-cn-zhangjiakou.aliyuncs.com/upload/user_web/1505972599微信图片_20170921134415.jpg\"]',51,'3.8',1),
	(119,'百花厅','40','0','38','0','0','[\"http://sendevimg.oss-cn-zhangjiakou.aliyuncs.com/upload/user_web/1505972981微信图片_20170921134904.png\"]',52,'3.5',1),
	(120,'劲松厅','20','0','18','0','0','[\"http://sendevimg.oss-cn-zhangjiakou.aliyuncs.com/upload/user_web/1505973082微信图片_20170921135215.png\"]',52,'3.5',1),
	(121,'牡丹亭','20','0','18','0','0','[\"http://sendevimg.oss-cn-zhangjiakou.aliyuncs.com/upload/user_web/1505973135微信图片_20170921135220.png\"]',52,'3.5',1),
	(122,'衡山厅','12','0','12','0','0','[\"http://sendevimg.oss-cn-zhangjiakou.aliyuncs.com/upload/user_web/1505974035微信图片_20170921140816.png\"]',53,'4',1),
	(123,'泰山厅','12','0','12','0','0','[\"http://sendevimg.oss-cn-zhangjiakou.aliyuncs.com/upload/user_web/1505974144微信图片_20170921140957.png\"]',53,'4',1),
	(124,'百花厅','23','0','23','0','0','[\"http://sendevimg.oss-cn-zhangjiakou.aliyuncs.com/upload/user_web/1505974203微信图片_20170921141059.png\"]',53,'4',1),
	(125,'皇家厅2F','16','0','16','0','0','[\"http://sendevimg.oss-cn-zhangjiakou.aliyuncs.com/upload/user_web/1505974661微信图片_20170921141834.png\"]',54,'5',1),
	(126,'豪华宴会厅3F','27','0','27','0','0','[\"http://sendevimg.oss-cn-zhangjiakou.aliyuncs.com/upload/user_web/1505974731微信图片_20170921141834.png\"]',54,'5',1),
	(127,'大厅','18','0','15','0','0','[\"http://sendevimg.oss-cn-zhangjiakou.aliyuncs.com/upload/user_web/1505974951微信图片_20170921142312.png\"]',55,'0',1),
	(128,'宴会厅','9','0','6','0','0','[\"http://sendevimg.oss-cn-zhangjiakou.aliyuncs.com/upload/user_web/1505975717微信图片_20170921143600.png\"]',56,'3.5',1),
	(129,'玉兰厅','20','0','20','0','2','[\"http://sendevimg.oss-cn-zhangjiakou.aliyuncs.com/upload/user_web/1505975831微信图片_20170921143803.png\"]',56,'3.8',1),
	(130,'独立宴会厅','36','0','32','700','0','[\"http://sendevimg.oss-cn-zhangjiakou.aliyuncs.com/upload/user_web/1505976437微信图片_20170921144818.jpg\"]',57,'8',1),
	(131,'丽宫3F','18','0','16','0','0','[\"http://sendevimg.oss-cn-zhangjiakou.aliyuncs.com/upload/user_web/1505976932微信图片_20170921145635.jpg\"]',58,'4',1),
	(132,'香宫','25','0','23','0','0','[\"http://sendevimg.oss-cn-zhangjiakou.aliyuncs.com/upload/user_web/1505977019微信图片_20170921145801.jpg\"]',58,'4',1),
	(133,'玉兰厅1F','12','0','10','300','0','[\"http://sendevimg.oss-cn-zhangjiakou.aliyuncs.com/upload/user_web/1505977359微信图片_20170921150344.jpg\"]',59,'5.5',1),
	(134,'粤海厅2F','18','0','15','400','0','[\"http://sendevimg.oss-cn-zhangjiakou.aliyuncs.com/upload/user_web/1505977543微信图片_20170921150059.jpg\"]',59,'6',1),
	(135,'牡丹厅2F','25','0','20','450','0','[\"http://sendevimg.oss-cn-zhangjiakou.aliyuncs.com/upload/user_web/1505977612微信图片_20170921150755.jpg\"]',59,'5',1),
	(136,'群英厅（1 2）','10','0','9','180','0','[\"http://sendevimg.oss-cn-zhangjiakou.aliyuncs.com/upload/user_web/1505977998微信图片_20170921151413.jpg\"]',60,'3.8',1),
	(137,'双喜厅4F','24','0','20','0','0','[\"http://sendevimg.oss-cn-zhangjiakou.aliyuncs.com/upload/user_web/1505979076微信图片_20170921151907.jpg\"]',61,'3',1),
	(138,'上海厅2F','20','0','18','0','0','[\"http://sendevimg.oss-cn-zhangjiakou.aliyuncs.com/upload/user_web/1505979182微信图片_20170921153352.png\"]',61,'3',1),
	(139,'彩虹厅25F','17','0','15','0','0','[\"http://sendevimg.oss-cn-zhangjiakou.aliyuncs.com/upload/user_web/1505979312微信图片_20170921153606.png\"]',61,'4',1),
	(140,'浦江荟5F','15','0','13','400','0','[\"http://sendevimg.oss-cn-zhangjiakou.aliyuncs.com/upload/user_web/1505979699微信图片_20170921154230.png\"]',62,'3',1),
	(141,'浦华厅','25','0','20','420','0','[\"http://sendevimg.oss-cn-zhangjiakou.aliyuncs.com/upload/user_web/1505979820微信图片_20170921154439.jpg\"]',62,'4',1),
	(142,'多功能小厅','5','0','5','200','0','[\"http://sendevimg.oss-cn-zhangjiakou.aliyuncs.com/upload/user_web/1505979982微信图片_20170921154704.png\"]',63,'5',1),
	(143,'阳光厅2F','12','0','10','190','0','[\"http://sendevimg.oss-cn-zhangjiakou.aliyuncs.com/upload/user_web/1505980077微信图片_20170921154855.png\"]',63,'3.5',1),
	(144,'多功能大厅','17','0','14','250','0','[\"http://sendevimg.oss-cn-zhangjiakou.aliyuncs.com/upload/user_web/1505980164微信图片_20170921155019.png\"]',63,'4',1),
	(145,'顺荣厅2F','20','0','17','250','0','[\"http://sendevimg.oss-cn-zhangjiakou.aliyuncs.com/upload/user_web/1505980281微信图片_20170921155019.png\"]',63,'4',1),
	(146,'琉璃厅MF','5','0','5','79','0','[\"http://sendevimg.oss-cn-zhangjiakou.aliyuncs.com/upload/user_web/1505980731微信图片_20170921155946.png\"]',64,'3',1),
	(147,'外滩宴会厅1F','21','0','20','450','0','[\"http://sendevimg.oss-cn-zhangjiakou.aliyuncs.com/upload/user_web/1505980827微信图片_20170921160125.png\"]',64,'4',1),
	(148,'大宴会厅1F','45','0','40','850','0','[\"http://sendevimg.oss-cn-zhangjiakou.aliyuncs.com/upload/user_web/1505980917微信图片_20170921160257.png\"]',64,'7',1),
	(149,'宴会厅4F','18','0','15','394','0','[\"http://sendevimg.oss-cn-zhangjiakou.aliyuncs.com/upload/user_web/1505981312微信图片_20170921160925.png\"]',65,'3.5',1),
	(150,'宴会厅16F','16','0','12','328','0','[\"http://sendevimg.oss-cn-zhangjiakou.aliyuncs.com/upload/user_web/1505981410微信图片_20170921161102.png\"]',65,'5.5',1),
	(151,'香榭丽厅2F','15','0','10','0','0','[\"http://sendevimg.oss-cn-zhangjiakou.aliyuncs.com/upload/user_web/1505981806微信图片_20170921161741.png\"]',66,'4.2',1),
	(152,'海泓棠','35','0','20','0','0','[\"http://sendevimg.oss-cn-zhangjiakou.aliyuncs.com/upload/user_web/1505981930微信图片_20170921161948.png\"]',66,'7.5',1),
	(153,'水晶厅','14','0','12','250','0','[\"http://sendevimg.oss-cn-zhangjiakou.aliyuncs.com/upload/user_web/1505982258微信图片_20170921162515.png\"]',67,'4',1),
	(154,'大宴会厅3F','33','0','30','600','0','[\"http://sendevimg.oss-cn-zhangjiakou.aliyuncs.com/upload/user_web/1505982354微信图片_20170921162651.png\"]',67,'7',1),
	(155,'宴会厅','14','0','12','300','0','[\"http://sendevimg.oss-cn-zhangjiakou.aliyuncs.com/upload/user_web/1505982744微信图片_20170921163320.png\"]',68,'4',1),
	(156,'新大楼宴会厅2F','28','0','26','400','0','[\"http://sendevimg.oss-cn-zhangjiakou.aliyuncs.com/upload/user_web/1505983099微信图片_20170921163913.png\"]',69,'5',1),
	(157,'香樟厅1F','12','0','10','170','0','[\"http://sendevimg.oss-cn-zhangjiakou.aliyuncs.com/upload/user_web/1505983196微信图片_20170921164048.png\"]',69,'4',1),
	(158,'银杏苑1F','20','0','18','270','0','[\"http://sendevimg.oss-cn-zhangjiakou.aliyuncs.com/upload/user_web/1505983281微信图片_20170921164219.png\"]',69,'3.8',1),
	(159,'百合宴1F','24','0','20','300','0','[\"http://sendevimg.oss-cn-zhangjiakou.aliyuncs.com/upload/user_web/1505983362微信图片_20170921164339.png\"]',69,'3',1),
	(160,'凯延A','18','0','14','195','0','[\"http://sendevimg.oss-cn-zhangjiakou.aliyuncs.com/upload/user_web/1505983751微信图片_20170921164946.png\"]',70,'4',1),
	(161,'凯延B','18','0','14','195','0','[\"http://sendevimg.oss-cn-zhangjiakou.aliyuncs.com/upload/user_web/1505983829微信图片_20170921165120.png\"]',70,'4',1),
	(162,'凯延（全厅）多功能厅','30','0','28','460','0','[\"http://sendevimg.oss-cn-zhangjiakou.aliyuncs.com/upload/user_web/1505983927微信图片_20170921165302.png\"]',70,'4.5',1),
	(163,'华宫大宴会厅','60','0','50','1030','0','[\"http://sendevimg.oss-cn-zhangjiakou.aliyuncs.com/upload/user_web/1505984457微信图片_20170921170153.png\"]',71,'10',1),
	(164,'宴会厅2 2F','24','0','18','550','0','[\"http://sendevimg.oss-cn-zhangjiakou.aliyuncs.com/upload/user_web/1505984946微信图片_20170921170950.png\"]',72,'7',1),
	(165,'宴会厅1 2F','48','0','30','1100','0','[\"http://sendevimg.oss-cn-zhangjiakou.aliyuncs.com/upload/user_web/1505985029微信图片_20170921170955.png\"]',72,'7',1),
	(166,'豪华宴会厅','85','0','50','1706','0','[\"http://sendevimg.oss-cn-zhangjiakou.aliyuncs.com/upload/user_web/1505985087微信图片_20170921170959.png\"]',72,'7',1),
	(167,'宴会厅4F','18','0','18','600','0','[\"http://sendevimg.oss-cn-zhangjiakou.aliyuncs.com/upload/user_web/1505985535微信图片_20170921171945.png\"]',73,'4',1),
	(168,'宴会厅12F','32','0','30','567','0','[\"http://sendevimg.oss-cn-zhangjiakou.aliyuncs.com/upload/user_web/1505985914微信图片_20170921172613.png\"]',74,'5',1),
	(169,'众花厅','30','0','22','400','4','[\"http://sendevimg.oss-cn-zhangjiakou.aliyuncs.com/upload/user_web/1505986579微信图片_20170921173724.jpg\"]',75,'3.5',1),
	(170,'晶园厅','10','0','10','220','0','[\"http://sendevimg.oss-cn-zhangjiakou.aliyuncs.com/upload/user_web/1505986693微信图片_20170921173916.jpg\"]',75,'3.5',1),
	(171,'兰晶剧场','50','0','40','900','0','[\"http://sendevimg.oss-cn-zhangjiakou.aliyuncs.com/upload/user_web/1505986751微信图片_20170921173347.jpg\"]',75,'8',1),
	(172,'国宴厅1F','45','0','40','0','0','[\"http://sendevimg.oss-cn-zhangjiakou.aliyuncs.com/upload/user_web/1505987145微信图片_20170921174641.jpg\"]',76,'10',1),
	(173,'里昂厅','18','0','16','0','0','[\"http://sendevimg.oss-cn-zhangjiakou.aliyuncs.com/upload/user_web/1505987361微信图片_20170921175017.jpg\"]',76,'3.5',1),
	(174,'小宴会厅2F','8','0','8','0','0','[\"http://sendevimg.oss-cn-zhangjiakou.aliyuncs.com/upload/user_web/1505987925微信图片_20170921175546.jpg\"]',77,'5',1),
	(175,'多功能厅3F','20','0','20','470','0','[\"http://sendevimg.oss-cn-zhangjiakou.aliyuncs.com/upload/user_web/1505988208微信图片_20170921180432.jpg\"]',77,'4.5',1),
	(176,'国宴厅4F','55','0','55','1200','0','[\"http://sendevimg.oss-cn-zhangjiakou.aliyuncs.com/upload/user_web/1505988324微信图片_20170921175546.jpg\"]',77,'8',1),
	(177,'宴会厅1F','20','0','15','350','0','[\"http://sendevimg.oss-cn-zhangjiakou.aliyuncs.com/upload/user_web/1505988802微信图片_20170921181039.jpg\"]',78,'4',1),
	(178,'宴会厅4F','25','0','18','400','0','[\"http://sendevimg.oss-cn-zhangjiakou.aliyuncs.com/upload/user_web/1505989346微信图片_20170921182041.jpg\"]',79,'3',1),
	(179,'湖庭多功能厅1F','10','0','10','226','0','[\"http://sendevimg.oss-cn-zhangjiakou.aliyuncs.com/upload/user_web/1505990029微信图片_20170921183448.jpg\"]',80,'0',1),
	(180,'大宴会厅7F','30','0','27','600','2','[\"http://sendevimg.oss-cn-zhangjiakou.aliyuncs.com/upload/user_web/1505990654微信图片_20170921184412.png\"]',81,'5.8',1),
	(181,'华夏厅2F','8','0','8','210','2','[\"http://sendevimg.oss-cn-zhangjiakou.aliyuncs.com/upload/user_web/1505991179微信图片_20170921185339.png\"]',82,'2.8',1),
	(182,'金风楼2F','12','0','12','560','1','[\"http://sendevimg.oss-cn-zhangjiakou.aliyuncs.com/upload/user_web/1505991291微信图片_20170921185344.png\"]',82,'3.8',1),
	(183,'汉厅3F','18','0','15','330','1','[\"http://sendevimg.oss-cn-zhangjiakou.aliyuncs.com/upload/user_web/1505991371微信图片_20170921185348.png\"]',82,'3',1),
	(184,'帝王厅2F','50','0','38','864','2','[\"http://sendevimg.oss-cn-zhangjiakou.aliyuncs.com/upload/user_web/1505991435微信图片_20170921185352.png\"]',82,'5',1),
	(185,'世博厅5F','16','0','12','208','1','[\"http://sendevimg.oss-cn-zhangjiakou.aliyuncs.com/upload/user_web/1505991930微信图片_20170921190618.png\"]',83,'5',1),
	(186,'悉尼厅5F','30','15','22','550','0','[\"http://sendevimg.oss-cn-zhangjiakou.aliyuncs.com/upload/user_web/1505992090微信图片_20170921190618.png\"]',83,'7',1),
	(187,'苏黎世厅3F','27','0','23','600','0','[\"http://sendevimg.oss-cn-zhangjiakou.aliyuncs.com/upload/user_web/1505992473微信图片_20170921191451.png\"]',84,'7',1),
	(188,'大宴会厅3F','32','0','28','690','0','[\"http://sendevimg.oss-cn-zhangjiakou.aliyuncs.com/upload/user_web/1505993049微信图片_20170921192120.png\"]',85,'5.3',1),
	(189,'申宴会厅','28','0','26','500','0','[\"http://sendevimg.oss-cn-zhangjiakou.aliyuncs.com/upload/user_web/1505993256微信图片_20170921192834.png\"]',86,'4.7',1),
	(190,'东方厅12F','24','0','24','350','0','[\"http://sendevimg.oss-cn-zhangjiakou.aliyuncs.com/upload/user_web/1505993536微信图片_20170921193307.png\"]',87,'5',1),
	(191,'鸿运厅1F','18','0','18','280','0','[\"http://sendevimg.oss-cn-zhangjiakou.aliyuncs.com/upload/user_web/1505993596微信图片_20170921193312.png\"]',87,'5',1),
	(192,'兴会厅2F','25','0','25','430','0','[\"http://sendevimg.oss-cn-zhangjiakou.aliyuncs.com/upload/user_web/1505993645微信图片_20170921193312.png\"]',87,'5',1),
	(193,'宴会厅2F','16','0','15','800','0','[\"http://sendevimg.oss-cn-zhangjiakou.aliyuncs.com/upload/user_web/1505993945微信图片_20170921193959.png\"]',88,'3.3',1),
	(194,'二楼大堂2F','16','0','16','0','0','[\"http://sendevimg.oss-cn-zhangjiakou.aliyuncs.com/upload/user_web/1505994274微信图片_20170921194525.png\"]',89,'3.5',1),
	(195,'三楼宴会厅3F','26','0','26','0','0','[\"http://sendevimg.oss-cn-zhangjiakou.aliyuncs.com/upload/user_web/1505994316微信图片_20170921194529.png\"]',89,'2.8',1),
	(196,'大宴会厅','32','15','32','600','0','[\"http://sendevimg.oss-cn-zhangjiakou.aliyuncs.com/upload/user_web/1505995012微信图片_20170921195501.jpg\"]',90,'6.6',1),
	(197,'多功能厅','8','0','8','0','0','[\"http://sendevimg.oss-cn-zhangjiakou.aliyuncs.com/upload/user_web/1505995511微信图片_20170921200607.jpg\"]',91,'6',1),
	(198,'小厅','18','0','16','0','0','[\"http://sendevimg.oss-cn-zhangjiakou.aliyuncs.com/upload/user_web/1505995618微信图片_20170921200142.jpg\"]',91,'6',1),
	(199,'大厅','45','0','40','0','0','[\"http://sendevimg.oss-cn-zhangjiakou.aliyuncs.com/upload/user_web/1505995855微信图片_20170921201159.jpg\"]',91,'6',1),
	(200,'宴会厅2F','18','0','16','260','0','[\"http://sendevimg.oss-cn-zhangjiakou.aliyuncs.com/upload/user_web/1505996259微信图片_20170921201630.jpg\"]',92,'3.5',1),
	(201,'宴会厅2','12','0','12','0','0','[\"http://sendevimg.oss-cn-zhangjiakou.aliyuncs.com/upload/user_web/1505996594微信图片_20170921202204.jpg\"]',93,'4',1),
	(202,'宴会厅1','25','0','23','0','0','[\"http://sendevimg.oss-cn-zhangjiakou.aliyuncs.com/upload/user_web/1505996637微信图片_20170921202159.jpg\"]',93,'7.5',1),
	(203,'博望厅2F','10','0','10','200','0','[\"http://sendevimg.oss-cn-zhangjiakou.aliyuncs.com/upload/user_web/1505997088微信图片_20170921203232.jpg\"]',94,'0',1),
	(204,'世博厅2F','15','0','15','300','0','[\"http://sendevimg.oss-cn-zhangjiakou.aliyuncs.com/upload/user_web/1505997141微信图片_20170921203232.jpg\"]',94,'0',1),
	(205,'世纪厅2F','20','0','20','350','0','[\"http://sendevimg.oss-cn-zhangjiakou.aliyuncs.com/upload/user_web/1505997249微信图片_20170921203232.jpg\"]',94,'0',1),
	(206,'中餐厅3F','25','0','25','400','0','[\"http://sendevimg.oss-cn-zhangjiakou.aliyuncs.com/upload/user_web/1505997327微信图片_20170921203631.jpg\"]',94,'0',1),
	(207,'宴会厅2F','32','0','32','600','0','[\"http://sendevimg.oss-cn-zhangjiakou.aliyuncs.com/upload/user_web/1505997398微信图片_20170921203744.jpg\"]',94,'0',1),
	(208,'大厅','13','0','10','215','0','[\"http://sendevimg.oss-cn-zhangjiakou.aliyuncs.com/upload/user_web/1505999162微信图片_20170921210701.jpg\"]',95,'3.5',1),
	(209,'宴会厅2F','30','0','26','550','0','[\"http://sendevimg.oss-cn-zhangjiakou.aliyuncs.com/upload/user_web/1505999464微信图片_20170921211208.jpg\"]',96,'6',1),
	(210,'宴会厅1F','15','0','15','0','0','[\"http://sendevimg.oss-cn-zhangjiakou.aliyuncs.com/upload/user_web/1505999901微信图片_20170921211922.jpg\"]',97,'3.5',1),
	(211,'宴会厅2F','30','0','30','0','0','[\"http://sendevimg.oss-cn-zhangjiakou.aliyuncs.com/upload/user_web/1505999993微信图片_20170921212100.jpg\"]',97,'3.5',1),
	(212,'上海厅2F','12','0','8','140','0','[\"http://sendevimg.oss-cn-zhangjiakou.aliyuncs.com/upload/user_web/1506048514微信图片_20170922104928.jpg\"]',98,'3.3',1),
	(213,'富建厅3F','22','0','18','320','0','[\"http://sendevimg.oss-cn-zhangjiakou.aliyuncs.com/upload/user_web/1506048634微信图片_20170922105133.jpg\"]',98,'3.7',1),
	(214,'富海厅3F','26','0','22','350','0','[\"http://sendevimg.oss-cn-zhangjiakou.aliyuncs.com/upload/user_web/1506048780微信图片_20170922105403.jpg\"]',98,'3.4',1),
	(215,'富建厅2F','30','0','26','430','0','[\"http://sendevimg.oss-cn-zhangjiakou.aliyuncs.com/upload/user_web/1506048860微信图片_20170922105524.jpg\"]',98,'3.7',1),
	(216,'豪华大厅','30','0','25','1734','0','[\"http://sendevimg.oss-cn-zhangjiakou.aliyuncs.com/upload/user_web/1506049511微信图片_20170922105904.jpg\"]',99,'4',1),
	(217,'溧阳厅3F','12','0','10','180','0','[\"http://sendevimg.oss-cn-zhangjiakou.aliyuncs.com/upload/user_web/1506049943微信图片_20170922111326.jpg\"]',100,'3',1),
	(218,'天目厅','14','0','12','200','1','[\"http://sendevimg.oss-cn-zhangjiakou.aliyuncs.com/upload/user_web/1506050026微信图片_20170922111448.jpg\"]',100,'3',1),
	(219,'BAZAAR1F','40','0','22','600','0','[\"http://sendevimg.oss-cn-zhangjiakou.aliyuncs.com/upload/user_web/1506050996微信图片_20170922113059.jpg\",\"http://sendevimg.oss-cn-zhangjiakou.aliyuncs.com/upload/user_web/1506051071微信图片_20170922113210.jpg\"]',102,'10',1),
	(220,'COSMO1F','16','0','12','400','0','[\"http://sendevimg.oss-cn-zhangjiakou.aliyuncs.com/upload/user_web/1506051185微信图片_20170922113404.jpg\"]',102,'10',1),
	(221,'上海厅3F','18','0','15','420','0','[\"http://sendevimg.oss-cn-zhangjiakou.aliyuncs.com/upload/user_web/1506052427微信图片_20170922115446.jpg\"]',103,'3',1),
	(222,'临海半厅2F','20','0','18','430','0','[\"http://sendevimg.oss-cn-zhangjiakou.aliyuncs.com/upload/user_web/1506052561微信图片_20170922115659.jpg\"]',103,'7',1),
	(223,'临海厅2F','40','0','35','860','0','[\"http://sendevimg.oss-cn-zhangjiakou.aliyuncs.com/upload/user_web/1506052644微信图片_20170922115825.jpg\"]',103,'7',1),
	(224,'小宴会厅2F','10','0','8','150','0','[\"http://sendevimg.oss-cn-zhangjiakou.aliyuncs.com/upload/user_web/1506053222微信图片_20170922120328.jpg\"]',104,'4.5',1),
	(225,'云味厅4F','28','0','20','400','0','[\"http://sendevimg.oss-cn-zhangjiakou.aliyuncs.com/upload/user_web/1506053310微信图片_20170922120930.jpg\"]',104,'4.5',1),
	(226,'宴会厅4F','25','0','22','0','0','[\"http://sendevimg.oss-cn-zhangjiakou.aliyuncs.com/upload/user_web/1506054299微信图片_20170922122633.png\"]',101,'5.5',1),
	(227,'绿地宴会厅1F','23','0','20','600','0','[\"http://sendevimg.oss-cn-zhangjiakou.aliyuncs.com/upload/user_web/1506054677微信图片_20170922123312.png\"]',105,'4.5',1),
	(228,'小厅','10','0','10','0','0','[\"http://sendevimg.oss-cn-zhangjiakou.aliyuncs.com/upload/user_web/15060552391.png\"]',106,'4.5',1),
	(229,'大厅','30','0','30','0','0','[\"http://sendevimg.oss-cn-zhangjiakou.aliyuncs.com/upload/user_web/15060552911.png\"]',106,'5',1),
	(230,'宴会厅2F','18','0','18','0','0','[\"http://sendevimg.oss-cn-zhangjiakou.aliyuncs.com/upload/user_web/1506055864微信图片_20170922125153.png\"]',107,'5.5',1),
	(231,'王朝厅','12','0','12','0','0','[\"http://sendevimg.oss-cn-zhangjiakou.aliyuncs.com/upload/user_web/1506056285微信图片_20170922125742.png\"]',108,'3.5',1),
	(232,'中华厅','16','0','16','0','0','[\"http://sendevimg.oss-cn-zhangjiakou.aliyuncs.com/upload/user_web/1506056317微信图片_20170922125732.png\"]',108,'3.5',1),
	(233,'东方厅','25','0','25','0','0','[\"http://sendevimg.oss-cn-zhangjiakou.aliyuncs.com/upload/user_web/1506056354微信图片_20170922125732.png\"]',108,'3.5',1),
	(234,'小厅','20','0','20','0','0','[\"http://sendevimg.oss-cn-zhangjiakou.aliyuncs.com/upload/user_web/1506056574微信图片_20170922130344.png\"]',109,'4',1),
	(235,'扇形厅','25','0','25','0','0','[\"http://sendevimg.oss-cn-zhangjiakou.aliyuncs.com/upload/user_web/1506056645微信图片_20170922130341.png\"]',109,'5',1),
	(236,'大厅','39','0','39','0','0','[\"http://sendevimg.oss-cn-zhangjiakou.aliyuncs.com/upload/user_web/1506056792微信图片_20170922130347.png\"]',109,'4',1),
	(237,'新厅1 2 3 2F','10','0','10','189','0','[\"http://sendevimg.oss-cn-zhangjiakou.aliyuncs.com/upload/user_web/1506057194微信图片_20170922131406.png\"]',110,'2.8',1),
	(238,'大宴会厅2F','30','0','25','521','0','[\"http://sendevimg.oss-cn-zhangjiakou.aliyuncs.com/upload/user_web/1506057294微信图片_20170922131406.png\"]',110,'5.5',1),
	(239,'榴红厅6F','18','0','15','350','0','[\"http://sendevimg.oss-cn-zhangjiakou.aliyuncs.com/upload/user_web/1506057781微信图片_20170922132351.png\"]',111,'4',1),
	(240,'绚丽厅5F','20','0','18','280','0','[\"http://sendevimg.oss-cn-zhangjiakou.aliyuncs.com/upload/user_web/1506057870微信图片_20170922132354.png\"]',111,'7',1),
	(241,'新梅厅4F','12','0','10','0','0','[\"http://sendevimg.oss-cn-zhangjiakou.aliyuncs.com/upload/user_web/1506058340微信图片_20170922133228.png\"]',112,'5',1),
	(242,'明珠厅16F','20','0','20','0','0','[\"http://sendevimg.oss-cn-zhangjiakou.aliyuncs.com/upload/user_web/1506058393微信图片_20170922133256.png\"]',112,'5',1),
	(243,'百合厅20F','22','0','20','0','0','[\"http://sendevimg.oss-cn-zhangjiakou.aliyuncs.com/upload/user_web/1506058433微信图片_20170922133302.png\"]',112,'6',1),
	(244,'小宴会厅1F','25','0','20','300','0','[\"http://sendevimg.oss-cn-zhangjiakou.aliyuncs.com/upload/user_web/1506058827微信图片_20170922134118.png\"]',113,'4',1),
	(245,'大宴会厅3F','50','0','40','600','0','[\"http://sendevimg.oss-cn-zhangjiakou.aliyuncs.com/upload/user_web/1506058861微信图片_20170922134124.png\"]',113,'6',1),
	(246,'上海厅 3F','36','0','28','600','0','[\"http://sendevimg.oss-cn-zhangjiakou.aliyuncs.com/upload/user_web/1506059217微信图片_20170922134755.png\"]',114,'6',1),
	(247,'小宴会厅','10','0','8','160','0','[\"http://sendevimg.oss-cn-zhangjiakou.aliyuncs.com/upload/user_web/1506059488微信图片_20170922135224.png\"]',115,'3.8',1),
	(248,'大宴会厅','50','20','30','1000','0','[\"http://sendevimg.oss-cn-zhangjiakou.aliyuncs.com/upload/user_web/1506059684微信图片_20170922135346.png\"]',115,'11',1),
	(249,'天鹅宫','20','0','18','380','0','[\"http://sendevimg.oss-cn-zhangjiakou.aliyuncs.com/upload/user_web/1506059946微信图片_20170922135806.png\"]',116,'7',1),
	(250,'大宴会厅B1','25','0','20','400','0','[\"http://sendevimg.oss-cn-zhangjiakou.aliyuncs.com/upload/user_web/1506060327微信图片_20170922140415.png\"]',117,'0',1),
	(251,'小宴会3F','20','0','16','280','0','[\"http://sendevimg.oss-cn-zhangjiakou.aliyuncs.com/upload/user_web/1506061095微信图片_20170922141728.png\"]',119,'7',1),
	(252,'大宴会厅3F','26','0','22','500','0','[\"http://sendevimg.oss-cn-zhangjiakou.aliyuncs.com/upload/user_web/1506061143微信图片_20170922141732.png\"]',119,'5',1),
	(253,'宴会厅3F','18','0','15','300','0','[\"http://sendevimg.oss-cn-zhangjiakou.aliyuncs.com/upload/user_web/1506061842微信图片_20170922142559.png\"]',120,'4.3',1),
	(254,'茉莉莲花厅','7','0','7','140','0','[\"http://sendevimg.oss-cn-zhangjiakou.aliyuncs.com/upload/user_web/1506062207微信图片_20170922143734.png\"]',121,'0',1),
	(255,'远近堂3F','18','0','15','300','0','[\"http://sendevimg.oss-cn-zhangjiakou.aliyuncs.com/upload/user_web/1506062270微信图片_20170922143739.png\"]',121,'3.8',1),
	(256,'粤园2F','26','0','18','450','0','[\"http://sendevimg.oss-cn-zhangjiakou.aliyuncs.com/upload/user_web/1506062340微信图片_20170922143743.png\"]',121,'3.8',1),
	(257,'宴会厅3F','22','0','18','0','0','[\"http://sendevimg.oss-cn-zhangjiakou.aliyuncs.com/upload/user_web/1506062674微信图片_20170922144330.png\"]',122,'6',1),
	(258,'咖啡厅1F','13','0','10','220','3','[\"http://sendevimg.oss-cn-zhangjiakou.aliyuncs.com/upload/user_web/1506063050微信图片_20170922145146.png\"]',123,'3.3',1),
	(259,'多功能厅4F','16','0','14','210','4','[\"http://sendevimg.oss-cn-zhangjiakou.aliyuncs.com/upload/user_web/1506063119微信图片_20170922145016.png\"]',123,'2.5',1),
	(260,'锦荣厅1F','18','0','15','300','6','[\"http://sendevimg.oss-cn-zhangjiakou.aliyuncs.com/upload/user_web/1506063160微信图片_20170922145146.png\"]',123,'3.5',1),
	(261,'中餐厅2F','18','0','15','380','4','[\"http://sendevimg.oss-cn-zhangjiakou.aliyuncs.com/upload/user_web/1506063208微信图片_20170922145016.png\"]',123,'2.5',1),
	(262,'景观厅12F','12','0','12','400','0','[\"http://sendevimg.oss-cn-zhangjiakou.aliyuncs.com/upload/user_web/1506063521微信图片_20170922145941.png\"]',124,'4',1),
	(263,'宴会厅2F','25','0','25','700','0','[\"http://sendevimg.oss-cn-zhangjiakou.aliyuncs.com/upload/user_web/1506063497微信图片_20170922145730.png\"]',124,'4',1),
	(264,'开元厅3F','11','0','8','200','0','[\"http://sendevimg.oss-cn-zhangjiakou.aliyuncs.com/upload/user_web/1506064092微信图片_20170922150854.png\"]',125,'3',1),
	(265,'四季轩3F','15','0','12','280','0','[\"http://sendevimg.oss-cn-zhangjiakou.aliyuncs.com/upload/user_web/1506064146微信图片_20170922150854.png\"]',125,'5',1),
	(266,'宴会厅4F','10','0','8','80','0','[\"http://sendevimg.oss-cn-zhangjiakou.aliyuncs.com/upload/user_web/1506064581微信图片_20170922151434.png\"]',126,'3',1),
	(267,'宴会厅2F','23','0','20','220','0','[\"http://sendevimg.oss-cn-zhangjiakou.aliyuncs.com/upload/user_web/1506064615微信图片_20170922151426.png\"]',126,'4',1),
	(268,'宴会厅1F','30','0','28','300','0','[\"http://sendevimg.oss-cn-zhangjiakou.aliyuncs.com/upload/user_web/1506064669微信图片_20170922151430.png\"]',126,'4.6',1),
	(269,'宴会厅3F','32','0','30','0','0','[\"http://sendevimg.oss-cn-zhangjiakou.aliyuncs.com/upload/user_web/1506064908微信图片_20170922152056.png\"]',127,'4',1),
	(270,'宴会厅A 3F','25','0','20','300','0','[\"http://sendevimg.oss-cn-zhangjiakou.aliyuncs.com/upload/user_web/1506065094微信图片_20170922152546.png\"]',128,'5',1),
	(271,'琥珀厅3F','20','0','15','385','1','[\"http://sendevimg.oss-cn-zhangjiakou.aliyuncs.com/upload/user_web/1506065634微信图片_20170922153437.png\"]',129,'4',1),
	(272,'水晶厅 B1','27','0','25','480','0','[\"http://sendevimg.oss-cn-zhangjiakou.aliyuncs.com/upload/user_web/1506065682微信图片_20170922153211.png\"]',129,'5',1),
	(273,'珊瑚厅2F','18','0','15','385','0','[\"http://sendevimg.oss-cn-zhangjiakou.aliyuncs.com/upload/user_web/1506065739微信图片_20170922153441.png\"]',129,'5',1),
	(274,'钻石厅1F','24','0','22','435','0','[\"http://sendevimg.oss-cn-zhangjiakou.aliyuncs.com/upload/user_web/1506065854微信图片_20170922153826.png\"]',129,'6',1),
	(275,'大宴会厅','45','0','40','750','0','[\"http://sendevimg.oss-cn-zhangjiakou.aliyuncs.com/upload/user_web/1506065962微信图片_20170922153434.png\"]',129,'6',1),
	(276,'小宴会厅','6','0','6','260','0','[\"http://sendevimg.oss-cn-zhangjiakou.aliyuncs.com/upload/user_web/1506066597微信图片_20170922154907.png\"]',130,'5',1),
	(277,'副宴会厅','22','0','22','400','2','[\"http://sendevimg.oss-cn-zhangjiakou.aliyuncs.com/upload/user_web/1506066638微信图片_20170922154922.png\"]',130,'5',1),
	(278,'主宴会厅','32','0','32','1000','2','[\"http://sendevimg.oss-cn-zhangjiakou.aliyuncs.com/upload/user_web/1506066682微信图片_20170922154949.png\"]',130,'5',1),
	(279,'铭人厅1F','16','0','16','250','0','[\"http://sendevimg.oss-cn-zhangjiakou.aliyuncs.com/upload/user_web/1506067116微信图片_20170922155654.png\"]',131,'5',1),
	(280,'铭德宴会厅3F','36','0','32','540','0','[\"http://sendevimg.oss-cn-zhangjiakou.aliyuncs.com/upload/user_web/1506067170微信图片_20170922155658.png\"]',131,'5',1),
	(281,'颖奕宴会厅3 1F','12','0','10','300','0','[\"http://sendevimg.oss-cn-zhangjiakou.aliyuncs.com/upload/user_web/1506068038微信图片_20170922161056.png\"]',132,'5.5',1),
	(282,'颖奕宴会厅2 3','30','0','26','280','0','[\"http://sendevimg.oss-cn-zhangjiakou.aliyuncs.com/upload/user_web/1506068108微信图片_20170922161105.png\"]',132,'5.5',1),
	(283,'颖奕宴会厅1 2 3 1F','55','0','45','850','0','[\"http://sendevimg.oss-cn-zhangjiakou.aliyuncs.com/upload/user_web/1506068179微信图片_20170922161100.png\"]',132,'5.5',1),
	(284,'多功能厅','18','0','14','230','0','[\"http://sendevimg.oss-cn-zhangjiakou.aliyuncs.com/upload/user_web/1506068461微信图片_20170922162141.png\"]',133,'5',1),
	(285,'大宴会厅','20','0','16','330','0','[\"http://sendevimg.oss-cn-zhangjiakou.aliyuncs.com/upload/user_web/1506068505微信图片_20170922162145.png\"]',133,'5',1),
	(286,'宴会厅4F','40','0','40','560','0','[\"http://sendevimg.oss-cn-zhangjiakou.aliyuncs.com/upload/user_web/1506068800微信图片_20170922162712.png\"]',134,'3.5',1),
	(287,'宴会厅1F','40','0','40','560','0','[\"http://sendevimg.oss-cn-zhangjiakou.aliyuncs.com/upload/user_web/1506068863微信图片_20170922162715.png\"]',134,'3.5',1),
	(288,'云翔厅大厅','40','0','35','750','0','[\"http://sendevimg.oss-cn-zhangjiakou.aliyuncs.com/upload/user_web/1506069337微信图片_20170922163627.png\"]',135,'9.6',1),
	(289,'太白厅','15','0','15','300','0','[\"http://sendevimg.oss-cn-zhangjiakou.aliyuncs.com/upload/user_web/1506069381微信图片_20170922163634.png\"]',135,'3.5',1),
	(290,'大厅','30','0','30','0','0','[\"http://sendevimg.oss-cn-zhangjiakou.aliyuncs.com/upload/user_web/1506069726微信图片_20170922164122.png\"]',136,'4',1),
	(291,'茂御厅','30','15','25','722','0','[\"http://sendevimg.oss-cn-zhangjiakou.aliyuncs.com/upload/user_web/1506070084微信图片_20170922164712.png\"]',137,'6',1),
	(292,'丽谢厅','15','8','12','766','0','[\"http://sendevimg.oss-cn-zhangjiakou.aliyuncs.com/upload/user_web/1506070213微信图片_20170922165110.png\"]',137,'3.5',1),
	(293,'大宴会厅','100','15','50','1500','0','[\"http://sendevimg.oss-cn-zhangjiakou.aliyuncs.com/upload/user_web/1506070290微信图片_20170922164634.png\"]',137,'8',1),
	(294,'浦江厅2F','20','0','16','308','0','[\"http://sendevimg.oss-cn-zhangjiakou.aliyuncs.com/upload/user_web/1506070714微信图片_20170922165706.png\"]',138,'3.8',1),
	(295,'万象123 2F','25','0','20','338','0','[\"http://sendevimg.oss-cn-zhangjiakou.aliyuncs.com/upload/user_web/1506070758微信图片_20170922165658.png\"]',138,'3.5',1),
	(296,'万象大厅2F','60','0','50','1050','0','[\"http://sendevimg.oss-cn-zhangjiakou.aliyuncs.com/upload/user_web/1506070805微信图片_20170922165654.png\"]',138,'8',1),
	(297,'黄河大宴会厅ABC  2F','70','60','65','1200','0','[\"http://sendevimg.oss-cn-zhangjiakou.aliyuncs.com/upload/user_web/1506071323微信图片_20170922170943.jpg\"]',139,'7',1),
	(298,'郁金香厅1F','32','0','25','500','1','[\"http://sendevimg.oss-cn-zhangjiakou.aliyuncs.com/upload/user_web/1506071945微信图片_20170922171845.jpg\"]',139,'3.5',1),
	(299,'米兰厅1F','32','0','25','500','1','[\"http://sendevimg.oss-cn-zhangjiakou.aliyuncs.com/upload/user_web/1506072164微信图片_20170922172324.png\"]',139,'3.5',1),
	(300,'百合厅   1F','32','0','25','500','1','[\"http://sendevimg.oss-cn-zhangjiakou.aliyuncs.com/upload/user_web/1506072226微信图片_20170922172328.png\"]',139,'3.5',1),
	(301,'黄河大厅A   2F','25','15','20','400','0','[\"http://sendevimg.oss-cn-zhangjiakou.aliyuncs.com/upload/user_web/1506072280微信图片_20170922172332.png\"]',139,'7',1),
	(302,'黄河大厅A B   2F','50','40','45','800','0','[\"http://sendevimg.oss-cn-zhangjiakou.aliyuncs.com/upload/user_web/1506072471微信图片_20170922172847.png\"]',139,'7',1),
	(303,'米兰厅 郁金香厅1F','65','55','60','1000','0','[\"http://sendevimg.oss-cn-zhangjiakou.aliyuncs.com/upload/user_web/1506072423微信图片_20170922172336.png\"]',139,'3.5',1),
	(304,'1号厅','20','0','20','280','0','[\"http://sendevimg.oss-cn-zhangjiakou.aliyuncs.com/upload/user_web/1506072796微信图片_20170922173149.png\"]',140,'3.3',1),
	(305,'2号厅','20','0','20','280','0','[\"http://sendevimg.oss-cn-zhangjiakou.aliyuncs.com/upload/user_web/1506072839微信图片_20170922173153.png\"]',140,'3.3',1),
	(306,'红宝石厅2F','23','0','18','300','0','[\"http://sendevimg.oss-cn-zhangjiakou.aliyuncs.com/upload/user_web/1506073156微信图片_20170922173815.png\"]',141,'3.5',1),
	(307,'国际厅2F','35','0','30','400','0','[\"http://sendevimg.oss-cn-zhangjiakou.aliyuncs.com/upload/user_web/1506073198微信图片_20170922173807.png\"]',141,'4',1),
	(308,'多功能厅1F','50','0','40','646','0','[\"http://sendevimg.oss-cn-zhangjiakou.aliyuncs.com/upload/user_web/1506073245微信图片_20170922173820.png\"]',141,'4.5',1),
	(309,'多功能厅','8','0','8','120','0','[\"http://sendevimg.oss-cn-zhangjiakou.aliyuncs.com/upload/user_web/1506073716微信图片_20170922174547.png\",\"http://sendevimg.oss-cn-zhangjiakou.aliyuncs.com/upload/user_web/1506073747微信图片_20170922174551.png\"]',142,'7',1),
	(310,'大宴会厅1F','43','0','30','660','0','[\"http://sendevimg.oss-cn-zhangjiakou.aliyuncs.com/upload/user_web/1506073787微信图片_20170922174543.png\"]',142,'7',1),
	(311,'祖国厅2F','23','0','18','650','0','[\"http://sendevimg.oss-cn-zhangjiakou.aliyuncs.com/upload/user_web/1506074383微信图片_20170922180033.png\"]',143,'4',1),
	(312,'中一台2F','30','0','24','750','0','[\"http://sendevimg.oss-cn-zhangjiakou.aliyuncs.com/upload/user_web/1506074438微信图片_20170922175943.png\"]',143,'5',1),
	(313,'大宴会厅1F','93','0','80','1600','0','[\"http://sendevimg.oss-cn-zhangjiakou.aliyuncs.com/upload/user_web/1506074490微信图片_20170922175624.png\"]',143,'4',1),
	(314,'金色大厅1F','40','0','35','0','0','[\"http://sendevimg.oss-cn-zhangjiakou.aliyuncs.com/upload/user_web/1506075066微信图片_20170922181015.png\"]',144,'0',1),
	(315,'大众厅1F','20','0','18','300','0','[\"http://sendevimg.oss-cn-zhangjiakou.aliyuncs.com/upload/user_web/1506075133微信图片_20170922181007.png\"]',144,'3',1),
	(316,'辰山厅1F','22','0','20','350','0','[\"http://sendevimg.oss-cn-zhangjiakou.aliyuncs.com/upload/user_web/1506075193微信图片_20170922181007.png\"]',144,'4',1),
	(317,'玫瑰苑1F','33','0','30','600','0','[\"http://sendevimg.oss-cn-zhangjiakou.aliyuncs.com/upload/user_web/1506075235微信图片_20170922181002.png\"]',144,'3',1),
	(318,'大宴会厅4F','38','8','35','0','0','[\"http://sendevimg.oss-cn-zhangjiakou.aliyuncs.com/upload/user_web/1506075768微信图片_20170922182047.png\"]',145,'8',1),
	(319,'小宴会厅','6','0','6','0','0','[\"http://sendevimg.oss-cn-zhangjiakou.aliyuncs.com/upload/user_web/1506075813微信图片_20170922182043.png\"]',145,'4',1),
	(320,'宴会厅1F','12','0','12','0','0','[\"http://sendevimg.oss-cn-zhangjiakou.aliyuncs.com/upload/user_web/1506076290微信图片_20170922182754.png\"]',146,'0',1),
	(321,'宴会厅2F','45','0','45','0','0','[\"http://sendevimg.oss-cn-zhangjiakou.aliyuncs.com/upload/user_web/1506076337微信图片_20170922182750.png\"]',146,'0',1),
	(322,'大厅','51','0','51','960','0','[\"http://sendevimg.oss-cn-zhangjiakou.aliyuncs.com/upload/user_web/1506076646微信图片_20170922183603.png\"]',147,'0',1),
	(323,'宴会厅','30','0','30','0','0','[\"http://sendevimg.oss-cn-zhangjiakou.aliyuncs.com/upload/user_web/1506076983微信图片_20170922184201.png\",\"http://sendevimg.oss-cn-zhangjiakou.aliyuncs.com/upload/user_web/1506076992微信图片_20170922184157.png\"]',148,'4',1),
	(324,'会议室1','10','0','10','200','0','[\"http://sendevimg.oss-cn-zhangjiakou.aliyuncs.com/upload/user_web/1506077267微信图片_20170922184721.png\"]',149,'2.8',1),
	(325,'宝龙厅','35','0','30','650','0','[\"http://sendevimg.oss-cn-zhangjiakou.aliyuncs.com/upload/user_web/1506077296微信图片_20170922184717.png\"]',149,'7',1),
	(326,'牡丹厅','10','0','10','180','0','[\"http://sendevimg.oss-cn-zhangjiakou.aliyuncs.com/upload/user_web/1506077542微信图片_20170922185212.png\"]',150,'3',1),
	(327,'阳光礼堂','36','0','32','568','0','[\"http://sendevimg.oss-cn-zhangjiakou.aliyuncs.com/upload/user_web/1506077583微信图片_20170922185208.png\"]',150,'8',1),
	(328,'白兰厅','16','0','12','218','0','[\"http://sendevimg.oss-cn-zhangjiakou.aliyuncs.com/upload/user_web/1506077616微信图片_20170922185205.png\"]',150,'4.5',1),
	(329,'夏阳湖厅 1F','14','0','12','220','0','[\"http://sendevimg.oss-cn-zhangjiakou.aliyuncs.com/upload/user_web/1506077958微信图片_20170922185911.png\"]',151,'3.5',1),
	(330,'青303厅 1F','24','0','20','400','0','[\"http://sendevimg.oss-cn-zhangjiakou.aliyuncs.com/upload/user_web/1506078007微信图片_20170922185914.png\"]',151,'3.5',1),
	(331,'皇冠大宴会厅 2F','35','0','30','540','0','[\"http://sendevimg.oss-cn-zhangjiakou.aliyuncs.com/upload/user_web/1506078061微信图片_20170922185907.png\"]',151,'6',1),
	(332,'锦江宴会厅','28','0','24','530','0','[\"http://sendevimg.oss-cn-zhangjiakou.aliyuncs.com/upload/user_web/1506078871微信图片_20170922191411.png\"]',152,'6.8',1),
	(333,'大泖宴会厅2F','28','0','20','460','0','[\"http://sendevimg.oss-cn-zhangjiakou.aliyuncs.com/upload/user_web/1506079308微信图片_20170922192219.png\"]',153,'5.8',1),
	(334,'阳光宴会厅 2F','20','0','15','300','0','[\"http://sendevimg.oss-cn-zhangjiakou.aliyuncs.com/upload/user_web/1506079355微信图片_20170922192207.png\"]',153,'3.5',1),
	(335,'大餐厅2F','12','0','12','200','0','[\"http://sendevimg.oss-cn-zhangjiakou.aliyuncs.com/upload/user_web/1506079871微信图片_20170922192959.png\"]',154,'0',1),
	(336,'大堂1F','10','0','10','2000','0','[\"http://sendevimg.oss-cn-zhangjiakou.aliyuncs.com/upload/user_web/1506079913微信图片_20170922193002.png\"]',154,'0',1),
	(337,'竞德厅3F','60','0','50','635','1','[\"http://sendevimg.oss-cn-zhangjiakou.aliyuncs.com/upload/user_web/1506080390微信图片_20170922193747.png\"]',155,'4.1',1),
	(338,'竞衡厅3F','30','0','25','500','0','[\"http://sendevimg.oss-cn-zhangjiakou.aliyuncs.com/upload/user_web/1506080444微信图片_20170922193744.png\"]',155,'4.3',1),
	(339,'明轩厅','10','0','10','0','0','[\"http://sendevimg.oss-cn-zhangjiakou.aliyuncs.com/upload/user_web/1506080960微信图片_20170922195014.png\"]',156,'3.4',1),
	(340,'百花厅3F','35','0','35','0','0','[\"http://sendevimg.oss-cn-zhangjiakou.aliyuncs.com/upload/user_web/1506081003微信图片_20170922195017.png\"]',156,'3.8',1),
	(341,'绿洲堂2F','20','0','18','352','2','[\"http://sendevimg.oss-cn-zhangjiakou.aliyuncs.com/upload/user_web/1506081332微信图片_20170922195416.png\"]',157,'3.8',1),
	(342,'华凯厅1F','32','0','30','545','0','[\"http://sendevimg.oss-cn-zhangjiakou.aliyuncs.com/upload/user_web/1506081601微信图片_20170922195416.png\"]',158,'10',1),
	(343,'绿洲堂2F','20','0','18','352','2','[\"http://sendevimg.oss-cn-zhangjiakou.aliyuncs.com/upload/user_web/1506081671微信图片_20170922200033.png\"]',158,'3.8',1),
	(344,'大厅','50','0','50','0','0','[\"http://sendevimg.oss-cn-zhangjiakou.aliyuncs.com/upload/user_web/1506082874微信图片_20170922201815.png\",\"http://sendevimg.oss-cn-zhangjiakou.aliyuncs.com/upload/user_web/1506082889微信图片_20170922201805.png\"]',159,'2.5',1),
	(345,'宴会厅1F','16','0','16','0','0','[\"http://sendevimg.oss-cn-zhangjiakou.aliyuncs.com/upload/user_web/1506083238微信图片_20170922202537.png\"]',160,'4.5',1),
	(346,'万豪阁2F','15','0','15','282','2','[\"http://sendevimg.oss-cn-zhangjiakou.aliyuncs.com/upload/user_web/1506083709微信图片_20170922203444.png\"]',161,'4',1),
	(347,'万豪殿3F','45','0','45','745','0','[\"http://sendevimg.oss-cn-zhangjiakou.aliyuncs.com/upload/user_web/1506083759微信图片_20170922203447.png\"]',161,'7',1),
	(348,'满諨楼2F','13','0','10','320','1','[\"http://sendevimg.oss-cn-zhangjiakou.aliyuncs.com/upload/user_web/1506084144微信图片_20170922204211.png\"]',162,'2.5',1),
	(349,'扬子2号宴会厅3F','33','0','30','670','1','[\"http://sendevimg.oss-cn-zhangjiakou.aliyuncs.com/upload/user_web/1506084185微信图片_20170922204207.png\"]',162,'4',1),
	(350,'扬子1号宴会厅3F','50','0','45','730','0','[\"http://sendevimg.oss-cn-zhangjiakou.aliyuncs.com/upload/user_web/1506084223微信图片_20170922204215.png\"]',162,'7',1),
	(351,'宴会厅','16','0','16','360','0','[\"http://sendevimg.oss-cn-zhangjiakou.aliyuncs.com/upload/user_web/1506084415微信图片_20170922204711.png\"]',163,'4',1),
	(352,'宴会厅3F','24','0','15','400','0','[\"http://sendevimg.oss-cn-zhangjiakou.aliyuncs.com/upload/user_web/1506084684微信图片_20170922205117.png\"]',164,'6.5',1),
	(353,'2宴会厅 3F','12','0','12','225','0','[\"http://sendevimg.oss-cn-zhangjiakou.aliyuncs.com/upload/user_web/1506084928微信图片_20170922205517.png\"]',165,'6',1),
	(354,'1宴会厅3F','12','0','12','225','0','[\"http://sendevimg.oss-cn-zhangjiakou.aliyuncs.com/upload/user_web/1506084957微信图片_20170922205520.png\"]',165,'6',1),
	(355,'宴会厅3F','24','0','24','450','0','[\"http://sendevimg.oss-cn-zhangjiakou.aliyuncs.com/upload/user_web/1506084994微信图片_20170922205523.png\"]',165,'6',1),
	(356,'和馨厅A B','22','0','18','400','0','[\"http://sendevimg.oss-cn-zhangjiakou.aliyuncs.com/upload/user_web/1506085281微信图片_20170922210111.png\"]',166,'5',1),
	(357,'和美厅A B','35','0','30','600','0','[\"http://sendevimg.oss-cn-zhangjiakou.aliyuncs.com/upload/user_web/1506085316微信图片_20170922210103.png\"]',166,'5.5',1),
	(358,'和合厅 A B','60','0','56','1200','0','[\"http://sendevimg.oss-cn-zhangjiakou.aliyuncs.com/upload/user_web/1506085366微信图片_20170922210111.png\"]',166,'7',1),
	(359,'宴会厅 1F','30','0','30','0','0','[\"http://sendevimg.oss-cn-zhangjiakou.aliyuncs.com/upload/user_web/1506085614微信图片_20170922210714.png\"]',167,'4',1),
	(360,'橡果厅1F','6','0','5','120','0','[\"http://sendevimg.oss-cn-zhangjiakou.aliyuncs.com/upload/user_web/1506085999微信图片_20170922211415.png\"]',168,'6',1),
	(361,'君荟厅2F','12','0','10','230','0','[\"http://sendevimg.oss-cn-zhangjiakou.aliyuncs.com/upload/user_web/1506086070微信图片_20170922211526.png\"]',168,'3',1),
	(362,'君丽宴会厅3F','20','8','16','390','0','[\"http://sendevimg.oss-cn-zhangjiakou.aliyuncs.com/upload/user_web/1506086157微信图片_20170922211702.png\"]',168,'5',1),
	(363,'龙凤厅6F','60','0','60','0','0','[\"http://sendevimg.oss-cn-zhangjiakou.aliyuncs.com/upload/user_web/1506086644微信图片_20170922212227.png\"]',169,'0',1),
	(364,'上海厅5F','12','0','12','0','0','[\"http://sendevimg.oss-cn-zhangjiakou.aliyuncs.com/upload/user_web/1506086683微信图片_20170922212223.png\"]',169,'0',1),
	(365,'纽约厅3F','12','0','12','0','0','[\"http://sendevimg.oss-cn-zhangjiakou.aliyuncs.com/upload/user_web/1506086722微信图片_20170922212144.png\"]',169,'0',1),
	(366,'柏林厅3F','12','0','12','0','0','[\"http://sendevimg.oss-cn-zhangjiakou.aliyuncs.com/upload/user_web/1506086755微信图片_20170922212148.png\"]',169,'0',1),
	(367,'莫斯科厅3F','12','0','12','0','0','[\"http://sendevimg.oss-cn-zhangjiakou.aliyuncs.com/upload/user_web/1506086798微信图片_20170922212152.png\"]',169,'0',1),
	(368,'台北厅5F','12','0','12','0','0','[\"http://sendevimg.oss-cn-zhangjiakou.aliyuncs.com/upload/user_web/1506086833微信图片_20170922212206.png\"]',169,'0',1),
	(369,'伦敦厅3F','12','0','12','0','0','[\"http://sendevimg.oss-cn-zhangjiakou.aliyuncs.com/upload/user_web/1506086875微信图片_20170922212210.png\"]',169,'0',1),
	(370,'北京厅5F','12','0','12','0','0','[\"http://sendevimg.oss-cn-zhangjiakou.aliyuncs.com/upload/user_web/1506086910微信图片_20170922212202.png\"]',169,'0',1),
	(371,'龙宴会厅','40','0','40','850','0','[\"http://sendevimg.oss-cn-zhangjiakou.aliyuncs.com/upload/user_web/1506087261微信图片_20170922213312.png\"]',170,'6',1),
	(372,'翡翠厅4F','42','0','42','900','0','[\"http://sendevimg.oss-cn-zhangjiakou.aliyuncs.com/upload/user_web/1506087307微信图片_20170922213257.png\"]',170,'7',1),
	(373,'大会议室3F','8','0','6','250','0','[\"http://sendevimg.oss-cn-zhangjiakou.aliyuncs.com/upload/user_web/1506087667微信图片_20170922213939.png\"]',171,'3.3',1),
	(374,'花月亭1F','42','0','30','840','0','[\"http://sendevimg.oss-cn-zhangjiakou.aliyuncs.com/upload/user_web/1506087716微信图片_20170922213944.png\"]',171,'6.7',1),
	(375,'天和厅','22','0','22','350','0','[\"http://sendevimg.oss-cn-zhangjiakou.aliyuncs.com/upload/user_web/1506087767微信图片_20170922213949.png\"]',171,'5',1),
	(376,'海纳厅2F','16','0','12','350','0','[\"http://sendevimg.oss-cn-zhangjiakou.aliyuncs.com/upload/user_web/1506087812微信图片_20170922213952.png\"]',171,'3.3',1),
	(377,'宴会厅A','20','0','15','300','0','[\"http://sendevimg.oss-cn-zhangjiakou.aliyuncs.com/upload/user_web/1506088124微信图片_20170922214730.jpg\"]',172,'7',1),
	(378,'宴会厅A B','30','0','22','500','0','[\"http://sendevimg.oss-cn-zhangjiakou.aliyuncs.com/upload/user_web/1506088156微信图片_20170922214725.jpg\"]',172,'7',1),
	(379,'宴会厅A B C','40','0','35','700','0','[\"http://sendevimg.oss-cn-zhangjiakou.aliyuncs.com/upload/user_web/1506088198微信图片_20170922214722.jpg\"]',172,'7',1),
	(380,'宴会厅A B C D','60','0','50','1000','0','[\"http://sendevimg.oss-cn-zhangjiakou.aliyuncs.com/upload/user_web/1506088260微信图片_20170922214718.jpg\"]',172,'7',1),
	(381,'宴会厅1F','12','0','12','0','0','[\"http://sendevimg.oss-cn-zhangjiakou.aliyuncs.com/upload/user_web/1506088614微信图片_20170922215555.png\"]',173,'4.5',1),
	(382,'莲花2F','12','0','8','200','0','[\"http://sendevimg.oss-cn-zhangjiakou.aliyuncs.com/upload/user_web/1506133629微信图片_20170923102644.png\"]',174,'4.5',1),
	(383,'沙逊花园2F','20','0','12','300','0','[\"http://sendevimg.oss-cn-zhangjiakou.aliyuncs.com/upload/user_web/1506133706微信图片_20170923102651.png\"]',174,'4',1),
	(384,'牡丹金桂2F','30','0','26','400','0','[\"http://sendevimg.oss-cn-zhangjiakou.aliyuncs.com/upload/user_web/1506133769微信图片_20170923102657.png\"]',174,'4',1),
	(385,'云廷1F','60','0','45','700','0','[\"http://sendevimg.oss-cn-zhangjiakou.aliyuncs.com/upload/user_web/1506133825微信图片_20170923102703.png\"]',174,'7',1),
	(386,'宴会厅3F','50','0','45','830','0','[\"http://sendevimg.oss-cn-zhangjiakou.aliyuncs.com/upload/user_web/1506134159微信图片_20170923103539.png\"]',175,'6.1',1),
	(387,'皇冠大宴会厅（半厅）','16','0','12','280','0','[\"http://sendevimg.oss-cn-zhangjiakou.aliyuncs.com/upload/user_web/1506135051微信图片_20170923105024.png\"]',176,'8',1),
	(388,'皇冠大宴会厅','32','0','26','700','0','[\"http://sendevimg.oss-cn-zhangjiakou.aliyuncs.com/upload/user_web/1506135137微信图片_20170923105028.png\"]',176,'8',1),
	(389,'华美厅3F','10','0','7','0','0','[\"http://sendevimg.oss-cn-zhangjiakou.aliyuncs.com/upload/user_web/1506136199微信图片_20170923110859.png\"]',177,'5',1),
	(390,'和合厅4F','14','0','12','0','0','[\"http://sendevimg.oss-cn-zhangjiakou.aliyuncs.com/upload/user_web/1506136241微信图片_20170923110906.png\"]',177,'4',1),
	(391,'华夏厅3F','40','0','30','700','0','[\"http://sendevimg.oss-cn-zhangjiakou.aliyuncs.com/upload/user_web/1506136297微信图片_20170923110911.png\"]',177,'6',1),
	(392,'雅典厅','12','0','12','0','0','[\"http://sendevimg.oss-cn-zhangjiakou.aliyuncs.com/upload/user_web/1506137056微信图片_20170923112209.png\"]',178,'4',1),
	(393,'柏林厅','12','0','12','0','0','[\"http://sendevimg.oss-cn-zhangjiakou.aliyuncs.com/upload/user_web/1506137115微信图片_20170923112204.png\"]',178,'4',1),
	(394,'龙凤厅','16','0','16','0','0','[\"http://sendevimg.oss-cn-zhangjiakou.aliyuncs.com/upload/user_web/1506137151微信图片_20170923112159.png\"]',178,'4',1),
	(395,'巴西厅','16','0','16','0','0','[\"http://sendevimg.oss-cn-zhangjiakou.aliyuncs.com/upload/user_web/1506137184微信图片_20170923112155.png\"]',178,'4',1),
	(396,'罗马厅','30','0','30','0','0','[\"http://sendevimg.oss-cn-zhangjiakou.aliyuncs.com/upload/user_web/1506137235微信图片_20170923112150.png\"]',178,'4',1),
	(397,'麒麟厅','30','0','30','0','0','[\"http://sendevimg.oss-cn-zhangjiakou.aliyuncs.com/upload/user_web/1506137265微信图片_20170923112145.png\"]',178,'4',1),
	(398,'米兰厅','30','0','30','0','0','[\"http://sendevimg.oss-cn-zhangjiakou.aliyuncs.com/upload/user_web/1506137307微信图片_20170923112155.png\"]',178,'4',1),
	(399,'粉钻厅2 3F','8','0','6','118','0','[\"http://sendevimg.oss-cn-zhangjiakou.aliyuncs.com/upload/user_web/1506137683微信图片_20170923113417.png\"]',179,'3.4',1),
	(400,'粉钻厅1 3F','10','0','10','128','0','[\"http://sendevimg.oss-cn-zhangjiakou.aliyuncs.com/upload/user_web/1506137736微信图片_20170923113409.png\"]',179,'3.4',1),
	(401,'红宝石宴会厅','30','0','30','480','0','[\"http://sendevimg.oss-cn-zhangjiakou.aliyuncs.com/upload/user_web/1506137771微信图片_20170923113404.png\"]',179,'4',1),
	(402,'钻石大宴会厅1F','60','0','60','1200','0','[\"http://sendevimg.oss-cn-zhangjiakou.aliyuncs.com/upload/user_web/1506137811微信图片_20170923113401.png\"]',179,'7.4',1),
	(403,'宴会厅2F','35','0','32','1700','0','[\"http://sendevimg.oss-cn-zhangjiakou.aliyuncs.com/upload/user_web/1506138129微信图片_20170923114110.png\"]',180,'0',1),
	(404,'宴会厅1F','15','0','15','0','0','[\"http://sendevimg.oss-cn-zhangjiakou.aliyuncs.com/upload/user_web/1506138743微信图片_20170923114720.jpg\"]',181,'3.8',1),
	(405,'大会议室1F','8','0','6','150','0','[\"http://sendevimg.oss-cn-zhangjiakou.aliyuncs.com/upload/user_web/1506139268微信图片_20170923115951.png\"]',182,'4.5',1),
	(406,'和逸轩1F','20','0','16','350','0','[\"http://sendevimg.oss-cn-zhangjiakou.aliyuncs.com/upload/user_web/1506139316微信图片_20170923115955.png\"]',182,'3.8',1),
	(407,'多功能厅','8','0','7','0','0','[\"http://sendevimg.oss-cn-zhangjiakou.aliyuncs.com/upload/user_web/1506139635微信图片_20170923120441.png\"]',183,'4',1),
	(408,'华美厅5F','23','16','22','380','0','[\"http://sendevimg.oss-cn-zhangjiakou.aliyuncs.com/upload/user_web/1506139714微信图片_20170923120448.png\"]',183,'4',1),
	(409,'富临门中餐厅3F','15','0','12','0','0','[\"http://sendevimg.oss-cn-zhangjiakou.aliyuncs.com/upload/user_web/1506139994微信图片_20170923121129.png\"]',184,'5',1),
	(410,'宴会厅2F','30','0','22','500','0','[\"http://sendevimg.oss-cn-zhangjiakou.aliyuncs.com/upload/user_web/1506140314微信图片_20170923121653.png\"]',185,'5',1),
	(411,'会议厅','8','0','8','0','0','[\"http://sendevimg.oss-cn-zhangjiakou.aliyuncs.com/upload/user_web/1506140739微信图片_20170923122528.png\"]',186,'0',1),
	(412,'多功能厅','18','0','18','0','0','[\"http://sendevimg.oss-cn-zhangjiakou.aliyuncs.com/upload/user_web/1506140769微信图片_20170923122532.png\"]',186,'0',1),
	(413,'宴会厅','30','0','22','0','0','[\"http://sendevimg.oss-cn-zhangjiakou.aliyuncs.com/upload/user_web/1506141033微信图片_20170923122952.png\"]',187,'4',1),
	(414,'2厅','25','0','25','0','0','[\"http://sendevimg.oss-cn-zhangjiakou.aliyuncs.com/upload/user_web/1506141449微信图片_20170923123358.png\"]',188,'7',1),
	(415,'1厅','25','0','25','0','0','[\"http://sendevimg.oss-cn-zhangjiakou.aliyuncs.com/upload/user_web/1506141512微信图片_20170923123355.png\"]',188,'7',1),
	(416,'顶楼水晶厅','60','0','60','0','0','[\"http://sendevimg.oss-cn-zhangjiakou.aliyuncs.com/upload/user_web/1506141565微信图片_20170923123358.png\"]',188,'9',1),
	(417,'大厅','33','0','33','0','0','[\"http://sendevimg.oss-cn-zhangjiakou.aliyuncs.com/upload/user_web/1506141766微信图片_20170923124240.png\"]',189,'0',1),
	(418,'小宴会厅','9','0','9','0','0','[\"http://sendevimg.oss-cn-zhangjiakou.aliyuncs.com/upload/user_web/1506142115微信图片_20170923124730.png\"]',190,'3',1),
	(419,'大宴会厅','18','0','18','0','0','[\"http://sendevimg.oss-cn-zhangjiakou.aliyuncs.com/upload/user_web/1506142144微信图片_20170923124725.png\"]',190,'4.5',1),
	(420,'大宴会厅','50','0','40','800','2','[\"http://sendevimg.oss-cn-zhangjiakou.aliyuncs.com/upload/user_web/1506142572微信图片_20170923125602.png\"]',191,'4.5',1),
	(421,'钻石宴会厅','35','20','25','600','1','[\"http://sendevimg.oss-cn-zhangjiakou.aliyuncs.com/upload/user_web/1506143073微信图片_20170923130351.png\"]',192,'0',1),
	(422,'皇冠宴会厅','35','20','22','550','2','[\"http://sendevimg.oss-cn-zhangjiakou.aliyuncs.com/upload/user_web/1506143130微信图片_20170923130359.png\"]',192,'0',1),
	(423,'金晶厅B1F','16','0','14','300','0','[\"http://sendevimg.oss-cn-zhangjiakou.aliyuncs.com/upload/user_web/1506143603微信图片_20170923130957.png\"]',193,'7',1),
	(424,'金晶厅A1F','18','0','16','330','2','[\"http://sendevimg.oss-cn-zhangjiakou.aliyuncs.com/upload/user_web/1506143665微信图片_20170923130954.png\"]',193,'7',1),
	(425,'牡丹厅','28','0','26','480','2','[\"http://sendevimg.oss-cn-zhangjiakou.aliyuncs.com/upload/user_web/1506143727微信图片_20170923130950.png\"]',193,'3.3',1),
	(426,'水晶厅5F','66','0','60','1000','2','[\"http://sendevimg.oss-cn-zhangjiakou.aliyuncs.com/upload/user_web/1506143771微信图片_20170923131007.png\"]',193,'7',1),
	(427,'宴会厅','18','0','18','0','1','[\"http://sendevimg.oss-cn-zhangjiakou.aliyuncs.com/upload/user_web/1506144219微信图片_20170923132320.png\"]',194,'3.8',1),
	(428,'百合厅2F','25','0','25','450','0','[\"http://sendevimg.oss-cn-zhangjiakou.aliyuncs.com/upload/user_web/1506144717微信图片_20170923132855.png\"]',195,'5',1),
	(429,'凯旋厅2F','38','0','38','700','0','[\"http://sendevimg.oss-cn-zhangjiakou.aliyuncs.com/upload/user_web/1506144764微信图片_20170923132844.png\"]',195,'7',1),
	(430,'美兰轩3F','20','0','18','0','0','[\"http://sendevimg.oss-cn-zhangjiakou.aliyuncs.com/upload/user_web/1506146122微信图片_20170923135506.png\"]',196,'4.5',1),
	(431,'紫竹苑2F','22','0','20','0','0','[\"http://sendevimg.oss-cn-zhangjiakou.aliyuncs.com/upload/user_web/1506146161微信图片_20170923135513.png\"]',196,'6',1),
	(432,'展示厅1F','60','0','58','0','0','[\"http://sendevimg.oss-cn-zhangjiakou.aliyuncs.com/upload/user_web/1506146210微信图片_20170923135459.png\"]',196,'10',1),
	(433,'中餐厅1F','12','0','6','0','0','[\"http://sendevimg.oss-cn-zhangjiakou.aliyuncs.com/upload/user_web/1506146525微信图片_20170923140057.png\"]',197,'5',1),
	(434,'金仓殿1F','38','0','33','460','0','[\"http://sendevimg.oss-cn-zhangjiakou.aliyuncs.com/upload/user_web/1506146570微信图片_20170923140054.png\"]',197,'7',1),
	(435,'上海老餐厅1F','15','0','12','300','0','[\"http://sendevimg.oss-cn-zhangjiakou.aliyuncs.com/upload/user_web/1506147070微信图片_20170923140903.png\"]',198,'4',1),
	(436,'友谊会堂2F','35','0','30','700','0','[\"http://sendevimg.oss-cn-zhangjiakou.aliyuncs.com/upload/user_web/1506147287微信图片_20170923141547.png\"]',198,'5',1),
	(437,'多功能厅1F','45','0','38','700','0','[\"http://sendevimg.oss-cn-zhangjiakou.aliyuncs.com/upload/user_web/1506147179微信图片_20170923140911.png\"]',198,'7',1),
	(438,'南楼郁金香1F','35','0','30','700','0','[\"http://sendevimg.oss-cn-zhangjiakou.aliyuncs.com/upload/user_web/1506147228微信图片_20170923140907.png\"]',198,'5',1),
	(439,'宴会厅1F','50','0','30','625','0','[\"http://sendevimg.oss-cn-zhangjiakou.aliyuncs.com/upload/user_web/1506147553微信图片_20170923141748.png\"]',199,'3.8',1),
	(440,'小多功能厅4F','8','0','6','120','0','[\"http://sendevimg.oss-cn-zhangjiakou.aliyuncs.com/upload/user_web/1506147894微信图片_20170923142226.png\"]',200,'4',1),
	(441,'大多能厅4F','16','0','12','300','0','[\"http://sendevimg.oss-cn-zhangjiakou.aliyuncs.com/upload/user_web/1506147934微信图片_20170923142232.png\"]',200,'4',1),
	(442,'粤玲珑宴会厅3F','22','0','18','400','0','[\"http://sendevimg.oss-cn-zhangjiakou.aliyuncs.com/upload/user_web/1506147972微信图片_20170923142229.png\"]',200,'3',1),
	(443,'梦竹缘1F','70','0','50','3000','0','[\"http://sendevimg.oss-cn-zhangjiakou.aliyuncs.com/upload/user_web/1506148246微信图片_20170923142912.png\"]',201,'6',1),
	(444,'宴会厅2','28','0','28','0','0','[\"http://sendevimg.oss-cn-zhangjiakou.aliyuncs.com/upload/user_web/1506148546微信图片_20170923143542.png\"]',202,'6',1),
	(445,'宴会厅1','60','0','60','0','0','[\"http://sendevimg.oss-cn-zhangjiakou.aliyuncs.com/upload/user_web/1506148580微信图片_20170923143531.png\"]',202,'6',1),
	(446,'宴会厅1F','26','0','22','640','0','[\"http://sendevimg.oss-cn-zhangjiakou.aliyuncs.com/upload/user_web/1506148907微信图片_20170923144108.png\"]',203,'7',1),
	(447,'富豪宴会厅3F','25','0','23','408','0','[\"http://sendevimg.oss-cn-zhangjiakou.aliyuncs.com/upload/user_web/1506149428微信图片_20170923144851.png\"]',204,'4',1),
	(448,'上海滩','20','0','16','380','0','[\"http://sendevimg.oss-cn-zhangjiakou.aliyuncs.com/upload/user_web/1506149894微信图片_20170923145602.png\"]',205,'4',1),
	(449,'北京城3','18','0','15','350','0','[\"http://sendevimg.oss-cn-zhangjiakou.aliyuncs.com/upload/user_web/1506149938微信图片_20170923145617.png\"]',205,'4.2',1),
	(450,'中国城3F','12','0','10','300','0','[\"http://sendevimg.oss-cn-zhangjiakou.aliyuncs.com/upload/user_web/1506149969微信图片_20170923145609.png\"]',205,'3.5',1),
	(451,'北京城1 2','24','0','20','400','0','[\"http://sendevimg.oss-cn-zhangjiakou.aliyuncs.com/upload/user_web/1506150001微信图片_20170923145622.png\"]',205,'4.2',1),
	(452,'北京1 2 3','45','0','40','750','0','[\"http://sendevimg.oss-cn-zhangjiakou.aliyuncs.com/upload/user_web/1506150046微信图片_20170923145625.png\"]',205,'4.2',1),
	(453,'包场','23','0','21','0','0','[\"http://sendevimg.oss-cn-zhangjiakou.aliyuncs.com/upload/user_web/1506150480微信图片_20170923150629.png\",\"http://sendevimg.oss-cn-zhangjiakou.aliyuncs.com/upload/user_web/1506150491微信图片_20170923150641.png\"]',206,'0',1),
	(454,'1厅','13','0','10','0','0','[\"http://sendevimg.oss-cn-zhangjiakou.aliyuncs.com/upload/user_web/1506150527微信图片_20170923150633.png\",\"http://sendevimg.oss-cn-zhangjiakou.aliyuncs.com/upload/user_web/1506150537微信图片_20170923150641.png\"]',206,'4',1),
	(455,'静安厅','12','0','12','0','0','[\"http://sendevimg.oss-cn-zhangjiakou.aliyuncs.com/upload/user_web/1506150883微信图片_20170923151300.png\"]',207,'3.5',1),
	(456,'宴会厅2F','12','0','12','200','0','[\"http://sendevimg.oss-cn-zhangjiakou.aliyuncs.com/upload/user_web/1506151506微信图片_20170923152229.png\"]',208,'4',1),
	(457,'新大楼宴会厅2F','28','0','26','400','0','[\"http://sendevimg.oss-cn-zhangjiakou.aliyuncs.com/upload/user_web/1506152033微信图片_20170923153448.png\"]',209,'5',1),
	(458,'香樟厅1F','12','0','10','170','0','[\"http://sendevimg.oss-cn-zhangjiakou.aliyuncs.com/upload/user_web/1506152089微信图片_20170923153439.png\"]',209,'4',1),
	(459,'银杏苑1F','20','0','18','270','0','[\"http://sendevimg.oss-cn-zhangjiakou.aliyuncs.com/upload/user_web/1506152128微信图片_20170923153436.png\"]',209,'3.8',1),
	(460,'百合苑1F','24','0','20','300','0','[\"http://sendevimg.oss-cn-zhangjiakou.aliyuncs.com/upload/user_web/1506152173微信图片_20170923153431.png\"]',209,'3',1),
	(461,'多功能厅2 3F','6','0','5','0','0','[\"http://sendevimg.oss-cn-zhangjiakou.aliyuncs.com/upload/user_web/1506152836微信图片_20170923154738.png\"]',210,'4',1),
	(462,'多功能厅1 2F','6','0','5','0','0','[\"http://sendevimg.oss-cn-zhangjiakou.aliyuncs.com/upload/user_web/1506152905微信图片_20170923154733.png\"]',210,'4',1),
	(463,'悦雅厅8F','18','0','15','0','0','[\"http://sendevimg.oss-cn-zhangjiakou.aliyuncs.com/upload/user_web/1506152949微信图片_20170923154742.png\"]',210,'4',1),
	(464,'宴会厅2F','39','0','30','0','0','[\"http://sendevimg.oss-cn-zhangjiakou.aliyuncs.com/upload/user_web/1506152999微信图片_20170923154742.png\"]',210,'4',1),
	(465,'宴会厅1F','14','0','12','250','0','[\"http://sendevimg.oss-cn-zhangjiakou.aliyuncs.com/upload/user_web/1506153375微信图片_20170923155622.png\"]',211,'3.5',1),
	(466,'宴会厅4F','30','0','28','0','0','[\"http://sendevimg.oss-cn-zhangjiakou.aliyuncs.com/upload/user_web/1506153726微信图片_20170923160021.png\"]',212,'4',1),
	(467,'大厅','6','0','6','0','0','[\"http://sendevimg.oss-cn-zhangjiakou.aliyuncs.com/upload/user_web/1506154084微信图片_20170923160826.png\"]',213,'0',1),
	(468,'大厅3F','12','0','10','0','0','[\"http://sendevimg.oss-cn-zhangjiakou.aliyuncs.com/upload/user_web/1506154611微信图片_20170923161634.png\"]',214,'4',1),
	(469,'宴会厅5F','15','0','15','0','0','[\"http://sendevimg.oss-cn-zhangjiakou.aliyuncs.com/upload/user_web/1506154642微信图片_20170923161647.png\"]',214,'5',1),
	(470,'宴会厅4F','35','0','30','0','0','[\"http://sendevimg.oss-cn-zhangjiakou.aliyuncs.com/upload/user_web/1506154685微信图片_20170923161639.png\"]',214,'5',1),
	(471,'沙龙三 86F','8','8','6','171','0','[\"http://sendevimg.oss-cn-zhangjiakou.aliyuncs.com/upload/user_web/1506155015微信图片_20170923162120.png\"]',215,'4',1),
	(472,'私人宴会厅 93F','14','8','12','240','0','[\"http://sendevimg.oss-cn-zhangjiakou.aliyuncs.com/upload/user_web/1506155123微信图片_20170923162120.png\"]',215,'5',1),
	(473,'浦东厅','10','0','8','0','0','[\"http://sendevimg.oss-cn-zhangjiakou.aliyuncs.com/upload/user_web/1506159343微信图片_20170923173233.png\"]',216,'3',1),
	(474,'上海厅','18','0','16','0','0','[\"http://sendevimg.oss-cn-zhangjiakou.aliyuncs.com/upload/user_web/1506159372微信图片_20170923173237.png\"]',216,'5.5',1),
	(475,'世纪厅','26','0','24','0','0','[\"http://sendevimg.oss-cn-zhangjiakou.aliyuncs.com/upload/user_web/1506159409微信图片_20170923173241.png\"]',216,'7.5',1),
	(476,'金色大厅2F','22','0','22','433','0','[\"http://sendevimg.oss-cn-zhangjiakou.aliyuncs.com/upload/user_web/1506159892微信图片_20170923174330.png\"]',217,'3.4',1),
	(477,'金色大厅1号厅1F','24','0','22','439','0','[\"http://sendevimg.oss-cn-zhangjiakou.aliyuncs.com/upload/user_web/1506159932微信图片_20170923174330.png\"]',217,'3.4',1),
	(478,'大厅','18','0','18','0','0','[\"http://sendevimg.oss-cn-zhangjiakou.aliyuncs.com/upload/user_web/1506160190微信图片_20170923174946.png\"]',218,'4',1),
	(479,'小厅','12','0','12','0','0','[\"http://sendevimg.oss-cn-zhangjiakou.aliyuncs.com/upload/user_web/1506160487微信图片_20170923175313.png\"]',219,'5',1),
	(480,'大厅','50','0','45','0','0','[\"http://sendevimg.oss-cn-zhangjiakou.aliyuncs.com/upload/user_web/1506160521微信图片_20170923175317.png\"]',219,'5',1),
	(481,'宴会厅2F','22','0','18','418','0','[\"http://sendevimg.oss-cn-zhangjiakou.aliyuncs.com/upload/user_web/1506164299微信图片_20170923185534.png\"]',221,'4.4',1),
	(482,'苏州无锡桂林厅3F','12','0','10','304','0','[\"http://sendevimg.oss-cn-zhangjiakou.aliyuncs.com/upload/user_web/1506164800微信图片_20170923190534.png\"]',222,'3',1),
	(483,'资金楼盛事堂3F','80','0','65','1740','0','[\"http://sendevimg.oss-cn-zhangjiakou.aliyuncs.com/upload/user_web/1506164856微信图片_20170923190539.png\"]',222,'7.8',1),
	(484,'浦江楼大宴会厅3F','65','0','65','1530','0','[\"http://sendevimg.oss-cn-zhangjiakou.aliyuncs.com/upload/user_web/1506164898微信图片_20170923190530.png\"]',222,'6.8',1),
	(485,'狮子座1F','10','0','10','160','0','[\"http://sendevimg.oss-cn-zhangjiakou.aliyuncs.com/upload/user_web/1506165311微信图片_20170923191454.png\"]',223,'0',1),
	(486,'天平座厅1F','10','0','10','160','0','[\"http://sendevimg.oss-cn-zhangjiakou.aliyuncs.com/upload/user_web/1506165349微信图片_20170923191509.png\"]',223,'0',1),
	(487,'国际会议中心1F','57','0','50','1200','0','[\"http://sendevimg.oss-cn-zhangjiakou.aliyuncs.com/upload/user_web/1506165393微信图片_20170923191503.png\"]',223,'8.5',1),
	(488,'中庭','18','0','18','520','0','[\"http://sendevimg.oss-cn-zhangjiakou.aliyuncs.com/upload/user_web/1506165881微信图片_20170923192411.png\"]',224,'6.5',1),
	(489,'新亚厅','16','0','16','300','0','[\"http://sendevimg.oss-cn-zhangjiakou.aliyuncs.com/upload/user_web/1506165919微信图片_20170923192414.png\"]',224,'4.5',1),
	(490,'汤臣堂','42','0','35','756','0','[\"http://sendevimg.oss-cn-zhangjiakou.aliyuncs.com/upload/user_web/1506165957微信图片_20170923192357.png\"]',224,'5.8',1),
	(491,'宴会厅2F','30','15','25','500','0','[\"http://sendevimg.oss-cn-zhangjiakou.aliyuncs.com/upload/user_web/1506166538微信图片_20170923193501.png\"]',226,'4',1),
	(492,'顶楼旋转餐厅46F','18','0','18','0','0','[\"http://sendevimg.oss-cn-zhangjiakou.aliyuncs.com/upload/user_web/1506167404微信图片_20170923194850.png\"]',227,'0',1),
	(493,'锦泉礼堂4F','11','0','11','210','0','[\"http://sendevimg.oss-cn-zhangjiakou.aliyuncs.com/upload/user_web/1506167452微信图片_20170923194853.png\"]',227,'4.4',1),
	(494,'晶水坊 B1F','16','0','16','0','0','[\"http://sendevimg.oss-cn-zhangjiakou.aliyuncs.com/upload/user_web/1506167496微信图片_20170923194857.png\"]',227,'0',1),
	(495,'春申苑 B1F','20','0','20','0','0','[\"http://sendevimg.oss-cn-zhangjiakou.aliyuncs.com/upload/user_web/1506167571微信图片_20170923194900.png\"]',227,'0',1),
	(496,'锦祥礼堂2F','30','0','30','600','0','[\"http://sendevimg.oss-cn-zhangjiakou.aliyuncs.com/upload/user_web/1506167630微信图片_20170923194904.png\"]',227,'6',1),
	(497,'裕景宴会厅 5F','44','0','44','680','0','[\"http://sendevimg.oss-cn-zhangjiakou.aliyuncs.com/upload/user_web/1506168220微信图片_20170923195944.png\"]',228,'4.6',1),
	(498,'雅风厅3F','11','0','10','190','0','[\"http://sendevimg.oss-cn-zhangjiakou.aliyuncs.com/upload/user_web/1506168266微信图片_20170923195929.png\"]',228,'6.7',1),
	(499,'宴会厅1F','60','0','50','1100','0','[\"http://sendevimg.oss-cn-zhangjiakou.aliyuncs.com/upload/user_web/1506168641微信图片_20170923201104.png\"]',229,'8',1),
	(500,'宴会厅2F','26','0','24','480','0','[\"http://sendevimg.oss-cn-zhangjiakou.aliyuncs.com/upload/user_web/1506169011微信图片_20170923201656.png\"]',230,'6.5',1),
	(501,'上海宴会厅3F','160','0','160','2230','0','[\"http://sendevimg.oss-cn-zhangjiakou.aliyuncs.com/upload/user_web/1506169552微信图片_20170923202531.png\"]',231,'9',1),
	(502,'上海大宴会厅1 3F','50','0','50','686','0','[\"http://sendevimg.oss-cn-zhangjiakou.aliyuncs.com/upload/user_web/1506169598微信图片_20170923202534.png\"]',231,'9',1),
	(503,'上海大宴会厅1 2 3F','110','0','110','1536','0','[\"http://sendevimg.oss-cn-zhangjiakou.aliyuncs.com/upload/user_web/1506169657微信图片_20170923202531.png\"]',231,'9',1),
	(504,'上海宴会厅2 3 3F','110','0','110','1550','0','[\"http://sendevimg.oss-cn-zhangjiakou.aliyuncs.com/upload/user_web/1506169719微信图片_20170923202527.png\"]',231,'9',1),
	(505,'上海大宴会厅3 3F','50','0','50','700','0','[\"http://sendevimg.oss-cn-zhangjiakou.aliyuncs.com/upload/user_web/1506169764微信图片_20170923202527.png\"]',231,'9',1),
	(506,'浦东大宴会厅 3F','60','0','60','1018','0','[\"http://sendevimg.oss-cn-zhangjiakou.aliyuncs.com/upload/user_web/1506169803微信图片_20170923202521.png\"]',231,'7',1),
	(507,'浦东大宴会厅1 3F','22','0','22','324','0','[\"http://sendevimg.oss-cn-zhangjiakou.aliyuncs.com/upload/user_web/1506169836微信图片_20170923202521.png\"]',231,'7',1),
	(508,'浦东大宴会厅2 3F','24','0','24','333','0','[\"http://sendevimg.oss-cn-zhangjiakou.aliyuncs.com/upload/user_web/1506169886微信图片_20170923202509.png\"]',231,'7',1),
	(509,'花园宴会厅 5F','60','0','45','1148','0','[\"http://sendevimg.oss-cn-zhangjiakou.aliyuncs.com/upload/user_web/1506170366微信图片_20170923203916.png\"]',232,'7.5',1),
	(510,'大宴会厅 2F','120','0','90','2016','0','[\"http://sendevimg.oss-cn-zhangjiakou.aliyuncs.com/upload/user_web/1506170413微信图片_20170923203920.png\",\"http://sendevimg.oss-cn-zhangjiakou.aliyuncs.com/upload/user_web/1506170423微信图片_20170923203923.png\"]',232,'10.3',1),
	(511,'戛纳AB 2F','34','0','30','700','0','[\"http://sendevimg.oss-cn-zhangjiakou.aliyuncs.com/upload/user_web/15063037545024dfc1a67e3c1d5f9acc7449bc0c35345318.jpg\"]',233,'8',1),
	(512,'戛纳C厅2F','18','0','15','360','0','[\"http://sendevimg.oss-cn-zhangjiakou.aliyuncs.com/upload/user_web/15063038045024dfc1a67e3c1d5f9acc7449bc0c35345318.jpg\"]',233,'8',1),
	(513,'波尔多AB厅1F','25','0','22','500','0','[\"http://sendevimg.oss-cn-zhangjiakou.aliyuncs.com/upload/user_web/1506303856b1144b41b293662a179f67aa47b49d2c428693.jpg\"]',233,'4.5',1),
	(514,'路易A厅1F','20','0','20','425','0','[\"http://sendevimg.oss-cn-zhangjiakou.aliyuncs.com/upload/user_web/1506303900b1144b41b293662a179f67aa47b49d2c428693.jpg\"]',233,'4.5',1),
	(515,'路易B厅2F','24','0','20','560','0','[\"http://sendevimg.oss-cn-zhangjiakou.aliyuncs.com/upload/user_web/1506303941b1144b41b293662a179f67aa47b49d2c428693.jpg\"]',233,'8',1),
	(516,'里昂AB厅2F','45','0','40','1020','0','[\"http://sendevimg.oss-cn-zhangjiakou.aliyuncs.com/upload/user_web/1506304002b1144b41b293662a179f67aa47b49d2c428693.jpg\"]',233,'8',1),
	(517,'宴会ABC厅 5F','44','0','40','810','1','[\"http://sendevimg.oss-cn-zhangjiakou.aliyuncs.com/upload/user_web/1506324915微信图片_20170925153222.png\"]',234,'5',1),
	(518,'宴会AC厅 5F','26','0','24','508','1','[\"http://sendevimg.oss-cn-zhangjiakou.aliyuncs.com/upload/user_web/1506324970微信图片_20170925153226.png\"]',234,'5',1),
	(519,'宴会AB厅 5F','38','0','26','608','1','[\"http://sendevimg.oss-cn-zhangjiakou.aliyuncs.com/upload/user_web/1506325033微信图片_20170925153222.png\"]',234,'5',1),
	(520,'贵宾厅 5F','12','0','10','270','1','[\"http://sendevimg.oss-cn-zhangjiakou.aliyuncs.com/upload/user_web/1506325081微信图片_20170925153218.png\"]',234,'3',1),
	(521,'宴会C厅 5F','10','0','10','202','1','[\"http://sendevimg.oss-cn-zhangjiakou.aliyuncs.com/upload/user_web/1506325129微信图片_20170925153212.png\"]',234,'3',1),
	(522,'宴会B厅 5F','18','0','14','302','1','[\"http://sendevimg.oss-cn-zhangjiakou.aliyuncs.com/upload/user_web/1506325183微信图片_20170925153206.png\"]',234,'3',1),
	(523,'宴会A厅 5F','22','0','12','306','2','[\"http://sendevimg.oss-cn-zhangjiakou.aliyuncs.com/upload/user_web/1506325230微信图片_20170925153201.png\"]',234,'5',1),
	(524,'雅苑丽厅 4F','16','0','15','332','2','[\"http://sendevimg.oss-cn-zhangjiakou.aliyuncs.com/upload/user_web/1506325277微信图片_20170925153157.png\"]',234,'3',1),
	(525,'牡丹苑 4F','26','0','15','470','1','[\"http://sendevimg.oss-cn-zhangjiakou.aliyuncs.com/upload/user_web/1506325322微信图片_20170925153133.png\"]',234,'5',1),
	(526,'维也纳厅 3F','16','0','12','258','1','[\"http://sendevimg.oss-cn-zhangjiakou.aliyuncs.com/upload/user_web/1506325369微信图片_20170925153141.png\"]',234,'3',1),
	(527,'雅丽苑全场 4F','26','0','22','498','2','[\"http://sendevimg.oss-cn-zhangjiakou.aliyuncs.com/upload/user_web/1506325462微信图片_20170925153226.png\"]',234,'3',1),
	(528,'浦江全景厅','25','0','20','400m²','2','[\"http://sendevimg.oss-cn-zhangjiakou.aliyuncs.com/upload/user_web/15089088361508908794(1).jpg\",\"http://sendevimg.oss-cn-zhangjiakou.aliyuncs.com/upload/user_web/15089088431508908763(1).jpg\",\"http://sendevimg.oss-cn-zhangjiakou.aliyuncs.com/upload/user_web/15089088461508908739(1).jpg\",\"http://sendevimg.oss-cn-zhangjiakou.aliyuncs.com/upload/user_web/15089088511508908822(1).jpg\"]',236,'5m',1);

/*!40000 ALTER TABLE `hqsen_hotel_room` ENABLE KEYS */;
UNLOCK TABLES;


# Dump of table hqsen_kezi_order
# ------------------------------------------------------------

DROP TABLE IF EXISTS `hqsen_kezi_order`;

CREATE TABLE `hqsen_kezi_order` (
  `id` int(10) unsigned NOT NULL AUTO_INCREMENT COMMENT '自增主键',
  `customer_name` varchar(32) NOT NULL COMMENT '受访者 消费者名字',
  `order_type` tinyint(2) NOT NULL DEFAULT '0' COMMENT '客资订单类别 1婚宴 2会务 3宝宝宴',
  `order_phone` varchar(18) NOT NULL DEFAULT '' COMMENT '消费者 手机号',
  `order_area_hotel_type` int(3) NOT NULL DEFAULT '0' COMMENT '1指定区域 2指定酒店',
  `order_area_hotel_id` varchar(16) NOT NULL DEFAULT '0' COMMENT '后台编辑的区域ID或者酒店ID 酒店可以多个 22,5,6',
  `desk_count` int(4) NOT NULL DEFAULT '0' COMMENT '桌数',
  `order_money` varchar(20) NOT NULL DEFAULT '0' COMMENT '预算',
  `use_date` int(10) unsigned NOT NULL DEFAULT '0' COMMENT '使用时间',
  `create_time` int(10) unsigned NOT NULL DEFAULT '0' COMMENT '时间戳',
  `watch_user` varchar(20) NOT NULL DEFAULT '0' COMMENT '跟进用户',
  `order_desc` varchar(200) NOT NULL DEFAULT '' COMMENT '订单描述',
  `del_flag` tinyint(1) unsigned NOT NULL DEFAULT '1' COMMENT '1正常 2为删除',
  `user_id` int(10) NOT NULL COMMENT ' 创建用户',
  `order_status` tinyint(5) NOT NULL DEFAULT '0' COMMENT '0未知 1待处理 2跟踪中 3待结算 4已结算 5已取消',
  `sync_type` tinyint(1) unsigned NOT NULL DEFAULT '1' COMMENT '同步状态 1 未同步 2已同步',
  PRIMARY KEY (`id`)
) ENGINE=MyISAM DEFAULT CHARSET=utf8;

LOCK TABLES `hqsen_kezi_order` WRITE;
/*!40000 ALTER TABLE `hqsen_kezi_order` DISABLE KEYS */;

INSERT INTO `hqsen_kezi_order` (`id`, `customer_name`, `order_type`, `order_phone`, `order_area_hotel_type`, `order_area_hotel_id`, `desk_count`, `order_money`, `use_date`, `create_time`, `watch_user`, `order_desc`, `del_flag`, `user_id`, `order_status`, `sync_type`)
VALUES
	(1,'李志',1,'18816781001',1,'3',16,'十二万以下',1534522129,1502899740,'','试看看',1,115,1,1),
	(2,'linda',1,'13601805980',2,'3',15,'',1507737600,1502946932,'','',1,116,1,2),
	(3,'linda',1,'13601805980',2,'3',15,'',1507737600,1502946932,'','',1,116,1,2),
	(4,'linda',1,'13601805980',2,'3',15,'',1507737600,1502946932,'','',1,116,1,2),
	(5,'linda',1,'13912456815',2,'4',20,'',1508947200,1502947170,'','',1,116,1,2),
	(6,'ll',1,'15023845213',2,'7',20,'',1504195200,1502947282,'','',1,116,1,2),
	(7,'',1,'15100000008',2,'3',20,'',1510761600,1502947516,'','',1,116,1,2),
	(8,'李可',1,'18718718701',2,'3',12,'十几万',1502899200,1502948393,'','',1,119,1,2),
	(9,'',1,'18618518301',2,'3',0,'',0,1502949557,'','',1,111,1,2),
	(10,'测试结果',1,'15068159661',1,'5',0,'',0,1502950227,'','',2,120,1,1),
	(11,'测试结果',1,'15068159661',1,'5',0,'',0,1502950227,'','',2,120,1,1),
	(12,'测试结果',1,'15068159661',1,'5',0,'',0,1502950227,'','',2,120,1,1),
	(13,'测试结果',1,'15068159661',1,'5',0,'',0,1502950227,'','',2,120,1,1),
	(14,'测试结果',1,'15068159661',1,'5',0,'',0,1502950227,'','',2,120,1,1),
	(15,'测试结果',1,'15068159661',1,'5',0,'',0,1502950227,'','',2,120,1,1),
	(16,'测试结果',1,'15068159661',1,'5',0,'',0,1502950228,'','',2,120,1,1),
	(17,'测试结果',1,'15068159661',1,'5',0,'',0,1502950228,'','',2,120,1,1),
	(18,'测试结果',1,'15068159661',1,'5',0,'',0,1502950228,'','',2,120,1,1),
	(19,'测试结果',1,'15068159661',1,'5',0,'',0,1502950228,'','',2,120,1,1),
	(20,'测试结果',1,'15068159661',1,'5',0,'',0,1502950237,'','',2,120,1,1),
	(21,'测试结果',1,'15068159661',1,'5',0,'',0,1502950238,'','',2,120,1,1),
	(22,'测试结果',1,'15068159661',1,'8',0,'',0,1502950250,'','',1,120,1,1),
	(23,'测试',1,'15000000000',2,'3',0,'',0,1502950300,'','',1,120,1,2),
	(24,'',2,'15811111111',2,'3',0,'',0,1502954628,'','',1,111,1,2),
	(25,'',1,'18718718702',2,'6',0,'',0,1502956873,'','',1,119,1,2),
	(26,'Vicky',1,'15000000879',2,'6',28,'8000',1505491200,1502957110,'','',1,117,1,2),
	(27,'',1,'18818818801',2,'3',0,'',0,1502957359,'','',1,111,1,2),
	(28,'',1,'15000000258',2,'10,9,2',20,'7800',1507564800,1502957833,'','',1,117,1,2),
	(29,'杨女士',1,'14782389262',1,'12',18,'280000',1538376181,1503124997,'','',1,121,1,1),
	(30,'李先生',1,'13701865088',1,'8',10,'150000',1513665894,1503125101,'','',1,121,1,1),
	(31,'王者',1,'13601812885',1,'3',15,'150000',1534661182,1503125193,'','',1,121,1,1),
	(32,'李腾',1,'15815815858',2,'3',12,'200000',1514817860,1503153877,'','',1,121,1,2),
	(33,'张七',1,'13600000007',2,'4',25,'200000',1508601600,1503458703,'','',1,116,1,2),
	(34,'张八',1,'13600000008',2,'9',15,'150000',1507910400,1503459236,'','',1,105,1,2),
	(35,'小明',1,'15000000009',2,'4',20,'250000',1529984284,1503459493,'','',1,110,1,2),
	(36,'小金刚',1,'15000000010',2,'4',30,'350000',1540268624,1503462231,'','',1,110,1,2),
	(37,'孙女士',1,'15800829001',2,'3,2,1',20,'230000',1527819686,1503973299,'','',1,121,1,2),
	(38,'王',1,'13701738055',2,'10,1',2,'5000',1504773948,1504773958,'','好的',1,123,1,2),
	(39,'吴',1,'13611721703',2,'6',2,'22',0,1504790936,'','你好',1,123,1,2),
	(40,'徐小姐',1,'15000000001',1,'8',30,'280000',1537935893,1506399914,'','无柱\n',1,117,1,1),
	(41,'陈莉莉',3,'13003221190',2,'3',20,'60000',1516945880,1506664313,'','',1,130,1,2),
	(42,'',2,'15000172479',2,'234',0,'',0,1506669740,'','',1,117,1,2),
	(43,'陈莉莉',2,'13003221190',2,'234',20,'60000',1516951590,1506670008,'','',1,130,1,2),
	(44,'',1,'15000172479',2,'3',0,'',0,1507521111,'','',1,111,1,2),
	(45,'',1,'13817961016',2,'3',28,'大约三十万左右',1569813116,1507605141,'','无柱',1,117,1,2),
	(46,'',1,'13353587454',2,'4',0,'',0,1508216625,'','',1,139,1,2),
	(47,'',1,'11221134563',2,'4',0,'',0,1508233012,'','',1,110,1,2),
	(48,'李',1,'13525244123',2,'4',0,'',0,1508233139,'','',1,110,1,2),
	(49,'',1,'13852523562',2,'1',0,'',0,1508233302,'','',1,113,1,2),
	(50,'g',1,'12356412532',2,'4',0,'',0,1508233418,'','',1,110,1,2),
	(51,'a',1,'11112844255',2,'1',0,'',1508233473,1508233476,'','',1,113,1,2),
	(52,'v',1,'11115888745',2,'1',0,'',0,1508233552,'','',1,113,1,2),
	(53,'王',1,'13663635656',2,'1',0,'',0,1508239143,'','婚庆\n',1,139,1,2),
	(54,'wwt',1,'12355634564',2,'1',0,'',0,1508243269,'','',1,139,1,2),
	(55,'wqqq',1,'13525361548',2,'1',0,'',0,1508243652,'','',1,139,1,2),
	(56,'wewe',1,'13463163463',2,'1',0,'',0,1508244201,'','',1,139,1,2),
	(57,'mu mu ',1,'15800639058',2,'3',10,'',0,1508375599,'','\n',1,111,1,2),
	(58,'花花',1,'13666466464',2,'3',10,'10000',1509120000,1508378667,'','',1,111,1,2),
	(59,'',2,'13701232158',2,'144',0,'',0,1508379126,'','',1,148,1,2),
	(60,'',1,'13252123252',2,'2',0,'',0,1508385778,'','',1,148,1,2),
	(61,'dehhxueb',1,'13645542512',2,'3',0,'',0,1508395620,'','',1,139,1,2),
	(62,'shxycbd',1,'13624528463',2,'3',0,'',0,1508397436,'','',1,139,1,2),
	(63,'相敏',1,'13661473522',2,'2',16,'8888',1538730380,1508404003,'','',1,146,1,2),
	(64,'你好',1,'15000172477',2,'1',25,'50088',1508860800,1508420306,'','',1,117,1,2),
	(65,'vvvvb',1,'13654284564',2,'1',0,'',0,1508422177,'','',1,139,1,2),
	(66,'徐先生',1,'13301721876',2,'8,2,1',18,'180000',1537678771,1508475605,'','',1,184,1,2),
	(67,'新娘',1,'13918172287',1,'8',17,'150000',1538370065,1508475682,'','7-10月',1,184,1,1),
	(68,'新娘',1,'13359448008',2,'1',14,'120000',1529730135,1508475744,'','',1,184,1,2),
	(69,'严小姐',1,'17628181167',2,'234,3,2',15,'150000',1521867819,1508475831,'','',1,184,1,2),
	(70,'hhuh',1,'13546316345',1,'13',0,'',0,1508476647,'','',2,139,1,1),
	(71,'hhuh',1,'13546316345',1,'5',0,'',0,1508476653,'','',1,139,1,1),
	(72,'张阿姨',1,'13816677788',1,'8',20,'',1535779368,1508476986,'','市区',1,184,1,1),
	(73,'孙小姐',1,'13585867891',1,'8',20,'',1535779424,1508477045,'','市区9-10月\n',1,184,1,1),
	(74,'dhhrhuxb',1,'12366549578',1,'7',0,'',0,1508479614,'','',1,139,1,1),
	(75,'',1,'13525236522',2,'116',0,'',0,1508480442,'','',1,148,1,2),
	(76,'fegbtftg',1,'13568569856',2,'4',0,'',0,1508482056,'','',1,139,1,2),
	(77,'',1,'13569648589',1,'4',0,'',0,1508484427,'','',1,139,1,1),
	(78,'李',1,'13585631957',1,'12',10,'',0,1508485332,'','',1,187,1,1),
	(79,'qqqqqqqqe',1,'13584696452',2,'102',0,'',0,1508494123,'','',1,139,1,2),
	(80,'小明',1,'15000172476',2,'1',20,'180000',1540030245,1508494256,'','',1,113,1,2),
	(81,'孔先生',1,'13701818475',2,'234',25,'6888',1529078400,1508559926,'','',1,191,1,2),
	(82,'赵先生',1,'13917738667',1,'8',11,'80000',1514791657,1508570868,'','',1,193,1,1),
	(83,'曹先生',1,'15900981597',1,'3',12,'7000',1539848857,1508572070,'','',1,191,1,1),
	(84,'',1,'13664288496',2,'1',0,'',0,1508574428,'','',1,139,1,2),
	(85,'王韵',1,'13601654869',2,'234',14,'5888',1521302400,1508581531,'','婚宴已定好 婚庆未定 ',1,191,1,2),
	(86,'新郎',1,'18918509790',2,'3,1',18,'8000-9000',1525150600,1508648221,'','市区 5-6 9-10月',1,184,1,2),
	(87,'张先生',1,'13916098715',2,'234',12,'6888',1509178857,1508660504,'','明年秋天档期',1,191,1,2),
	(88,'纪先生',1,'13816292821',1,'12',15,'',1517046384,1508665600,'','',1,186,1,1),
	(89,'测试者',1,'13666668686',1,'8',30,'500000',1523462400,1508730071,'','结婚好开心',1,139,1,1),
	(90,'测试者2',1,'13838384448',1,'8',0,'',0,1508730764,'','结婚好开心',1,139,1,1),
	(91,'张女士',1,'13621704003',2,'3',10,'',1529738848,1508743694,'','女婿是外国人 不要婚庆',2,141,1,1),
	(92,'张女士',1,'13621704003',2,'3',10,'',1529738848,1508743700,'','女婿是外国人 不要婚庆',2,141,1,1),
	(93,'张女士',1,'13621704003',2,'3',10,'',1529738848,1508743717,'','女婿是外国人 不要婚庆',2,141,1,1),
	(94,'张女士',1,'13621704003',2,'3',10,'100000',1529738848,1508743735,'','女婿是外国人 不要婚庆',2,141,1,1),
	(95,'张女士',1,'13621704003',2,'3',10,'100000',1529738848,1508743765,'','女婿是外国人 不要婚庆',2,141,1,1),
	(96,'张女士',1,'13621704003',2,'3',10,'100000',1529738848,1508743768,'','女婿是外国人 不要婚庆',2,141,1,1),
	(97,'赵祺民',1,'13661738588',2,'1',0,'',0,1508746617,'','已签单',1,198,1,2),
	(98,'女士',1,'13816832862',1,'3',0,'',0,1508755128,'','',1,200,1,1),
	(99,'测试者',1,'13666955486',1,'21',20,'100000',1509033600,1508811492,'','',1,194,1,1),
	(100,'测试者1',1,'13666463634',2,'235',0,'100000',0,1508811589,'','',1,194,1,2),
	(101,'张小姐',1,'18017850907',2,'6',20,'7000',1540695111,1508813554,'','',1,208,1,2),
	(102,'测试',1,'15015015015',2,'6',20,'8000',1538363360,1508814600,'','无柱',1,117,1,2),
	(103,'',1,'13023562138',2,'1',0,'',0,1508816172,'','测试',1,148,1,2),
	(104,'测试三',1,'13665645663',2,'235',0,'',0,1508827788,'','125252535',1,194,1,2),
	(105,'傅钰',1,'15001977184',2,'234',13,'100000',1539964800,1508827854,'','预计13桌  暂定四楼牡丹苑  本周末来签单',1,182,1,2),
	(106,'',1,'13252356258',2,'1',0,'',0,1508828172,'','测试',1,210,1,2),
	(107,'赵小姐',1,'13402102421',2,'8,5',15,'6k-7k/桌',1540569600,1508901054,'','客人要求酒店中式大气还需要婚庆婚车，需要想先看酒店场地',1,200,1,2),
	(108,'南南',1,'13663634521',2,'235',0,'',0,1508903385,'','123456',1,194,1,2),
	(109,'顾先生',1,'13482149478',1,'3',8,'不清楚',1525104000,1508903523,'','客人婚期为18年5月或6月，需要杨浦区或黄浦区的酒店，可加微信联系。',1,200,1,1),
	(110,'测试01',1,'13656568865',2,'235',0,'',0,1508910924,'','1123',1,194,1,2),
	(111,'测试02',1,'15666564854',2,'235',0,'',0,1508911059,'','',1,202,1,2),
	(112,'小姐',1,'15900855970',1,'1',0,'',1556640000,1508913051,'','客人婚期19年日期未定，预算未定，可直接微信联系',1,200,1,1),
	(113,'高小姐',3,'13370009565',2,'234',20,'4000',1516689128,1508913142,'','年会',1,162,1,2),
	(114,'王先生',1,'15888822291',2,'3',12,'100000',1514788963,1509000195,'','',2,141,1,1),
	(115,'王海燕',1,'13501970849',1,'8',13,'7000',1509004554,1509004572,'','',1,193,1,1),
	(116,'杨小姐',1,'13426423004',2,'3',8,'100000',1527322752,1509005998,'','456月',2,141,1,1),
	(117,'杨小姐',1,'13426423004',2,'3',8,'100000',1527322752,1509006000,'','456月',2,141,1,1),
	(118,'杨小姐',1,'13426423004',2,'3',8,'100000',1527322752,1509006001,'','456月',2,141,1,1),
	(119,'问女士',1,'13817413554',1,'12',30,'6000',1525187319,1509030558,'','13818147025',1,188,1,1),
	(120,'李小姐 ',1,'15900411679',1,'8',10,'7500',1535299200,1509068791,'','',1,193,1,1),
	(121,'刘元昊',1,'13917301350',1,'8',15,'7000',1525582717,1509080336,'','',1,193,1,1),
	(122,'杨小姐',1,'18321177032',1,'8',10,'7000/桌',1530374400,1509085607,'','客人酒店区域想在杨浦长宁中间区域找 酒店要求 西式 婚期2018年7月份',1,200,1,1),
	(123,'史惠妘',1,'13918266685',2,'1',12,'7000',1514822400,1509092606,'','',1,181,1,2),
	(124,'',1,'13632132123',1,'21',0,'',0,1509093920,'','测试信息',1,148,1,1),
	(125,'杨小姐',1,'13621991698',1,'6',10,'7000',0,1509098623,'','客人想在长宁杨浦区域中间找 ',2,200,1,1),
	(126,'杨小姐',1,'13621991698',1,'4',10,'7000',1530374400,1509098845,'','婚期2018年7月份',1,200,1,1),
	(127,'顾先生',1,'13761130073',2,'234',16,'11',1537459200,1509269419,'','来南新雅看宴会厅  并介绍了婚庆套餐  婚期未确定  2018年9.10.11月都可以  暂定范围黄浦区  可推荐其他酒店  因无法修改指定位置  胡备注',1,182,1,2);

/*!40000 ALTER TABLE `hqsen_kezi_order` ENABLE KEYS */;
UNLOCK TABLES;


# Dump of table hqsen_log
# ------------------------------------------------------------

DROP TABLE IF EXISTS `hqsen_log`;

CREATE TABLE `hqsen_log` (
  `id` int(10) unsigned NOT NULL AUTO_INCREMENT COMMENT '自增主键',
  `uuid` varchar(100) NOT NULL COMMENT '意见反馈内容',
  `log_content` text COMMENT '创建者账号',
  `create_time` int(10) unsigned NOT NULL DEFAULT '0' COMMENT '时间戳',
  PRIMARY KEY (`id`)
) ENGINE=MyISAM DEFAULT CHARSET=utf8;

LOCK TABLES `hqsen_log` WRITE;
/*!40000 ALTER TABLE `hqsen_log` DISABLE KEYS */;

INSERT INTO `hqsen_log` (`id`, `uuid`, `log_content`, `create_time`)
VALUES
	(1,'121212','12121',1502983888),
	(2,'pxsx001','[{\"uuid\":\"f91bcf01-d22a-3ad6-ab57-24671eccd2a6\",\"app\":\"weddingsen\",\"appv\":\"1.0\",\"cause\":\"java.lang.RuntimeException: Unable to start activity ComponentInfo{sen.wedding.com.weddingsen/sen.wedding.com.weddingsen.main.activity.WelcomeActivity}: java.lang.NullPointerException\",\"date\":\"2017-08-18 00:08:23\",\"dev\":\"2014812\",\"exp\":\"java.lang.RuntimeException: Unable to start activity ComponentInfo{sen.wedding.com.weddingsen/sen.wedding.com.weddingsen.main.activity.WelcomeActivity}: java.lang.NullPointerException\n	at android.app.ActivityThread.performLaunchActivity(ActivityThread.java:2200)\n	at android.app.ActivityThread.handleLaunchActivity(ActivityThread.java:2249)\n	at android.app.ActivityThread.access$800(ActivityThread.java:141)\n	at android.app.ActivityThread$H.handleMessage(ActivityThread.java:1212)\n	at android.os.Handler.dispatchMessage(Handler.java:102)\n	at android.os.Looper.loop(Looper.java:136)\n	at android.app.ActivityThread.main(ActivityThread.java:5113)\n	at java.lang.reflect.Method.invokeNative(Native Method)\n	at java.lang.reflect.Method.invoke(Method.java:515)\n	at com.android.internal.os.ZygoteInit$MethodAndArgsCaller.run(ZygoteInit.java:796)\n	at com.android.internal.os.ZygoteInit.main(ZygoteInit.java:612)\n	at dalvik.system.NativeStart.main(Native Method)\nCaused by: java.lang.NullPointerException\n	at com.android.internal.os.LoggingPrintStream.println(LoggingPrintStream.java:298)\n	at sen.wedding.com.weddingsen.main.activity.WelcomeActivity.onCreate(WelcomeActivity.java:28)\n	at android.app.Activity.performCreate(Activity.java:5242)\n	at android.app.Instrumentation.callActivityOnCreate(Instrumentation.java:1087)\n	at android.app.ActivityThread.performLaunchActivity(ActivityThread.java:2164)\n	... 11 more\n\",\"extra\":\"\",\"sysv\":\"4.4.4\",\"stack\":\"\",\"sys\":\"Android\"}]',1502986923),
	(3,'pxex001','[{\"app\":\"weddingsen\",\"appv\":\"1.0\",\"cause\":\"java.lang.NumberFormatException: null\",\"date\":\"2017-08-18 12:20:41\",\"dev\":\"MI 6\",\"exp\":\"java.lang.NumberFormatException: null\n	at java.lang.Long.parseLong(Long.java:406)\n	at java.lang.Long.parseLong(Long.java:485)\n	at sen.wedding.com.weddingsen.sales.activity.ModifyRestTimeActivity.fillData(ModifyRestTimeActivity.java:161)\n	at sen.wedding.com.weddingsen.sales.activity.ModifyRestTimeActivity.onRequestFinish(ModifyRestTimeActivity.java:193)\n	at sen.wedding.com.weddingsen.sales.activity.ModifyRestTimeActivity.onRequestFinish(ModifyRestTimeActivity.java:35)\n	at sen.wedding.com.weddingsen.base.ApiService$ApiTask.handleResponse(ApiService.java:126)\n	at sen.wedding.com.weddingsen.base.ApiService$ApiTask.onPostExecute(ApiService.java:109)\n	at sen.wedding.com.weddingsen.base.ApiService$ApiTask.onPostExecute(ApiService.java:67)\n	at android.os.AsyncTask.finish(AsyncTask.java:667)\n	at android.os.AsyncTask.-wrap1(AsyncTask.java)\n	at android.os.AsyncTask$InternalHandler.handleMessage(AsyncTask.java:684)\n	at android.os.Handler.dispatchMessage(Handler.java:102)\n	at android.os.Looper.loop(Looper.java:154)\n	at android.app.ActivityThread.main(ActivityThread.java:6222)\n	at java.lang.reflect.Method.invoke(Native Method)\n	at com.android.internal.os.ZygoteInit$MethodAndArgsCaller.run(ZygoteInit.java:895)\n	at com.android.internal.os.ZygoteInit.main(ZygoteInit.java:785)\n\",\"extra\":\"\",\"stack\":\"\",\"sys\":\"Android\",\"sysv\":\"7.1.1\",\"uuid\":\"5cb92069-3d69-3b02-b666-96c4303236c0\"}]',1503030044),
	(4,'yywl001','[{\"app\":\"weddingsen\",\"appv\":\"1.0\",\"cause\":\"java.lang.NullPointerException: Attempt to invoke virtual method u0027java.lang.String[] java.lang.String.split(java.lang.String)u0027 on a null object reference\",\"date\":\"2017-08-19 15:18:25\",\"dev\":\"MI 6\",\"exp\":\"java.lang.NullPointerException: Attempt to invoke virtual method u0027java.lang.String[] java.lang.String.split(java.lang.String)u0027 on a null object reference\n	at sen.wedding.com.weddingsen.business.fragment.ContractReviewFragment.fillData(ContractReviewFragment.java:107)\n	at sen.wedding.com.weddingsen.business.fragment.ContractReviewFragment.onRequestFinish(ContractReviewFragment.java:134)\n	at sen.wedding.com.weddingsen.business.fragment.ContractReviewFragment.onRequestFinish(ContractReviewFragment.java:36)\n	at sen.wedding.com.weddingsen.base.ApiService$ApiTask.handleResponse(ApiService.java:126)\n	at sen.wedding.com.weddingsen.base.ApiService$ApiTask.onPostExecute(ApiService.java:109)\n	at sen.wedding.com.weddingsen.base.ApiService$ApiTask.onPostExecute(ApiService.java:67)\n	at android.os.AsyncTask.finish(AsyncTask.java:667)\n	at android.os.AsyncTask.-wrap1(AsyncTask.java)\n	at android.os.AsyncTask$InternalHandler.handleMessage(AsyncTask.java:684)\n	at android.os.Handler.dispatchMessage(Handler.java:102)\n	at android.os.Looper.loop(Looper.java:160)\n	at android.app.ActivityThread.main(ActivityThread.java:6252)\n	at java.lang.reflect.Method.invoke(Native Method)\n	at com.android.internal.os.ZygoteInit$MethodAndArgsCaller.run(ZygoteInit.java:895)\n	at com.android.internal.os.ZygoteInit.main(ZygoteInit.java:785)\n\",\"extra\":\"\",\"stack\":\"\",\"sys\":\"Android\",\"sysv\":\"7.1.1\",\"uuid\":\"5cb92069-3d69-3b02-b666-96c4303236c0\"}]',1503127107),
	(5,'yywl001','[{\"app\":\"weddingsen\",\"appv\":\"1.0\",\"cause\":\"java.lang.NullPointerException: Attempt to invoke virtual method u0027java.lang.String[] java.lang.String.split(java.lang.String)u0027 on a null object reference\",\"date\":\"2017-08-19 15:18:37\",\"dev\":\"MI 6\",\"exp\":\"java.lang.NullPointerException: Attempt to invoke virtual method u0027java.lang.String[] java.lang.String.split(java.lang.String)u0027 on a null object reference\n	at sen.wedding.com.weddingsen.business.fragment.ContractReviewFragment.fillData(ContractReviewFragment.java:107)\n	at sen.wedding.com.weddingsen.business.fragment.ContractReviewFragment.onRequestFinish(ContractReviewFragment.java:134)\n	at sen.wedding.com.weddingsen.business.fragment.ContractReviewFragment.onRequestFinish(ContractReviewFragment.java:36)\n	at sen.wedding.com.weddingsen.base.ApiService$ApiTask.handleResponse(ApiService.java:126)\n	at sen.wedding.com.weddingsen.base.ApiService$ApiTask.onPostExecute(ApiService.java:109)\n	at sen.wedding.com.weddingsen.base.ApiService$ApiTask.onPostExecute(ApiService.java:67)\n	at android.os.AsyncTask.finish(AsyncTask.java:667)\n	at android.os.AsyncTask.-wrap1(AsyncTask.java)\n	at android.os.AsyncTask$InternalHandler.handleMessage(AsyncTask.java:684)\n	at android.os.Handler.dispatchMessage(Handler.java:102)\n	at android.os.Looper.loop(Looper.java:160)\n	at android.app.ActivityThread.main(ActivityThread.java:6252)\n	at java.lang.reflect.Method.invoke(Native Method)\n	at com.android.internal.os.ZygoteInit$MethodAndArgsCaller.run(ZygoteInit.java:895)\n	at com.android.internal.os.ZygoteInit.main(ZygoteInit.java:785)\n\",\"extra\":\"\",\"stack\":\"\",\"sys\":\"Android\",\"sysv\":\"7.1.1\",\"uuid\":\"5cb92069-3d69-3b02-b666-96c4303236c0\"}]',1503127119),
	(6,'pxex001','[{\"app\":\"weddingsen\",\"appv\":\"1.0\",\"cause\":\"java.lang.IllegalArgumentException: You must not call setTag() on a view Glide is targeting\",\"date\":\"2017-08-20 20:26:50\",\"dev\":\"FRD-AL00\",\"exp\":\"java.lang.IllegalArgumentException: You must not call setTag() on a view Glide is targeting\n	at com.bumptech.glide.request.target.ViewTarget.getRequest(ViewTarget.java:133)\n	at com.bumptech.glide.GenericRequestBuilder.into(GenericRequestBuilder.java:650)\n	at com.bumptech.glide.GenericRequestBuilder.into(GenericRequestBuilder.java:697)\n	at com.bumptech.glide.DrawableRequestBuilder.into(DrawableRequestBuilder.java:448)\n	at sen.wedding.com.weddingsen.sales.adapter.PayRecordLogAdapter.initImages(PayRecordLogAdapter.java:250)\n	at sen.wedding.com.weddingsen.sales.adapter.PayRecordLogAdapter.getView(PayRecordLogAdapter.java:144)\n	at android.widget.AbsListView.obtainView(AbsListView.java:2409)\n	at android.widget.ListView.makeAndAddView(ListView.java:1986)\n	at android.widget.ListView.fillDown(ListView.java:709)\n	at android.widget.ListView.fillFromTop(ListView.java:770)\n	at android.widget.ListView.layoutChildren(ListView.java:1721)\n	at android.widget.AbsListView.onLayout(AbsListView.java:2210)\n	at android.view.View.layout(View.java:17684)\n	at android.view.ViewGroup.layout(ViewGroup.java:5631)\n	at android.widget.LinearLayout.setChildFrame(LinearLayout.java:1762)\n	at android.widget.LinearLayout.layoutVertical(LinearLayout.java:1606)\n	at android.widget.LinearLayout.onLayout(LinearLayout.java:1515)\n	at android.view.View.layout(View.java:17684)\n	at android.view.ViewGroup.layout(ViewGroup.java:5631)\n	at android.widget.FrameLayout.layoutChildren(FrameLayout.java:325)\n	at android.widget.FrameLayout.onLayout(FrameLayout.java:261)\n	at android.view.View.layout(View.java:17684)\n	at android.view.ViewGroup.layout(ViewGroup.java:5631)\n	at android.widget.LinearLayout.setChildFrame(LinearLayout.java:1762)\n	at android.widget.LinearLayout.layoutVertical(LinearLayout.java:1606)\n	at android.widget.LinearLayout.onLayout(LinearLayout.java:1515)\n	at android.view.View.layout(View.java:17684)\n	at android.view.ViewGroup.layout(ViewGroup.java:5631)\n	at android.widget.FrameLayout.layoutChildren(FrameLayout.java:325)\n	at android.widget.FrameLayout.onLayout(FrameLayout.java:261)\n	at com.android.internal.policy.DecorView.onLayout(DecorView.java:774)\n	at android.view.View.layout(View.java:17684)\n	at android.view.ViewGroup.layout(ViewGroup.java:5631)\n	at android.view.ViewRootImpl.performLayout(ViewRootImpl.java:2511)\n	at android.view.ViewRootImpl.performTraversals(ViewRootImpl.java:2226)\n	at android.view.ViewRootImpl.doTraversal(ViewRootImpl.java:1364)\n	at android.view.ViewRootImpl$TraversalRunnable.run(ViewRootImpl.java:6757)\n	at android.view.Choreographer$CallbackRecord.run(Choreographer.java:923)\n	at android.view.Choreographer.doCallbacks(Choreographer.java:735)\n	at android.view.Choreographer.doFrame(Choreographer.java:667)\n	at android.view.Choreographer$FrameDisplayEventReceiver.run(Choreographer.java:909)\n	at android.os.Handler.handleCallback(Handler.java:755)\n	at android.os.Handler.dispatchMessage(Handler.java:95)\n	at android.os.Looper.loop(Looper.java:156)\n	at android.app.ActivityThread.main(ActivityThread.java:6524)\n	at java.lang.reflect.Method.invoke(Native Method)\n	at com.android.internal.os.ZygoteInit$MethodAndArgsCaller.run(ZygoteInit.java:941)\n	at com.android.internal.os.ZygoteInit.main(ZygoteInit.java:831)\n\",\"extra\":\"\",\"stack\":\"\",\"sys\":\"Android\",\"sysv\":\"7.0\",\"uuid\":\"2b222d45-0e5f-3ae6-bc67-e730a5383159\"}]',1503232011),
	(7,'','',1503234496),
	(8,'','',1503653866),
	(9,'pxex001','[{\"app\":\"weddingsen\",\"appv\":\"1.0\",\"cause\":\"java.lang.IllegalArgumentException: You cannot start a load for a destroyed activity\",\"date\":\"2017-09-16 19:12:17\",\"dev\":\"FRD-AL00\",\"exp\":\"java.lang.IllegalArgumentException: You cannot start a load for a destroyed activity\n	at com.bumptech.glide.manager.RequestManagerRetriever.assertNotDestroyed(RequestManagerRetriever.java:134)\n	at com.bumptech.glide.manager.RequestManagerRetriever.get(RequestManagerRetriever.java:102)\n	at com.bumptech.glide.manager.RequestManagerRetriever.get(RequestManagerRetriever.java:87)\n	at com.bumptech.glide.Glide.with(Glide.java:629)\n	at sen.wedding.com.weddingsen.component.GlideImageLoader.displayImage(GlideImageLoader.java:20)\n	at sen.wedding.com.weddingsen.component.GlideImageLoader.displayImage(GlideImageLoader.java:16)\n	at com.youth.banner.Banner.setImageList(Banner.java:354)\n	at com.youth.banner.Banner.start(Banner.java:262)\n	at sen.wedding.com.weddingsen.main.activity.HotelDetailActivity.fillData(HotelDetailActivity.java:104)\n	at sen.wedding.com.weddingsen.main.activity.HotelDetailActivity.onRequestFinish(HotelDetailActivity.java:210)\n	at sen.wedding.com.weddingsen.main.activity.HotelDetailActivity.onRequestFinish(HotelDetailActivity.java:36)\n	at sen.wedding.com.weddingsen.base.ApiService$ApiTask.handleResponse(ApiService.java:126)\n	at sen.wedding.com.weddingsen.base.ApiService$ApiTask.onPostExecute(ApiService.java:109)\n	at sen.wedding.com.weddingsen.base.ApiService$ApiTask.onPostExecute(ApiService.java:67)\n	at android.os.AsyncTask.finish(AsyncTask.java:688)\n	at android.os.AsyncTask.-wrap1(AsyncTask.java)\n	at android.os.AsyncTask$InternalHandler.handleMessage(AsyncTask.java:705)\n	at android.os.Handler.dispatchMessage(Handler.java:102)\n	at android.os.Looper.loop(Looper.java:156)\n	at android.app.ActivityThread.main(ActivityThread.java:6524)\n	at java.lang.reflect.Method.invoke(Native Method)\n	at com.android.internal.os.ZygoteInit$MethodAndArgsCaller.run(ZygoteInit.java:941)\n	at com.android.internal.os.ZygoteInit.main(ZygoteInit.java:831)\n\",\"extra\":\"\",\"stack\":\"\",\"sys\":\"Android\",\"sysv\":\"7.0\",\"uuid\":\"2b222d45-0e5f-3ae6-bc67-e730a5383159\"}]',1505560343),
	(10,'','[{\"app\":\"weddingsen\",\"appv\":\"1.0\",\"cause\":\"java.lang.IllegalArgumentException: You cannot start a load for a destroyed activity\",\"date\":\"2017-09-26 12:03:47\",\"dev\":\"vivo X6S A\",\"exp\":\"java.lang.IllegalArgumentException: You cannot start a load for a destroyed activity\n	at com.bumptech.glide.manager.RequestManagerRetriever.assertNotDestroyed(RequestManagerRetriever.java:134)\n	at com.bumptech.glide.manager.RequestManagerRetriever.get(RequestManagerRetriever.java:102)\n	at com.bumptech.glide.manager.RequestManagerRetriever.get(RequestManagerRetriever.java:87)\n	at com.bumptech.glide.Glide.with(Glide.java:629)\n	at sen.wedding.com.weddingsen.component.GlideImageLoader.displayImage(GlideImageLoader.java:20)\n	at sen.wedding.com.weddingsen.component.GlideImageLoader.displayImage(GlideImageLoader.java:16)\n	at com.youth.banner.Banner.setImageList(Banner.java:354)\n	at com.youth.banner.Banner.start(Banner.java:262)\n	at sen.wedding.com.weddingsen.main.activity.HotelDetailActivity.fillData(HotelDetailActivity.java:104)\n	at sen.wedding.com.weddingsen.main.activity.HotelDetailActivity.onRequestFinish(HotelDetailActivity.java:210)\n	at sen.wedding.com.weddingsen.main.activity.HotelDetailActivity.onRequestFinish(HotelDetailActivity.java:36)\n	at sen.wedding.com.weddingsen.base.ApiService$ApiTask.handleResponse(ApiService.java:126)\n	at sen.wedding.com.weddingsen.base.ApiService$ApiTask.onPostExecute(ApiService.java:109)\n	at sen.wedding.com.weddingsen.base.ApiService$ApiTask.onPostExecute(ApiService.java:67)\n	at android.os.AsyncTask.finish(AsyncTask.java:636)\n	at android.os.AsyncTask.access$500(AsyncTask.java:177)\n	at android.os.AsyncTask$InternalHandler.handleMessage(AsyncTask.java:653)\n	at android.os.Handler.dispatchMessage(Handler.java:102)\n	at android.os.Looper.loop(Looper.java:135)\n	at android.app.ActivityThread.main(ActivityThread.java:5418)\n	at java.lang.reflect.Method.invoke(Native Method)\n	at java.lang.reflect.Method.invoke(Method.java:372)\n	at com.android.internal.os.ZygoteInit$MethodAndArgsCaller.run(ZygoteInit.java:1037)\n	at com.android.internal.os.ZygoteInit.main(ZygoteInit.java:832)\n\",\"extra\":\"\",\"stack\":\"\",\"sys\":\"Android\",\"sysv\":\"5.1.1\",\"uuid\":\"233cf4aa-7e2d-3c5b-a265-0a6a65b0f1e9\"}]',1506398632),
	(11,'','[{\"uuid\":\"a44b3bfa-8a52-3f1a-83b3-ea060969c4db\",\"app\":\"weddingsen\",\"appv\":\"1.0\",\"cause\":\"java.lang.RuntimeException: Unable to start activity ComponentInfo{sen.wedding.com.weddingsen/sen.wedding.com.weddingsen.business.activity.EditGuestInfoActivity}: java.lang.NullPointerException\",\"date\":\"2016-03-11 09:19:41\",\"dev\":\"M351\",\"exp\":\"java.lang.RuntimeException: Unable to start activity ComponentInfo{sen.wedding.com.weddingsen/sen.wedding.com.weddingsen.business.activity.EditGuestInfoActivity}: java.lang.NullPointerException\n	at android.app.ActivityThread.performLaunchActivity(ActivityThread.java:2187)\n	at android.app.ActivityThread.handleLaunchActivity(ActivityThread.java:2236)\n	at android.app.ActivityThread.access$800(ActivityThread.java:138)\n	at android.app.ActivityThread$H.handleMessage(ActivityThread.java:1199)\n	at android.os.Handler.dispatchMessage(Handler.java:102)\n	at android.os.Looper.loop(Looper.java:136)\n	at android.app.ActivityThread.main(ActivityThread.java:5024)\n	at java.lang.reflect.Method.invokeNative(Native Method)\n	at java.lang.reflect.Method.invoke(Method.java:515)\n	at com.android.internal.os.ZygoteInit$MethodAndArgsCaller.run(ZygoteInit.java:785)\n	at com.android.internal.os.ZygoteInit.main(ZygoteInit.java:601)\n	at dalvik.system.NativeStart.main(Native Method)\nCaused by: java.lang.NullPointerException\n	at sen.wedding.com.weddingsen.business.activity.EditGuestInfoActivity.initComponents(EditGuestInfoActivity.java)\n	at sen.wedding.com.weddingsen.business.activity.EditGuestInfoActivity.onCreate(Native Method)\n	at sen.wedding.com.weddingsen.business.activity.EditGuestInfoActivity.onCreate(Native Method)\n	at android.app.Activity.performCreate(Activity.java:5231)\n	at android.app.Instrumentation.callActivityOnCreate(Instrumentation.java:1087)\n	at android.app.ActivityThread.performLaunchActivity(ActivityThread.java:2151)\n	... 11 more\n\",\"extra\":\"\",\"sysv\":\"4.4.4\",\"stack\":\"\",\"sys\":\"Android\"},{\"uuid\":\"a44b3bfa-8a52-3f1a-83b3-ea060969c4db\",\"app\":\"weddingsen\",\"appv\":\"1.0\",\"cause\":\"java.lang.RuntimeException: Unable to start activity ComponentInfo{sen.wedding.com.weddingsen/sen.wedding.com.weddingsen.business.activity.EditGuestInfoActivity}: java.lang.NullPointerException\",\"date\":\"2016-03-11 09:19:11\",\"dev\":\"M351\",\"exp\":\"java.lang.RuntimeException: Unable to start activity ComponentInfo{sen.wedding.com.weddingsen/sen.wedding.com.weddingsen.business.activity.EditGuestInfoActivity}: java.lang.NullPointerException\n	at android.app.ActivityThread.performLaunchActivity(ActivityThread.java:2187)\n	at android.app.ActivityThread.handleLaunchActivity(ActivityThread.java:2236)\n	at android.app.ActivityThread.access$800(ActivityThread.java:138)\n	at android.app.ActivityThread$H.handleMessage(ActivityThread.java:1199)\n	at android.os.Handler.dispatchMessage(Handler.java:102)\n	at android.os.Looper.loop(Looper.java:136)\n	at android.app.ActivityThread.main(ActivityThread.java:5024)\n	at java.lang.reflect.Method.invokeNative(Native Method)\n	at java.lang.reflect.Method.invoke(Method.java:515)\n	at com.android.internal.os.ZygoteInit$MethodAndArgsCaller.run(ZygoteInit.java:785)\n	at com.android.internal.os.ZygoteInit.main(ZygoteInit.java:601)\n	at dalvik.system.NativeStart.main(Native Method)\nCaused by: java.lang.NullPointerException\n	at sen.wedding.com.weddingsen.business.activity.EditGuestInfoActivity.initComponents(EditGuestInfoActivity.java)\n	at sen.wedding.com.weddingsen.business.activity.EditGuestInfoActivity.onCreate(Native Method)\n	at sen.wedding.com.weddingsen.business.activity.EditGuestInfoActivity.onCreate(Native Method)\n	at android.app.Activity.performCreate(Activity.java:5231)\n	at android.app.Instrumentation.callActivityOnCreate(Instrumentation.java:1087)\n	at android.app.ActivityThread.performLaunchActivity(ActivityThread.java:2151)\n	... 11 more\n\",\"extra\":\"\",\"sysv\":\"4.4.4\",\"stack\":\"\",\"sys\":\"Android\"}]',1506412842),
	(12,'','[{\"uuid\":\"a44b3bfa-8a52-3f1a-83b3-ea060969c4db\",\"app\":\"weddingsen\",\"appv\":\"1.0\",\"cause\":\"java.lang.RuntimeException: Unable to start activity ComponentInfo{sen.wedding.com.weddingsen/me.iwf.photopicker.PhotoPagerActivity}: java.lang.NullPointerException\",\"date\":\"2016-03-11 09:20:44\",\"dev\":\"M351\",\"exp\":\"java.lang.RuntimeException: Unable to start activity ComponentInfo{sen.wedding.com.weddingsen/me.iwf.photopicker.PhotoPagerActivity}: java.lang.NullPointerException\n	at android.app.ActivityThread.performLaunchActivity(ActivityThread.java:2187)\n	at android.app.ActivityThread.handleLaunchActivity(ActivityThread.java:2236)\n	at android.app.ActivityThread.access$800(ActivityThread.java:138)\n	at android.app.ActivityThread$H.handleMessage(ActivityThread.java:1199)\n	at android.os.Handler.dispatchMessage(Handler.java:102)\n	at android.os.Looper.loop(Looper.java:136)\n	at android.app.ActivityThread.main(ActivityThread.java:5024)\n	at java.lang.reflect.Method.invokeNative(Native Method)\n	at java.lang.reflect.Method.invoke(Method.java:515)\n	at com.android.internal.os.ZygoteInit$MethodAndArgsCaller.run(ZygoteInit.java:785)\n	at com.android.internal.os.ZygoteInit.main(ZygoteInit.java:601)\n	at dalvik.system.NativeStart.main(Native Method)\nCaused by: java.lang.NullPointerException\n	at java.util.ArrayList.addAll(ArrayList.java:188)\n	at me.iwf.photopicker.fragment.ImagePagerFragment.setPhotos(ImagePagerFragment.java)\n	at me.iwf.photopicker.PhotoPagerActivity.onCreate(Native Method)\n	at me.iwf.photopicker.PhotoPagerActivity.onCreate(Native Method)\n	at android.app.Activity.performCreate(Activity.java:5231)\n	at android.app.Instrumentation.callActivityOnCreate(Instrumentation.java:1087)\n	at android.app.ActivityThread.performLaunchActivity(ActivityThread.java:2151)\n	... 11 more\n\",\"extra\":\"\",\"sysv\":\"4.4.4\",\"stack\":\"\",\"sys\":\"Android\"}]',1506412899),
	(13,'','[{\"uuid\":\"a44b3bfa-8a52-3f1a-83b3-ea060969c4db\",\"app\":\"weddingsen\",\"appv\":\"1.0\",\"cause\":\"java.lang.RuntimeException: Unable to start activity ComponentInfo{sen.wedding.com.weddingsen/sen.wedding.com.weddingsen.business.activity.EditBuildInfoActivity}: java.lang.NullPointerException\",\"date\":\"2016-03-11 09:23:29\",\"dev\":\"M351\",\"exp\":\"java.lang.RuntimeException: Unable to start activity ComponentInfo{sen.wedding.com.weddingsen/sen.wedding.com.weddingsen.business.activity.EditBuildInfoActivity}: java.lang.NullPointerException\n	at android.app.ActivityThread.performLaunchActivity(ActivityThread.java:2187)\n	at android.app.ActivityThread.handleLaunchActivity(ActivityThread.java:2236)\n	at android.app.ActivityThread.access$800(ActivityThread.java:138)\n	at android.app.ActivityThread$H.handleMessage(ActivityThread.java:1199)\n	at android.os.Handler.dispatchMessage(Handler.java:102)\n	at android.os.Looper.loop(Looper.java:136)\n	at android.app.ActivityThread.main(ActivityThread.java:5024)\n	at java.lang.reflect.Method.invokeNative(Native Method)\n	at java.lang.reflect.Method.invoke(Method.java:515)\n	at com.android.internal.os.ZygoteInit$MethodAndArgsCaller.run(ZygoteInit.java:785)\n	at com.android.internal.os.ZygoteInit.main(ZygoteInit.java:601)\n	at dalvik.system.NativeStart.main(Native Method)\nCaused by: java.lang.NullPointerException\n	at sen.wedding.com.weddingsen.business.activity.EditBuildInfoActivity.initComponents(EditBuildInfoActivity.java)\n	at sen.wedding.com.weddingsen.business.activity.EditBuildInfoActivity.onCreate(Native Method)\n	at sen.wedding.com.weddingsen.business.activity.EditBuildInfoActivity.onCreate(Native Method)\n	at android.app.Activity.performCreate(Activity.java:5231)\n	at android.app.Instrumentation.callActivityOnCreate(Instrumentation.java:1087)\n	at android.app.ActivityThread.performLaunchActivity(ActivityThread.java:2151)\n	... 11 more\n\",\"extra\":\"\",\"sysv\":\"4.4.4\",\"stack\":\"\",\"sys\":\"Android\"},{\"uuid\":\"a44b3bfa-8a52-3f1a-83b3-ea060969c4db\",\"app\":\"weddingsen\",\"appv\":\"1.0\",\"cause\":\"java.lang.RuntimeException: Unable to start activity ComponentInfo{sen.wedding.com.weddingsen/sen.wedding.com.weddingsen.business.activity.EditBuildInfoActivity}: java.lang.NullPointerException\",\"date\":\"2016-03-11 09:22:59\",\"dev\":\"M351\",\"exp\":\"java.lang.RuntimeException: Unable to start activity ComponentInfo{sen.wedding.com.weddingsen/sen.wedding.com.weddingsen.business.activity.EditBuildInfoActivity}: java.lang.NullPointerException\n	at android.app.ActivityThread.performLaunchActivity(ActivityThread.java:2187)\n	at android.app.ActivityThread.handleLaunchActivity(ActivityThread.java:2236)\n	at android.app.ActivityThread.access$800(ActivityThread.java:138)\n	at android.app.ActivityThread$H.handleMessage(ActivityThread.java:1199)\n	at android.os.Handler.dispatchMessage(Handler.java:102)\n	at android.os.Looper.loop(Looper.java:136)\n	at android.app.ActivityThread.main(ActivityThread.java:5024)\n	at java.lang.reflect.Method.invokeNative(Native Method)\n	at java.lang.reflect.Method.invoke(Method.java:515)\n	at com.android.internal.os.ZygoteInit$MethodAndArgsCaller.run(ZygoteInit.java:785)\n	at com.android.internal.os.ZygoteInit.main(ZygoteInit.java:601)\n	at dalvik.system.NativeStart.main(Native Method)\nCaused by: java.lang.NullPointerException\n	at sen.wedding.com.weddingsen.business.activity.EditBuildInfoActivity.initComponents(EditBuildInfoActivity.java)\n	at sen.wedding.com.weddingsen.business.activity.EditBuildInfoActivity.onCreate(Native Method)\n	at sen.wedding.com.weddingsen.business.activity.EditBuildInfoActivity.onCreate(Native Method)\n	at android.app.Activity.performCreate(Activity.java:5231)\n	at android.app.Instrumentation.callActivityOnCreate(Instrumentation.java:1087)\n	at android.app.ActivityThread.performLaunchActivity(ActivityThread.java:2151)\n	... 11 more\n\",\"extra\":\"\",\"sysv\":\"4.4.4\",\"stack\":\"\",\"sys\":\"Android\"},{\"uuid\":\"a44b3bfa-8a52-3f1a-83b3-ea060969c4db\",\"app\":\"weddingsen\",\"appv\":\"1.0\",\"cause\":\"com.google.gson.JsonSyntaxException: java.lang.IllegalStateException: Expected a string but was BEGIN_OBJECT at line 1 column 13 path $.\",\"date\":\"2016-03-11 09:22:16\",\"dev\":\"M351\",\"exp\":\"com.google.gson.JsonSyntaxException: java.lang.IllegalStateException: Expected a string but was BEGIN_OBJECT at line 1 column 13 path $.\n	at com.google.gson.Gson.fromJson(Gson.java)\n	at com.google.gson.Gson.fromJson(Gson.java)\n	at com.google.gson.Gson.fromJson(Gson.java)\n	at sen.wedding.com.weddingsen.utils.GsonConverter.fromJson(GsonConverter.java)\n	at sen.wedding.com.weddingsen.main.activity.HotelDistinctActivity.onRequestFinish(HotelDistinctActivity.java)\n	at sen.wedding.com.weddingsen.main.activity.HotelDistinctActivity.onRequestFinish(HotelDistinctActivity.java)\n	at sen.wedding.com.weddingsen.base.ApiService$ApiTask.handleResponse(ApiService.java)\n	at sen.wedding.com.weddingsen.base.ApiService$ApiTask.onPostExecute(ApiService.java)\n	at sen.wedding.com.weddingsen.base.ApiService$ApiTask.onPostExecute(ApiService.java)\n	at android.os.AsyncTask.finish(AsyncTask.java:632)\n	at android.os.AsyncTask.access$600(AsyncTask.java:177)\n	at android.os.AsyncTask$InternalHandler.handleMessage(AsyncTask.java:645)\n	at android.os.Handler.dispatchMessage(Handler.java:102)\n	at android.os.Looper.loop(Looper.java:136)\n	at android.app.ActivityThread.main(ActivityThread.java:5024)\n	at java.lang.reflect.Method.invokeNative(Native Method)\n	at java.lang.reflect.Method.invoke(Method.java:515)\n	at com.android.internal.os.ZygoteInit$MethodAndArgsCaller.run(ZygoteInit.java:785)\n	at com.android.internal.os.ZygoteInit.main(ZygoteInit.java:601)\n	at dalvik.system.NativeStart.main(Native Method)\nCaused by: java.lang.IllegalStateException: Expected a string but was BEGIN_OBJECT at line 1 column 13 path $.\n	at com.google.gson.stream.JsonReader.nextString(JsonReader.java)\n	at com.google.gson.internal.bind.TypeAdapters$13.read(TypeAdapters.java)\n	at com.google.gson.internal.bind.TypeAdapters$13.read(TypeAdapters.java)\n	at com.google.gson.internal.bind.TypeAdapterRuntimeTypeWrapper.read(TypeAdapterRuntimeTypeWrapper.java)\n	at com.google.gson.internal.bind.MapTypeAdapterFactory$Adapter.read(MapTypeAdapterFactory.java)\n	at com.google.gson.internal.bind.MapTypeAdapterFactory$Adapter.read(MapTypeAdapterFactory.java)\n	... 20 more\n\",\"extra\":\"\",\"sysv\":\"4.4.4\",\"stack\":\"\",\"sys\":\"Android\"}]',1506413053),
	(14,'','',1506742188),
	(15,'','',1509063369);

/*!40000 ALTER TABLE `hqsen_log` ENABLE KEYS */;
UNLOCK TABLES;


# Dump of table hqsen_pay_ratio
# ------------------------------------------------------------

DROP TABLE IF EXISTS `hqsen_pay_ratio`;

CREATE TABLE `hqsen_pay_ratio` (
  `id` int(10) unsigned NOT NULL AUTO_INCREMENT COMMENT '自增主键',
  `kezi_user` varchar(10) NOT NULL COMMENT '客资提供者系数',
  `kezi_hotel` varchar(10) NOT NULL COMMENT '客资跟踪者系数',
  `dajian_user` varchar(10) NOT NULL COMMENT '搭建提供者系数',
  `del_flag` tinyint(1) unsigned NOT NULL DEFAULT '1' COMMENT '1正常 2为删除',
  PRIMARY KEY (`id`)
) ENGINE=MyISAM DEFAULT CHARSET=utf8;

LOCK TABLES `hqsen_pay_ratio` WRITE;
/*!40000 ALTER TABLE `hqsen_pay_ratio` DISABLE KEYS */;

INSERT INTO `hqsen_pay_ratio` (`id`, `kezi_user`, `kezi_hotel`, `dajian_user`, `del_flag`)
VALUES
	(14,'0.02','0.00','0.20',1);

/*!40000 ALTER TABLE `hqsen_pay_ratio` ENABLE KEYS */;
UNLOCK TABLES;


# Dump of table hqsen_user
# ------------------------------------------------------------

DROP TABLE IF EXISTS `hqsen_user`;

CREATE TABLE `hqsen_user` (
  `id` int(10) unsigned NOT NULL AUTO_INCREMENT COMMENT '自增主键',
  `user_name` varchar(32) NOT NULL COMMENT '唯一用户名',
  `nike_name` varchar(32) NOT NULL DEFAULT '' COMMENT '用昵称',
  `user_pic` varchar(255) NOT NULL DEFAULT '' COMMENT '用户头像',
  `phone` varchar(18) NOT NULL DEFAULT '' COMMENT '手机号',
  `alipay_account` varchar(50) NOT NULL DEFAULT '' COMMENT '支付宝',
  `create_time` int(10) unsigned NOT NULL DEFAULT '0' COMMENT '时间戳',
  `user_type` tinyint(1) NOT NULL DEFAULT '1' COMMENT '用户来源 1未知用户 2超级管理员 3客资信息账号（手机注册用户）4酒店账号 11首销 12二销 13 财务 14 客服 15管理员',
  `del_flag` tinyint(1) unsigned NOT NULL DEFAULT '1' COMMENT '1正常 2为删除',
  `session_id` varchar(32) NOT NULL DEFAULT '' COMMENT 'substr(md5(id+create_time+time()),0,20)',
  `password` varchar(100) NOT NULL DEFAULT '' COMMENT '密码',
  `user_status` tinyint(1) unsigned NOT NULL DEFAULT '1' COMMENT '1已启用 2已禁用',
  `bank_name` varchar(50) NOT NULL DEFAULT '' COMMENT '银行帐号',
  `bank_user` varchar(50) NOT NULL DEFAULT '' COMMENT '银行帐号',
  `bank_account` varchar(50) NOT NULL DEFAULT '' COMMENT '银行帐号',
  `last_login_time` int(10) unsigned NOT NULL DEFAULT '0' COMMENT '最后登陆时间戳',
  PRIMARY KEY (`id`),
  UNIQUE KEY `user_name` (`user_name`),
  KEY `user_type` (`user_type`)
) ENGINE=MyISAM DEFAULT CHARSET=utf8;

LOCK TABLES `hqsen_user` WRITE;
/*!40000 ALTER TABLE `hqsen_user` DISABLE KEYS */;

INSERT INTO `hqsen_user` (`id`, `user_name`, `nike_name`, `user_pic`, `phone`, `alipay_account`, `create_time`, `user_type`, `del_flag`, `session_id`, `password`, `user_status`, `bank_name`, `bank_user`, `bank_account`, `last_login_time`)
VALUES
	(2,'monkey','1506815966','','15068159661','',1491029702,2,1,'165328671c5735d11476eb5a6adf1fcd','e10adc3949ba59abbe56e057f20f883e',1,'','','',1508815449),
	(92,'13813813800','13813813800','','13813813800','',1491030559,3,1,'087dbc41929d350ebff6df73c8ccd9e9','e10adc3949ba59abbe56e057f20f883e',1,'','','',1506114096),
	(4,'admin','admin','','','',1491030559,2,1,'89cf77f0f6f8a3005752cd41967698f3','e10adc3949ba59abbe56e057f20f883e',1,'','','',1509255992),
	(93,'18321598476','18321598476','','18321598476','18321598476',1501548413,3,1,'ab3d73f8401751eeaa1efdf70204c090','',1,'','','',1501548413),
	(94,'zbsx001','','','','',1501556287,11,1,'','e10adc3949ba59abbe56e057f20f883e',2,'','','',0),
	(95,'zbex001','','','','',1501556305,12,1,'','e10adc3949ba59abbe56e057f20f883e',2,'','','',0),
	(96,'pxsx001','','','','',1501556331,11,1,'9d4fa28ac5e5877d772d2d5a67f27e84','e10adc3949ba59abbe56e057f20f883e',2,'','','',1509094745),
	(97,'pxex001','','','','',1501556353,12,1,'87b0b1e563d4042702543e16bfe6d3f4','e10adc3949ba59abbe56e057f20f883e',2,'','','',1508775057),
	(98,'pdsx001','','','','',1501556373,11,1,'fc55e542f4da2794f15774e26d4087c6','e10adc3949ba59abbe56e057f20f883e',1,'','','',1502949729),
	(99,'pdex001','','','','',1501556394,12,1,'051b92a972b58be865fce3ef5434d0a0','e10adc3949ba59abbe56e057f20f883e',2,'','','',1503025596),
	(100,'pskf001','','','','',1501556502,14,1,'231d526990bac04828b78a9926f0c299','e10adc3949ba59abbe56e057f20f883e',1,'','','',1509081796),
	(101,'pscw001','','','','',1501556518,13,1,'aecc711bd5f1dbe34e7be2f3efa09cf2','e10adc3949ba59abbe56e057f20f883e',1,'','','',1508908837),
	(102,'psbj001','','','','',1501556543,16,1,'0f12e566e1a5265af979c616ff6962a3','e10adc3949ba59abbe56e057f20f883e',1,'','','',1509085585),
	(103,'psgly001','','','','',1501556568,15,1,'07c37af865c0a1d84de6b619701cb686','e10adc3949ba59abbe56e057f20f883e',1,'','','',1508727136),
	(104,'pdjr001','','','','',1501562879,4,2,'d3194b7e3769ed552050de7503feadbd','e10adc3949ba59abbe56e057f20f883e',2,'','','',1502957873),
	(105,'szxld001','','','','13601805980',1501562899,4,2,'df1e0376d3540e7925ddf2169df515fc','e10adc3949ba59abbe56e057f20f883e',2,'','','',1503459101),
	(106,'mtgcwh001','','','','',1501562969,4,2,'511cff7633d404212b89ed439dcedac2','e10adc3949ba59abbe56e057f20f883e',2,'','','',1503973859),
	(107,'yxhg001','','','','',1501564860,4,2,'1e48834499c8099feb7728bdfa4b60c8','e10adc3949ba59abbe56e057f20f883e',2,'','','',1502947503),
	(108,'cdwl001','','','','11',1501564912,4,2,'d947f4a0c2b8b9c3a81657993cc71aa4','e10adc3949ba59abbe56e057f20f883e',2,'','','',1504791020),
	(109,'yywl001','','','','',1501564934,4,2,'307e0befaf60ccf23bc81c7c1abd0b0b','e10adc3949ba59abbe56e057f20f883e',2,'','','',1508753242),
	(110,'fjjd001','','','','1500000010',1501564960,4,2,'c8254c0c1c8ced00d201467b19f26324','e10adc3949ba59abbe56e057f20f883e',2,'','','',1508742666),
	(111,'mlbs001','','','','1500000100',1501564979,4,2,'5c05f786da4bddde7ba2af6505a04ada','c8837b23ff8aaa8a2dde915473ce0991',2,'','','',1508722697),
	(112,'mjwl001','','','','',1501565000,4,2,'808e321c752c92c1045892ded13b4647','e10adc3949ba59abbe56e057f20f883e',2,'','','',1508390234),
	(113,'lzmwl001','','','','13601805980',1501565023,4,2,'6c61ee0a619c8ba99fe4580b498ad382','e10adc3949ba59abbe56e057f20f883e',2,'','','',1508746993),
	(114,'18616878510','18616878510','','18616878510','',1502895403,3,1,'898db67a768a2c677e7a949d4bb5d69f','',1,'','','',1502895403),
	(115,'18521598476','18521598476','','18521598476','13816848156',1502899645,3,1,'0bddae7dfb31abd077f0cf5185abd59a','',1,'','','',1508856329),
	(116,'18049902439','18049902439','','18049902439','13601805980',1502946678,3,1,'2e57a103cb4a45eabd056a0509a8713b','',1,'','','',1503458627),
	(117,'15000172479','15000172479','','15000172479','',1502946883,3,1,'4d21fad54730ea18d5ea9c985a8017a3','',1,'','','',1508898556),
	(118,'13601805980','13601805980','','13601805980','',1502948284,3,1,'540de94db21a6970baad0e12ba6d3087','',1,'','','',1502948284),
	(119,'18668098476','18668098476','','18668098476','1346784513469',1502948347,3,1,'98f00b69e797858f5b032736cd03264f','',1,'','','',1506411152),
	(120,'15068159661','15068159661','','15068159661','',1502950098,3,1,'15f181a4023836bb719e3f1aed23ea02','',1,'','','',1509280416),
	(121,'14782389262','14782389262','','14782389262','',1503124925,3,1,'fd858f6aeeb4760c82edeea110c9a823','',1,'','','',1508853417),
	(122,'13701683913','13701683913','','13701683913','',1504008314,3,1,'d95c43317034c6291c6033eb9343e8a6','',1,'','','',1504008374),
	(123,'18321083613','18321083613','','18321083613','18321083613',1504773782,3,1,'2945a15947d7b06116c61d226cf9bba4','',1,'','','',1504791160),
	(124,'15021935048','15021935048','','15021935048','',1505284096,3,1,'e6d25f1cbbfc6e546e6eea8b9ed67635','',1,'','','',1505284096),
	(125,'18601738460','18601738460','','18601738460','',1505289222,3,1,'3f6d76eab87f4582cbef53ac06f18073','',1,'','','',1505289222),
	(126,'18842519898','18842519898','','18842519898','',1505712076,3,1,'31c41b5b3a57a94cc2f47a21ded881ee','',1,'','','',1505712076),
	(127,'15821787260','15821787260','','15821787260','',1505973438,3,1,'87a7bf3f5303e564e5087ff6a38c617b','',1,'','','',1505973438),
	(128,'15021209343','15021209343','','15021209343','',1506396725,3,1,'97839409c1d50451a3760915fa91ba3b','',1,'','','',1506396725),
	(129,'17687911521','17687911521','','17687911521','',1506398491,3,1,'51314350e82605264986e63663f28e40','',1,'','','',1506398491),
	(130,'13003221190','13003221190','','13003221190','',1506661069,3,1,'d05231b609c5f17f454ebaa8b111800f','',1,'','','',1506661069),
	(131,'nxy001','','','','',1506667602,4,2,'3f9dcb4d8ffaf836b73ced15bb9d7f24','e10adc3949ba59abbe56e057f20f883e',2,'','','',1508514716),
	(132,'mgl001','','','','',1506668007,4,2,'3dfa31092646a5fff1fb562d347d4bfa','e10adc3949ba59abbe56e057f20f883e',2,'','','',1508491260),
	(133,'dkt001','','','','',1506668088,4,2,'','e10adc3949ba59abbe56e057f20f883e',2,'','','',0),
	(134,'sjzl001','','','','',1506668280,4,2,'','e10adc3949ba59abbe56e057f20f883e',2,'','','',0),
	(135,'hyjg001','','','','',1506668357,4,2,'','e10adc3949ba59abbe56e057f20f883e',2,'','','',0),
	(136,'teg001','','','','',1506668459,4,2,'','e10adc3949ba59abbe56e057f20f883e',2,'','','',0),
	(137,'xcw001','','','','',1506669318,4,2,'','e10adc3949ba59abbe56e057f20f883e',2,'','','',0),
	(138,'dfwg001','','','','',1506669397,4,2,'','e10adc3949ba59abbe56e057f20f883e',2,'','','',0),
	(139,'13611721703','13611721703','','13611721703','',1508203550,3,1,'9e09c589d3cc1e13b0a65f0b38f12835','',1,'','','',1508740658),
	(140,'ml001','','','','',1508238691,17,2,'','e10adc3949ba59abbe56e057f20f883e',1,'','','',0),
	(141,'mlbs201','','','','13818828674',1508246908,4,2,'deecdb5a030ca048a49adeb3e845eb1a','c8837b23ff8aaa8a2dde915473ce0991',1,'','','',1508931927),
	(142,'mlbs202','','','','',1508246984,4,2,'','c8837b23ff8aaa8a2dde915473ce0991',1,'','','',0),
	(143,'dzgj101','','','','',1508376049,4,1,'60e2131ceeb84ae5f4d0c096f4460560','ef4c5b254723666e07c0cedc0fcd7108',1,'','','',1508377639),
	(144,'mlbs101','','','','',1508378172,4,1,'','c8837b23ff8aaa8a2dde915473ce0991',2,'','','',0),
	(145,'mlbs102','','','','',1508378192,4,1,'','c8837b23ff8aaa8a2dde915473ce0991',2,'','','',0),
	(146,'mjwl101','','','','13818031815',1508378222,4,1,'f6473f94347c536186f392577a7ad707','7bcbc6826654907d7e1aebf014511b49',1,'','','',1508390454),
	(147,'mjwl102','','','','',1508378240,4,1,'','c8837b23ff8aaa8a2dde915473ce0991',2,'','','',0),
	(148,'13701738055','13701738055','','13701738055','123321',1508379071,3,1,'02e8346ac0831d97083786cc7ef8c696','',1,'','','',1509174688),
	(149,'lzmwl101','','','','',1508395979,4,2,'575be07d8ca46fa37d122ca5a855c378','c8837b23ff8aaa8a2dde915473ce0991',1,'','','',1508731046),
	(150,'lzmwl102','','','','',1508396028,4,2,'','c8837b23ff8aaa8a2dde915473ce0991',2,'','','',0),
	(151,'fj101','','','','',1508396061,4,1,'','c8837b23ff8aaa8a2dde915473ce0991',2,'','','',0),
	(152,'fj102','','','','',1508396079,4,1,'','c8837b23ff8aaa8a2dde915473ce0991',2,'','','',0),
	(153,'fj103','','','','',1508396098,4,1,'','c8837b23ff8aaa8a2dde915473ce0991',2,'','','',0),
	(154,'fj104','','','','',1508396832,4,1,'','c8837b23ff8aaa8a2dde915473ce0991',2,'','','',0),
	(155,'szxld101','','','','',1508397075,4,1,'','c8837b23ff8aaa8a2dde915473ce0991',1,'','','',0),
	(156,'szxld102','','','','',1508397106,4,1,'','c8837b23ff8aaa8a2dde915473ce0991',2,'','','',0),
	(157,'jwmtgc101','','','','',1508397999,4,1,'e006e5159400f59fd88ed10bdbb8aa14','c8837b23ff8aaa8a2dde915473ce0991',1,'','','',1509096267),
	(158,'jwmtgc102','','','','',1508398031,4,1,'','c8837b23ff8aaa8a2dde915473ce0991',2,'','','',0),
	(159,'yywl101','','','','1050422320@qq.com',1508398057,4,1,'b3c502cf4c4911a23d29e727ff339d76','c8837b23ff8aaa8a2dde915473ce0991',1,'','','',1508813891),
	(160,'yywl102','','','','',1508398080,4,1,'','c8837b23ff8aaa8a2dde915473ce0991',2,'','','',0),
	(161,'nxy101','','','','',1508398106,4,1,'fed8e5acd47e331e3d48540a99467569','c8837b23ff8aaa8a2dde915473ce0991',1,'','','',1508905646),
	(162,'nxy102','','','','13651668073',1508398131,4,1,'e2244d2999e695e8c7ccac2dbacdd389','070dadbd3a0bdc5fcbd88bdcb1cdfbe3',1,'','','',1509270401),
	(163,'xrwdm101','','','','',1508398183,4,1,'76671c3a861cc7b40092eb665d135bc8','c8837b23ff8aaa8a2dde915473ce0991',1,'','','',1508999510),
	(164,'xrwdm102','','','','',1508398237,4,1,'','c8837b23ff8aaa8a2dde915473ce0991',2,'','','',0),
	(165,'teg101','','','','',1508398434,4,1,'','c8837b23ff8aaa8a2dde915473ce0991',1,'','','',0),
	(166,'teg102','','','','',1508398461,4,1,'','c8837b23ff8aaa8a2dde915473ce0991',2,'','','',0),
	(167,'mggl101','','','','',1508399518,4,1,'7013ac71b2cb4492db61136583db9ddd','c8837b23ff8aaa8a2dde915473ce0991',1,'','','',1508516548),
	(168,'mggl102','','','','',1508399559,4,2,'','c8837b23ff8aaa8a2dde915473ce0991',1,'','','',0),
	(169,'hyjg102','','','','',1508399730,4,1,'','c8837b23ff8aaa8a2dde915473ce0991',2,'','','',0),
	(170,'hyjg101','','','','',1508399772,4,1,'86455b679d404907b39c93a7de71fc88','c8837b23ff8aaa8a2dde915473ce0991',1,'','','',1508910996),
	(171,'jt101','','','','',1508399894,4,1,'','c8837b23ff8aaa8a2dde915473ce0991',1,'','','',0),
	(172,'cdwl101','','','','',1508399959,4,1,'d9192f1d88f92ba54eca3445d1268ed4','c8837b23ff8aaa8a2dde915473ce0991',1,'','','',1508814409),
	(173,'cdwl102','','','','',1508399979,4,1,'','c8837b23ff8aaa8a2dde915473ce0991',2,'','','',0),
	(174,'pdjr101','','','','',1508400425,4,1,'','2e2de7dd00440bc773977e27407f11ca',1,'','','',0),
	(175,'pdjr102','','','','',1508400748,4,1,'','c8837b23ff8aaa8a2dde915473ce0991',2,'','','',0),
	(176,'xcw101','','','','',1508401563,4,1,'0e5d7c8f003f29c503f17a260b4a2c70','c8837b23ff8aaa8a2dde915473ce0991',1,'','','',1508828864),
	(177,'xcx102','','','','',1508403277,4,2,'','c8837b23ff8aaa8a2dde915473ce0991',1,'','','',0),
	(178,'dkt101','','','','',1508403368,4,1,'','c8837b23ff8aaa8a2dde915473ce0991',1,'','','',0),
	(179,'dkt102','','','','',1508403404,4,1,'','c8837b23ff8aaa8a2dde915473ce0991',2,'','','',0),
	(180,'sjzl101','','','','',1508415260,4,1,'21114e53950dc63f30fedd6f4578bb84','c8837b23ff8aaa8a2dde915473ce0991',1,'','','',1509069423),
	(181,'lzmwl201','','','','15021595182',1508467661,4,1,'bd680dde93cffd794c63f9b184f2918c','c8837b23ff8aaa8a2dde915473ce0991',1,'','','',1508904792),
	(182,'nxy201','','','','',1508467734,4,1,'206a8fbb9108379701c51c00cb8d4a30','e10adc3949ba59abbe56e057f20f883e',1,'','','',1509269189),
	(183,'13818828674','13818828674','','13818828674','13818828674',1508468915,3,1,'ad3615420123d15aa61f607d2b0ca128','',1,'','','',1508738542),
	(184,'15021595182','15021595182','','15021595182','15021595182',1508469288,3,1,'52e43d8e9dc1343b1ba699a6b370c479','',1,'','','',1508469288),
	(185,'13701852724','13701852724','','13701852724','13701852724',1508469321,3,1,'180659fcf84135073491347279aff4b5','',1,'','','',1508469321),
	(186,'13917726155','13917726155','','13917726155','13917726155',1508476929,3,1,'6200f9629d35dcab35ce36f4372bd923','',1,'','','',1508476929),
	(187,'15821977795','15821977795','','15821977795','',1508479525,3,1,'dcc1fb7df1abc64656132b2fd2821b8a','',1,'','','',1508479525),
	(188,'13817413554','13817413554','','13817413554','13817413554',1508481987,3,1,'d76828ccc943183fd6513eca1608eea9','',1,'','','',1509030467),
	(189,'13774430382','13774430382','','13774430382','13774430382',1508484061,3,1,'43bcfd9ad7889d4d0063bbfb6e9cf28c','',1,'','','',1508484061),
	(190,'fj201','','','','17687911521',1508487501,4,1,'5f424ccad434712cfba6028fa311f775','c8837b23ff8aaa8a2dde915473ce0991',1,'','','',1508556266),
	(191,'13761998769','13761998769','','13761998769','13651668073',1508497374,3,1,'62fcb238baf16f743805b4dab64bed53','',1,'','','',1509270312),
	(192,'15021291167','15021291167','','15021291167','17687911521',1508556324,3,1,'44b4a14622aa6a19c3375dc201e9a6bb','',1,'','','',1508556324),
	(193,'13564404746','13564404746','','13564404746','yingying_tearsea@163.com',1508570222,3,1,'abebea3629e988963338453cd4e38ca0','',1,'','','',1508570222),
	(194,'15021946270','15021946270','','15021946270','',1508570667,3,1,'a293d9a52787ccf365e616f56c7a4c36','',1,'','','',1508811411),
	(195,'13162563395','13162563395','','13162563395','13162563395',1508574323,3,1,'f4da720bfdd0c35cbbb852cdc7b23705','',1,'','','',1508574584),
	(196,'nxy202','','','','519780693@qq.com',1508728329,4,1,'bafa032eb7f418cd9dcccdecc279a1f9','c8837b23ff8aaa8a2dde915473ce0991',1,'','','',1508731337),
	(197,'pxsx002','','','','',1508741767,11,1,'c486517f868060c438627221b4f0a599','c8837b23ff8aaa8a2dde915473ce0991',1,'','','',1508741814),
	(198,'13761312108','13761312108','','13761312108','',1508746218,3,1,'865f6a396ea19885f656e32d2cdf7984','',1,'招商银行上海分行福州路支行','祁璐','6226090211652678',1508746218),
	(199,'18616094353','18616094353','','18616094353','',1508751987,3,1,'9fca5c52ad59915bea8ac944bc9e58c0','',1,'','','',1508751987),
	(200,'18321177032','18321177032','','18321177032','',1508755009,3,1,'9ff3b8cd2594a5a3c5fe78e66ff0005b','',1,'','','',1508755009),
	(201,'sm001','','','','',1508756428,4,1,'3036af8064f635d3f54ba734cc092075','c8837b23ff8aaa8a2dde915473ce0991',1,'','','',1508983370),
	(202,'sm002','','','','12345678',1508756562,4,1,'6b8eb84a5098ebf90763ff912b3685f1','c8837b23ff8aaa8a2dde915473ce0991',1,'','','',1509093309),
	(203,'sm203','','','','',1508765802,4,2,'','e10adc3949ba59abbe56e057f20f883e',1,'','','',0),
	(204,'smsx','','','','',1508766707,11,2,'','e10adc3949ba59abbe56e057f20f883e',1,'','','',0),
	(205,'smex','','','','',1508766728,12,2,'','e10adc3949ba59abbe56e057f20f883e',1,'','','',0),
	(206,'smsx001','','','','',1508766768,11,1,'9528147b6241b53c2916a4071b22d17e','e10adc3949ba59abbe56e057f20f883e',2,'','','',1509181264),
	(207,'smex001','','','','',1508766783,12,1,'','e10adc3949ba59abbe56e057f20f883e',2,'','','',0),
	(208,'13636373480','13636373480','','13636373480','',1508813337,3,1,'53fa700863caf6c9ee86f1fdca2645c2','',1,'','','',1508813337),
	(209,'18621820362','18621820362','','18621820362','',1508816768,3,1,'9d35aab54cb807b9fdce69d6a730ff3c','',1,'','','',1508816768),
	(210,'13817605484','13817605484','','13817605484','',1508828028,3,1,'454e822028a4381adb8b9537c102e669','',1,'工商银行','林赛娟','6212261001041703577',1508828028),
	(211,'13701774477','13701774477','','13701774477','',1508848660,3,1,'ee697c5a79820f9fdf212fb6759ee84e','',1,'','','',1508848660),
	(212,'nxy103','','','','',1508905081,4,1,'','c8837b23ff8aaa8a2dde915473ce0991',2,'','','',0),
	(213,'nxy105','','','','',1508905105,4,1,'','c8837b23ff8aaa8a2dde915473ce0991',2,'','','',0),
	(214,'xcwbj101','','','','',1508909814,4,1,'','c8837b23ff8aaa8a2dde915473ce0991',1,'','','',0),
	(215,'pstgy','','','','',1509083020,17,1,'','e10adc3949ba59abbe56e057f20f883e',1,'','','',0),
	(216,'dfwg101','','','','',1509085836,4,1,'72140e49b85d1bdee309a2211263e058','c8837b23ff8aaa8a2dde915473ce0991',1,'','','',1509086057),
	(217,'13917924218','13917924218','','13917924218','13917924218',1509093720,3,1,'952d1f543552b8007541cadc0a11b6cb','',1,'','','',1509093720),
	(218,'xsjzl101','','','','',1509094376,4,1,'','c8837b23ff8aaa8a2dde915473ce0991',1,'','','',0),
	(219,'15000497677','15000497677','','15000497677','15000497677',1509177470,3,1,'60e84dce5fb4dbf00ffbc58c6cb41c47','',1,'','','',1509177470);

/*!40000 ALTER TABLE `hqsen_user` ENABLE KEYS */;
UNLOCK TABLES;


# Dump of table hqsen_user_dajian_order
# ------------------------------------------------------------

DROP TABLE IF EXISTS `hqsen_user_dajian_order`;

CREATE TABLE `hqsen_user_dajian_order` (
  `id` int(10) unsigned NOT NULL AUTO_INCREMENT COMMENT '自增主键',
  `dajian_order_id` int(10) unsigned NOT NULL DEFAULT '0' COMMENT '搭建订单表ID 关联hqsen_dajian_order',
  `user_id` int(10) unsigned NOT NULL DEFAULT '0' COMMENT '搭建信息提供者（酒店账号）用户ID',
  `watch_user_id` int(10) unsigned NOT NULL DEFAULT '0' COMMENT '首销账号（跟踪者）ID',
  `watch_user_name` varchar(50) NOT NULL DEFAULT '' COMMENT '首销名字',
  `watch_user_hotel_name` varchar(50) NOT NULL DEFAULT '' COMMENT '首销酒店名字',
  `del_flag` tinyint(1) unsigned NOT NULL DEFAULT '1' COMMENT '1正常 2为删除',
  `order_status` tinyint(1) unsigned NOT NULL DEFAULT '1' COMMENT '搭建跟踪者订单状态1待处理 2待审核 3待结算 4已结算 5已驳回 6已取消',
  `create_time` int(10) unsigned NOT NULL DEFAULT '0' COMMENT '时间戳',
  `order_phone` varchar(18) NOT NULL DEFAULT '' COMMENT '消费者 手机号',
  `user_order_status` tinyint(1) unsigned NOT NULL DEFAULT '1' COMMENT '搭建提供者状态 1跟进中 2待结算 3已结算 4已取消',
  `update_time` int(10) unsigned NOT NULL DEFAULT '0' COMMENT '时间戳',
  `erxiao_order_status` tinyint(1) unsigned NOT NULL DEFAULT '0' COMMENT '搭建二销状态 0首销还未通过 1待处理 2待审核 3已完结',
  `erxiao_user_id` int(10) unsigned NOT NULL DEFAULT '0' COMMENT '二销 用户ID',
  `erxiao_sign_type` tinyint(1) unsigned NOT NULL DEFAULT '0' COMMENT '搭建二销签单状态1 中款 2尾款 3附加款 4尾款时间',
  `create_user_money` varchar(20) NOT NULL DEFAULT '' COMMENT '创建者订单佣金',
  PRIMARY KEY (`id`)
) ENGINE=MyISAM DEFAULT CHARSET=utf8;

LOCK TABLES `hqsen_user_dajian_order` WRITE;
/*!40000 ALTER TABLE `hqsen_user_dajian_order` DISABLE KEYS */;

INSERT INTO `hqsen_user_dajian_order` (`id`, `dajian_order_id`, `user_id`, `watch_user_id`, `watch_user_name`, `watch_user_hotel_name`, `del_flag`, `order_status`, `create_time`, `order_phone`, `user_order_status`, `update_time`, `erxiao_order_status`, `erxiao_user_id`, `erxiao_sign_type`, `create_user_money`)
VALUES
	(1,1,110,96,'pxsx001','',1,4,1502901723,'18612431425',3,1503068369,2,97,4,'39600'),
	(2,2,110,96,'pxsx001','',1,4,1502901800,'18678781580',3,1503068391,2,97,4,'20000'),
	(3,3,110,96,'pxsx001','',1,6,1502901815,'18745784578',4,1502982350,0,0,0,''),
	(4,4,111,96,'pxsx001','',1,4,1502981440,'13601805980',3,1502981440,2,97,1,'36000'),
	(5,5,110,96,'pxsx001','',1,3,1503030126,'18718718701',2,1503030126,1,97,1,'1080'),
	(6,6,110,96,'pxsx001','',1,3,1503030139,'18718781872',2,1503030139,1,97,1,'10800'),
	(7,7,110,96,'pxsx001','',1,4,1503030154,'18718718703',3,1503030154,1,97,1,'32000'),
	(8,8,111,96,'pxsx001','',1,6,1503126271,'13601812885',4,0,0,0,0,''),
	(9,9,111,96,'pxsx001','',1,6,1503451919,'15820000125',4,1509095178,0,0,0,''),
	(10,10,111,96,'pxsx001','',1,6,1503452037,'13600000001',4,1503452037,0,0,0,'1800'),
	(11,11,111,96,'pxsx001','',1,4,1503452813,'13600000002',3,1503452813,3,97,2,'4000'),
	(12,12,111,96,'pxsx001','',1,6,1503453317,'13600000003',4,1509095223,0,0,0,''),
	(13,13,113,96,'pxsx001','',1,4,1503455164,'13600000004',3,1503455164,3,97,2,'6000'),
	(14,14,113,96,'pxsx001','',1,6,1503456369,'13600000005',4,0,0,0,0,''),
	(15,15,105,96,'pxsx001','',1,6,1503461897,'13600000008',4,1509095247,0,0,0,''),
	(16,16,110,96,'pxsx001','',1,6,1503462318,'15000000010',4,1509095261,0,0,0,''),
	(17,17,113,96,'pxsx001','',1,3,1503974432,'15800829001',2,1504061053,3,97,2,'7000'),
	(18,18,113,96,'pxsx001','',1,3,1506401433,'15000000001',2,1507006541,1,97,2,'5177.6'),
	(19,19,111,96,'pxsx001','',1,6,1507522611,'15000172479',4,1509095277,0,0,0,''),
	(20,20,111,96,'pxsx001','',1,6,1507523135,'15000172478',4,1509095298,0,0,0,''),
	(21,21,111,96,'pxsx001','',1,3,1507622601,'13817961016',2,1507622601,3,97,2,'7000'),
	(22,22,113,96,'pxsx001','',1,6,1508244094,'12355634564',4,1509095326,0,0,0,''),
	(23,23,113,96,'pxsx001','',1,6,1508244363,'13525361548',4,1509095345,0,0,0,''),
	(24,24,113,96,'pxsx001','',1,6,1508245341,'15015015023',4,1509095359,0,0,0,''),
	(25,25,113,96,'pxsx001','',1,6,1508741308,'13666668686',4,1509095411,0,0,0,''),
	(26,26,113,96,'pxsx001','',1,6,1508741596,'13664964975',4,1509095427,0,0,0,''),
	(27,27,113,197,'pxsx002','',1,1,1508741796,'13566496586',1,1508741796,0,0,0,''),
	(28,28,113,96,'pxsx001','',1,6,1508741819,'13649578548',4,1509095162,0,0,0,''),
	(29,29,181,197,'pxsx002','',1,1,1508748772,'13661738588',1,1508748772,0,0,0,''),
	(30,30,146,96,'pxsx001','',1,1,1508909021,'13661473522',1,1508909021,0,0,0,''),
	(31,31,162,197,'pxsx002','',1,1,1509270160,'13585611732',1,1509270160,0,0,0,'');

/*!40000 ALTER TABLE `hqsen_user_dajian_order` ENABLE KEYS */;
UNLOCK TABLES;


# Dump of table hqsen_user_dajian_order_follow
# ------------------------------------------------------------

DROP TABLE IF EXISTS `hqsen_user_dajian_order_follow`;

CREATE TABLE `hqsen_user_dajian_order_follow` (
  `id` int(10) unsigned NOT NULL AUTO_INCREMENT COMMENT '自增主键',
  `user_dajian_order_id` int(10) unsigned NOT NULL DEFAULT '0' COMMENT '用户客资订单表ID 关联hqsen_user_kezi_order',
  `order_follow_time` varchar(20) NOT NULL DEFAULT '' COMMENT '下次跟踪时间',
  `order_follow_desc` varchar(50) NOT NULL DEFAULT '' COMMENT '跟踪备注',
  `order_follow_create_time` int(10) unsigned NOT NULL DEFAULT '0' COMMENT '跟踪创建时间',
  `user_order_status` tinyint(1) unsigned NOT NULL DEFAULT '1' COMMENT '1有效 2无效 3签单',
  PRIMARY KEY (`id`)
) ENGINE=MyISAM DEFAULT CHARSET=utf8;

LOCK TABLES `hqsen_user_dajian_order_follow` WRITE;
/*!40000 ALTER TABLE `hqsen_user_dajian_order_follow` DISABLE KEYS */;

INSERT INTO `hqsen_user_dajian_order_follow` (`id`, `user_dajian_order_id`, `order_follow_time`, `order_follow_desc`, `order_follow_create_time`, `user_order_status`)
VALUES
	(1,1,'1503068369','再次在看',1502981969,1),
	(2,2,'1503068391','我也以后看',1502981991,1),
	(3,3,'1503241209','三天后',1502982009,1),
	(4,3,'1502982350.659837','贾斯丁咳咳咳',1502982350,2),
	(5,8,'','价格太高\n\n',1503452373,2),
	(6,14,'','已定马勒\n\n\n',1503456723,2),
	(7,17,'1504061053','直接约谈\n',1503974653,1),
	(8,16,'1506487617','电话肯德基大家',1506401218,1),
	(9,18,'1507006541','我阿胶',1506401741,1),
	(10,28,'1509095160.30988','不需要',1509095161,2),
	(11,28,'1509095161.225265','不需要',1509095161,2),
	(12,28,'1509095162.041249','不需要',1509095162,2),
	(13,9,'1509095178.558428','q q',1509095178,2),
	(14,9,'1509095178.776611','q q',1509095178,2),
	(15,12,'1509095223.885317','h h h',1509095223,2),
	(16,15,'1509095247.686876','q q q',1509095247,2),
	(17,16,'1509095261.471','n j j',1509095261,2),
	(18,19,'1509095276.955851','n n n',1509095277,2),
	(19,19,'1509095277.874795','n n n',1509095277,2),
	(20,20,'1509095297.725261','m n n',1509095298,2),
	(21,20,'1509095298.41119','m n n',1509095298,2),
	(22,22,'1509095326.313257','n n',1509095326,2),
	(23,23,'1509095345.381961','j j j',1509095345,2),
	(24,24,'1509095359.55228','n j j',1509095359,2),
	(25,25,'1509095411.659245','m n n j',1509095411,2),
	(26,26,'1509095427.610444','m m k',1509095427,2);

/*!40000 ALTER TABLE `hqsen_user_dajian_order_follow` ENABLE KEYS */;
UNLOCK TABLES;


# Dump of table hqsen_user_dajian_order_other_sign
# ------------------------------------------------------------

DROP TABLE IF EXISTS `hqsen_user_dajian_order_other_sign`;

CREATE TABLE `hqsen_user_dajian_order_other_sign` (
  `id` int(10) unsigned NOT NULL AUTO_INCREMENT COMMENT '自增主键',
  `user_dajian_order_id` int(10) unsigned NOT NULL DEFAULT '0' COMMENT '用户客资订单表ID 关联hqsen_user_kezi_order',
  `sign_type` tinyint(1) unsigned NOT NULL DEFAULT '1' COMMENT '1 中款 2尾款 3附加款 4尾款时间',
  `order_money` varchar(20) NOT NULL DEFAULT '' COMMENT '合同金额',
  `order_time` int(10) unsigned NOT NULL DEFAULT '0' COMMENT '支付时间',
  `order_sign_pic` text NOT NULL COMMENT '签单凭证多图 json',
  `del_flag` tinyint(1) unsigned NOT NULL DEFAULT '1' COMMENT '0未知 1初次录入 2再次录入',
  `create_time` int(10) unsigned NOT NULL DEFAULT '0' COMMENT '创建时间',
  `sign_status` tinyint(1) unsigned NOT NULL DEFAULT '1' COMMENT '财务审核 0未知 1未处理 2通过 3驳回 4 总经理驳回 5待修改',
  `old_order_time` int(10) unsigned NOT NULL DEFAULT '0' COMMENT '尾款原时间',
  PRIMARY KEY (`id`)
) ENGINE=MyISAM DEFAULT CHARSET=utf8;

LOCK TABLES `hqsen_user_dajian_order_other_sign` WRITE;
/*!40000 ALTER TABLE `hqsen_user_dajian_order_other_sign` DISABLE KEYS */;

INSERT INTO `hqsen_user_dajian_order_other_sign` (`id`, `user_dajian_order_id`, `sign_type`, `order_money`, `order_time`, `order_sign_pic`, `del_flag`, `create_time`, `sign_status`, `old_order_time`)
VALUES
	(1,4,3,'10000',1502983441,'[\"http://sendevimg.oss-cn-zhangjiakou.aliyuncs.com/upload/user_app/1502983451999.jpg\",\"http://sendevimg.oss-cn-zhangjiakou.aliyuncs.com/upload/user_app/1502983452156.jpg\"]',1,1502983453,2,0),
	(2,4,4,'',1566228428,'[\"\"]',1,1502983634,2,1566054243),
	(3,2,4,'',1597892431,'[\"\"]',1,1503025236,2,1597680000),
	(4,1,4,'',1597719905,'[\"\"]',1,1503025509,2,1597676688),
	(5,4,4,'',1503112592,'[\"\"]',1,1503026224,2,1566228428),
	(6,11,3,'5000',1503453591,'[\"http://sendevimg.oss-cn-zhangjiakou.aliyuncs.com/upload/user_app/09C465A6-9BD0-4680-A4C0-5AFC49BC133C-2017-08-23-09:59:50:359.png\"]',1,1503453591,2,0),
	(7,11,1,'6000',1503453668,'[\"http://sendevimg.oss-cn-zhangjiakou.aliyuncs.com/upload/user_app/CF57C930-5560-4542-A727-3ACE14B28099-2017-08-23-10:01:07:645.png\"]',1,1503453668,2,0),
	(8,11,3,'2000',1503453837,'[\"http://sendevimg.oss-cn-zhangjiakou.aliyuncs.com/upload/user_app/BBB0089F-1975-40BD-A410-2BF9C802814D-2017-08-23-10:03:56:420.png\"]',1,1503453837,2,0),
	(9,11,4,'',1503453921,'[\"\"]',1,1503453924,2,1506787200),
	(10,11,2,'4000',1503453979,'[\"http://sendevimg.oss-cn-zhangjiakou.aliyuncs.com/upload/user_app/865E1285-458F-431B-AC9C-32D502F71AB3-2017-08-23-10:06:18:627.png\"]',1,1503453979,2,0),
	(11,13,1,'9000',1503455688,'[\"http://sendevimg.oss-cn-zhangjiakou.aliyuncs.com/upload/user_app/E0110E2A-3D82-44F0-8BDC-AD4CB9EB9897-2017-08-23-10:34:48:166.png\"]',1,1503455688,2,0),
	(12,2,4,'',1577156769,'[\"\"]',1,1503457576,2,1597892431),
	(13,13,2,'0',1503458242,'[\"http://sendevimg.oss-cn-zhangjiakou.aliyuncs.com/upload/user_app/2B15E522-CD4C-4EA9-98F0-E8A006F194C0-2017-08-23-11:17:21:559.png\"]',1,1503458242,2,0),
	(14,2,4,'',1566798051,'[\"\"]',1,1503466858,1,1577156769),
	(15,1,1,'8000',1503586164,'[\"http://sendevimg.oss-cn-zhangjiakou.aliyuncs.com/upload/user_app/CF4316E7-BED0-4AA1-91B1-CA79A7A4D605-2017-08-24-22:49:20:669.png\"]',1,1503586164,2,0),
	(16,4,1,'100',1503588235,'[\"http://sendevimg.oss-cn-zhangjiakou.aliyuncs.com/upload/user_app/EFFC03AA-7A51-4750-A688-2D9B50B81B7A-2017-08-24-23:23:54:608.png\"]',1,1503588235,1,0),
	(17,1,4,'',1503590400,'[\"\"]',1,1503653585,1,1597719905),
	(18,17,3,'10000',1503975146,'[\"http://sendevimg.oss-cn-zhangjiakou.aliyuncs.com/upload/user_app/1C646183-2ABC-4096-9D97-ADB7EEB90416-2017-08-29-10:52:25:786.png\"]',1,1503975146,2,0),
	(19,17,1,'15000',1503975247,'[\"http://sendevimg.oss-cn-zhangjiakou.aliyuncs.com/upload/user_app/4509D2E4-6181-4307-8EA0-08402AFA8EBE-2017-08-29-10:54:03:833.png\"]',1,1503975247,2,0),
	(20,17,2,'2500',1503975363,'[\"http://sendevimg.oss-cn-zhangjiakou.aliyuncs.com/upload/user_app/98A8A185-A004-4388-AA6F-C83B38671712-2017-08-29-10:56:02:947.png\"]',1,1503975363,2,0),
	(21,18,3,'18000',1506402074,'[\"http://sendevimg.oss-cn-zhangjiakou.aliyuncs.com/upload/user_app/AFCDE7CC-B526-44D1-97DF-5921C8583337-2017-09-26-01:01:12:945.png\"]',1,1506402074,2,0),
	(22,18,1,'15000',1506402414,'[\"http://sendevimg.oss-cn-zhangjiakou.aliyuncs.com/upload/user_app/00480FAC-609D-4151-9FBD-80063F639DEC-2017-09-26-01:06:53:035.png\"]',1,1506402414,2,0),
	(23,21,1,'10500',1508465302,'[\"http://sendevimg.oss-cn-zhangjiakou.aliyuncs.com/upload/user_app/A4CF4C67-010B-452A-9282-E4B8B30B8249-2017-10-20-10:08:17:969.png\",\"http://sendevimg.oss-cn-zhangjiakou.aliyuncs.com/upload/user_app/8D4370B3-E149-4303-8B9E-D8C5FD9D1477-2017-10-20-10:08:19:876.png\",\"http://sendevimg.oss-cn-zhangjiakou.aliyuncs.com/upload/user_app/1315F370-532E-4366-9FFF-1EC40CE95BCB-2017-10-20-10:08:21:176.png\"]',1,1508465302,2,0),
	(24,21,3,'2000',1508465444,'[\"http://sendevimg.oss-cn-zhangjiakou.aliyuncs.com/upload/user_app/2F2D7198-BEED-4029-B723-188193A800EE-2017-10-20-10:10:41:924.png\",\"http://sendevimg.oss-cn-zhangjiakou.aliyuncs.com/upload/user_app/03721FD5-2B22-43DA-B604-916CFA2EEBF6-2017-10-20-10:10:42:959.png\",\"http://sendevimg.oss-cn-zhangjiakou.aliyuncs.com/upload/user_app/FA612743-4922-4261-B89D-0DE3C544C455-2017-10-20-10:10:43:839.png\"]',1,1508465444,2,0),
	(25,21,2,'7000',1508465513,'[\"http://sendevimg.oss-cn-zhangjiakou.aliyuncs.com/upload/user_app/22F3F8C9-5D59-4B01-97BA-8C64DB71033C-2017-10-20-10:11:50:426.png\",\"http://sendevimg.oss-cn-zhangjiakou.aliyuncs.com/upload/user_app/939DE511-73D7-4C4F-81D1-E23FF5BBE45F-2017-10-20-10:11:51:505.png\",\"http://sendevimg.oss-cn-zhangjiakou.aliyuncs.com/upload/user_app/7695D49F-7163-468A-AE87-EC0C6E50C6EE-2017-10-20-10:11:52:385.png\"]',1,1508465513,2,0);

/*!40000 ALTER TABLE `hqsen_user_dajian_order_other_sign` ENABLE KEYS */;
UNLOCK TABLES;


# Dump of table hqsen_user_dajian_order_sign
# ------------------------------------------------------------

DROP TABLE IF EXISTS `hqsen_user_dajian_order_sign`;

CREATE TABLE `hqsen_user_dajian_order_sign` (
  `id` int(10) unsigned NOT NULL AUTO_INCREMENT COMMENT '自增主键',
  `user_dajian_order_id` int(10) unsigned NOT NULL DEFAULT '0' COMMENT '用户客资订单表ID 关联hqsen_user_kezi_order',
  `order_money` varchar(20) NOT NULL DEFAULT '' COMMENT '合同金额',
  `sign_using_time` int(10) unsigned NOT NULL DEFAULT '0' COMMENT '举办时间：尾款时间',
  `sign_pic` text NOT NULL COMMENT '签单凭证多图 json',
  `first_order_money` varchar(20) NOT NULL DEFAULT '' COMMENT '首付款金额',
  `first_order_using_time` varchar(20) NOT NULL DEFAULT '' COMMENT '首付款时间',
  `next_pay_time` varchar(20) NOT NULL DEFAULT '' COMMENT '下次支付时间：中款时间',
  `del_flag` tinyint(1) unsigned NOT NULL DEFAULT '1' COMMENT '0未知 1初次录入 2再次录入',
  `sign_status` tinyint(1) unsigned NOT NULL DEFAULT '1' COMMENT '首销财务审核 0未知 1未处理 2通过 3驳回 4 总经理驳回 5待修改',
  `boss_sign_status` tinyint(1) unsigned NOT NULL DEFAULT '0' COMMENT '首销总经理审核状态 0未知 1未处理 2通过 3驳回',
  `order_time` int(10) unsigned NOT NULL DEFAULT '0' COMMENT '支付时间',
  `sign_type` tinyint(1) unsigned NOT NULL DEFAULT '0' COMMENT '搭建二销签单状态 0首款   1 中款  2尾款  3附加款 4尾款时间',
  `sign_user_id` int(10) unsigned NOT NULL DEFAULT '0' COMMENT '二销用户ID',
  `sign_other_sign_id` int(10) unsigned NOT NULL DEFAULT '0' COMMENT '二销当前轮转的签单ID',
  `sign_other_sign_status` tinyint(1) unsigned NOT NULL DEFAULT '1' COMMENT '二销财务审核 0未知 1未处理 2通过 3驳回 4 总经理驳回 5待修改',
  `create_time` int(10) unsigned NOT NULL DEFAULT '0' COMMENT '时间戳',
  `update_time` int(10) unsigned NOT NULL DEFAULT '0' COMMENT '时间戳',
  `dajian_order_id` int(10) unsigned NOT NULL DEFAULT '0' COMMENT '用户客资订单表ID 关联hqsen_dajian_order',
  `erxiao_unhandle_time` int(10) unsigned NOT NULL DEFAULT '0' COMMENT '二销待处理时间戳根据中款尾款两个时间来',
  PRIMARY KEY (`id`)
) ENGINE=MyISAM DEFAULT CHARSET=utf8;

LOCK TABLES `hqsen_user_dajian_order_sign` WRITE;
/*!40000 ALTER TABLE `hqsen_user_dajian_order_sign` DISABLE KEYS */;

INSERT INTO `hqsen_user_dajian_order_sign` (`id`, `user_dajian_order_id`, `order_money`, `sign_using_time`, `sign_pic`, `first_order_money`, `first_order_using_time`, `next_pay_time`, `del_flag`, `sign_status`, `boss_sign_status`, `order_time`, `sign_type`, `sign_user_id`, `sign_other_sign_id`, `sign_other_sign_status`, `create_time`, `update_time`, `dajian_order_id`, `erxiao_unhandle_time`)
VALUES
	(1,4,'180000',1503112592,'[\"http://sendevimg.oss-cn-zhangjiakou.aliyuncs.com/upload/user_app/31C8EF04-6904-476D-BF78-4DD36337BF56-2017-08-17-23:04:25:392.png\",\"http://sendevimg.oss-cn-zhangjiakou.aliyuncs.com/upload/user_app/0127D720-B37C-4D8E-8F95-B40265555AD8-2017-08-17-23:04:26:174.png\"]','80000','1502982235','1534518243',1,2,2,1502982267,1,97,16,1,1502982267,1503588235,4,1566228428),
	(2,1,'198000',1597719905,'[\"http://sendevimg.oss-cn-zhangjiakou.aliyuncs.com/upload/user_app/091FC8EC-0830-4157-95E6-5A1D72900D0E-2017-08-17-23:05:06:924.png\",\"http://sendevimg.oss-cn-zhangjiakou.aliyuncs.com/upload/user_app/925C71BB-B46C-4F2B-A414-86486B62DA05-2017-08-17-23:05:07:654.png\"]','8000','1502982280','1534518288',1,2,2,1502982308,4,97,17,1,1502982308,1503653585,1,1597719905),
	(3,2,'100000',1577156769,'[\"http://sendevimg.oss-cn-zhangjiakou.aliyuncs.com/upload/user_app/3F4ECA2C-4A2E-4521-BC89-9393B318B27B-2017-08-17-23:09:38:593.png\",\"http://sendevimg.oss-cn-zhangjiakou.aliyuncs.com/upload/user_app/83464A39-4897-48ED-9D94-2DD0CF0E507F-2017-08-17-23:09:40:123.png\",\"http://sendevimg.oss-cn-zhangjiakou.aliyuncs.com/upload/user_app/0953C122-FA6D-438E-A159-5065E8DB7854-2017-08-17-23:09:41:313.png\",\"http://sendevimg.oss-cn-zhangjiakou.aliyuncs.com/upload/user_app/1502982879628.jpg\"]','80000','1502982551','1566054557',1,2,2,1502982881,4,97,14,1,1502982881,1503466858,2,1597892431),
	(4,5,'18000',1566230400,'[\"http://sendevimg.oss-cn-zhangjiakou.aliyuncs.com/upload/user_app/1503030203352.jpg\"]','1000','1503030177','1534521600',1,2,2,1503030205,0,0,0,1,1503030205,1509095586,5,1534521600),
	(5,6,'180000',1566057600,'[\"http://sendevimg.oss-cn-zhangjiakou.aliyuncs.com/upload/user_app/1503030436345.jpg\",\"http://sendevimg.oss-cn-zhangjiakou.aliyuncs.com/upload/user_app/1503030436230.jpg\"]','100000','1503030410','1534521600',1,2,2,1503030438,0,0,0,1,1503030438,1509095572,6,1534521600),
	(6,7,'160000',1566057600,'[\"http://sendevimg.oss-cn-zhangjiakou.aliyuncs.com/upload/user_app/1503030483476.jpg\",\"http://sendevimg.oss-cn-zhangjiakou.aliyuncs.com/upload/user_app/1503030483341.jpg\"]','60000','1503030452','1534521600',1,2,2,1503030485,0,0,0,1,1503030485,1503454011,7,1534521600),
	(7,10,'30000',1507996800,'[\"http://sendevimg.oss-cn-zhangjiakou.aliyuncs.com/upload/user_app/1503452482797.jpg\",\"http://sendevimg.oss-cn-zhangjiakou.aliyuncs.com/upload/user_app/1503452482732.jpg\"]','15000','1503452391','1505404800',1,3,0,1503452485,0,0,0,1,1503452485,1503452552,10,1505404800),
	(8,11,'20000',1503453921,'[\"http://sendevimg.oss-cn-zhangjiakou.aliyuncs.com/upload/user_app/1503452948521.jpg\",\"http://sendevimg.oss-cn-zhangjiakou.aliyuncs.com/upload/user_app/1503453020524.jpg\",\"http://sendevimg.oss-cn-zhangjiakou.aliyuncs.com/upload/user_app/1503453020478.jpg\"]','10000','1503452912','1504195200',1,2,2,1503453020,2,97,10,2,1503453020,1503454041,11,1506787200),
	(9,13,'30000',1514736000,'[\"http://sendevimg.oss-cn-zhangjiakou.aliyuncs.com/upload/user_app/1503455340784.jpg\",\"http://sendevimg.oss-cn-zhangjiakou.aliyuncs.com/upload/user_app/1503455340717.jpg\",\"http://sendevimg.oss-cn-zhangjiakou.aliyuncs.com/upload/user_app/1503455340828.jpg\"]','15000','1503455249','1512057600',1,2,2,1503455341,2,97,13,2,1503455341,1503458268,13,1514736000),
	(10,17,'35000',1527782400,'[\"http://sendevimg.oss-cn-zhangjiakou.aliyuncs.com/upload/user_app/1503974959795.jpg\",\"http://sendevimg.oss-cn-zhangjiakou.aliyuncs.com/upload/user_app/1503975041961.jpg\"]','17500','1503974884','1519833600',1,2,2,1503975042,2,97,20,2,1503975042,1503975589,17,1527782400),
	(11,18,'25888',1538369801,'[\"http://sendevimg.oss-cn-zhangjiakou.aliyuncs.com/upload/user_app/6B1B50E6-B6EB-4285-8822-46505F2C5D59-2017-09-26-12:57:39:877.png\",\"http://sendevimg.oss-cn-zhangjiakou.aliyuncs.com/upload/user_app/BFF83754-F196-4DCE-9056-2A4684AE9B0B-2017-09-26-12:57:41:421.png\",\"http://sendevimg.oss-cn-zhangjiakou.aliyuncs.com/upload/user_app/E9065678-61A6-4AE9-9E54-4D67D103CB37-2017-09-26-12:57:42:530.png\"]','20000','1506401773','1535777801',1,2,2,1506401863,1,97,22,2,1506401863,1506402427,18,1538369801),
	(12,21,'35000',1569834722,'[\"http://sendevimg.oss-cn-zhangjiakou.aliyuncs.com/upload/user_app/11072AF5-C506-4665-BA72-E9051AC1F57C-2017-10-10-05:30:51:899.png\",\"http://sendevimg.oss-cn-zhangjiakou.aliyuncs.com/upload/user_app/08B421DF-2459-47B5-993C-3C16DAA64274-2017-10-10-05:31:08:088.png\",\"http://sendevimg.oss-cn-zhangjiakou.aliyuncs.com/upload/user_app/201C0F49-F2ED-468F-AD4D-85590DE16DA1-2017-10-10-05:31:08:638.png\"]','1750','1507626706','1564650722',1,2,2,1507627869,2,97,25,2,1507627869,1508465533,21,1569834722);

/*!40000 ALTER TABLE `hqsen_user_dajian_order_sign` ENABLE KEYS */;
UNLOCK TABLES;


# Dump of table hqsen_user_dajian_sign_follow
# ------------------------------------------------------------

DROP TABLE IF EXISTS `hqsen_user_dajian_sign_follow`;

CREATE TABLE `hqsen_user_dajian_sign_follow` (
  `id` int(10) unsigned NOT NULL AUTO_INCREMENT COMMENT '自增主键',
  `user_sign_id` int(10) unsigned NOT NULL DEFAULT '0' COMMENT '对应签单ID 关联hqsen_user_kezi_order_sign',
  `status_desc` varchar(50) NOT NULL DEFAULT '' COMMENT '审批备注',
  `create_time` int(10) unsigned NOT NULL DEFAULT '0' COMMENT '审批创建时间',
  `sign_status` tinyint(1) unsigned NOT NULL DEFAULT '1' COMMENT '财务审核状态 0未知 1未处理 2通过 3驳回',
  `boss_sign_status` tinyint(1) unsigned NOT NULL DEFAULT '1' COMMENT '总经理审核状态 0未知 1未处理 2通过 3驳回',
  PRIMARY KEY (`id`)
) ENGINE=MyISAM DEFAULT CHARSET=utf8;

LOCK TABLES `hqsen_user_dajian_sign_follow` WRITE;
/*!40000 ALTER TABLE `hqsen_user_dajian_sign_follow` DISABLE KEYS */;

INSERT INTO `hqsen_user_dajian_sign_follow` (`id`, `user_sign_id`, `status_desc`, `create_time`, `sign_status`, `boss_sign_status`)
VALUES
	(1,3,'温泉24',1502982700,5,1),
	(2,3,'3121',1502982928,2,1),
	(3,3,'企鹅群额',1502982970,1,3),
	(4,3,'wrqeq',1502982982,2,1),
	(5,3,'二w',1502983019,1,2),
	(6,2,'万42',1502983106,2,1),
	(7,2,'万42',1502983106,2,1),
	(8,1,'而',1502983257,2,1),
	(9,2,'驱蚊器',1502983267,1,2),
	(10,1,'驱蚊器群',1502983281,1,2),
	(11,1,'999',1502983501,2,1),
	(12,1,'inoh',1502983665,2,1),
	(13,1,'inoh',1502983677,2,1),
	(14,3,'二销时间',1503027300,2,1),
	(15,7,'缺少上传POS单',1503452552,3,1),
	(16,6,'炽',1503452862,2,1),
	(17,5,'炽',1503452882,2,1),
	(18,4,'炽',1503452914,2,1),
	(19,1,'炽',1503452924,2,1),
	(20,2,'炽',1503452935,2,1),
	(21,8,'请补足凭证',1503453003,5,1),
	(22,8,'OK',1503453071,2,1),
	(23,8,'炽',1503453340,1,2),
	(24,8,'0',1503453626,2,1),
	(25,8,'9',1503453792,2,1),
	(26,8,'8',1503453893,2,1),
	(27,8,'7',1503453954,2,1),
	(28,6,'1',1503454011,1,2),
	(29,8,'6',1503454041,2,1),
	(30,9,'1',1503455441,2,1),
	(31,9,'1',1503455455,1,2),
	(32,9,'2',1503456162,2,1),
	(33,3,'gu',1503457599,2,1),
	(34,9,'3',1503458268,2,1),
	(35,2,'hi',1503586180,2,1),
	(36,10,'没有POS单，补',1503975000,5,1),
	(37,10,'1',1503975057,2,1),
	(38,10,'1',1503975118,1,2),
	(39,10,'1',1503975158,2,1),
	(40,10,'2',1503975309,2,1),
	(41,10,'3',1503975589,2,1),
	(42,11,'Y8979',1506401924,2,1),
	(43,11,'98798Y9',1506401984,1,2),
	(44,11,'213213',1506402328,2,1),
	(45,11,'21312',1506402427,2,1),
	(46,12,'keyi ',1508385631,2,1),
	(47,12,'ok',1508385773,1,2),
	(48,12,'ok',1508465334,2,1),
	(49,12,'ok',1508465459,2,1),
	(50,12,'ok',1508465533,2,1),
	(51,5,'hhghn ',1509095572,1,2),
	(52,4,'jkjhj',1509095586,1,2);

/*!40000 ALTER TABLE `hqsen_user_dajian_sign_follow` ENABLE KEYS */;
UNLOCK TABLES;


# Dump of table hqsen_user_data
# ------------------------------------------------------------

DROP TABLE IF EXISTS `hqsen_user_data`;

CREATE TABLE `hqsen_user_data` (
  `id` int(10) unsigned NOT NULL AUTO_INCREMENT COMMENT '自增主键',
  `hotel_name` varchar(32) NOT NULL COMMENT '区域名字',
  `hotel_area` varchar(200) NOT NULL DEFAULT '' COMMENT '黄浦区',
  `hotel_id` int(10) unsigned NOT NULL DEFAULT '0' COMMENT '酒店ID',
  `user_id` int(10) unsigned NOT NULL DEFAULT '0' COMMENT '用户ID',
  `area_id` int(10) unsigned NOT NULL DEFAULT '0' COMMENT '后台编辑区域ID',
  `last_order_time` int(10) unsigned NOT NULL DEFAULT '0' COMMENT '最后一次获取订单时间',
  `user_name` varchar(32) NOT NULL COMMENT '唯一用户名',
  `auto_type` tinyint(2) unsigned NOT NULL DEFAULT '2' COMMENT '1不同步 2同步',
  `area_sh_id` int(5) unsigned NOT NULL COMMENT '上海区域ID关联 area_sh 表',
  PRIMARY KEY (`id`)
) ENGINE=MyISAM DEFAULT CHARSET=utf8;

LOCK TABLES `hqsen_user_data` WRITE;
/*!40000 ALTER TABLE `hqsen_user_data` DISABLE KEYS */;

INSERT INTO `hqsen_user_data` (`id`, `hotel_name`, `hotel_area`, `hotel_id`, `user_id`, `area_id`, `last_order_time`, `user_name`, `auto_type`, `area_sh_id`)
VALUES
	(1,'','周边地区',0,94,3,0,'zbsx001',2,0),
	(2,'','周边地区',0,95,3,0,'zbex001',2,0),
	(3,'','浦西地区',0,96,2,1508909021,'pxsx001',2,0),
	(4,'','浦西地区',0,97,2,0,'pxex001',2,0),
	(5,'','浦东地区',0,98,1,0,'pdsx001',2,0),
	(6,'','浦东地区',0,99,1,0,'pdex001',2,0),
	(7,'','',0,100,0,0,'pskf001',2,0),
	(8,'','',0,101,0,0,'pscw001',2,0),
	(9,'','',0,102,0,0,'psbj001',2,0),
	(10,'','',0,103,0,0,'psgly001',2,0),
	(11,'浦东假日酒店','浦东新区',10,104,1,1504773958,'pdjr001',2,1),
	(12,'上海三至喜来登酒店','虹口区',9,105,2,1503459236,'szxld001',2,4),
	(13,'明天广场JW万豪酒店','黄浦区',8,106,2,1508572070,'mtgcwh001',2,3),
	(14,'上海银星皇冠假日酒店','静安区',7,107,2,1502947282,'yxhg001',2,9),
	(15,'上海淳大万丽酒店','浦东新区',6,108,1,1504790936,'cdwl001',2,1),
	(16,'上海豫园万丽酒店','黄浦区',5,109,2,1508572070,'yywl001',2,3),
	(17,'富建酒店','闵行区',4,110,2,1508233418,'fjjd001',2,12),
	(18,'马勒别墅饭店','黄浦区',3,111,2,1508475831,'mlbs001',1,3),
	(19,'上海明捷万丽酒店','普陀区',2,112,2,1508475831,'mjwl001',2,7),
	(20,'上海龙之梦万丽酒店','长宁区',1,113,2,1508730071,'lzmwl001',2,8),
	(21,'上海南新雅大酒店','黄浦区',234,131,2,1508581531,'nxy001',2,3),
	(22,'LAVIN玫瑰里','杨浦区',102,132,2,1508476653,'mgl001',2,5),
	(23,'云味.大可堂','徐汇区',104,133,2,0,'dkt001',2,10),
	(24,'世纪紫澜会馆','浦东新区',219,134,1,0,'sjzl001',2,1),
	(25,'濠苑金阁大酒店','宝山区',113,135,2,0,'hyjg001',2,18),
	(26,'上海安徒生童话乐园.天鹅宫宴会中心','杨浦区',116,136,2,1508476653,'teg001',2,5),
	(27,'香淳湾','普陀区',118,137,2,1508479614,'xcw001',2,7),
	(28,'东方万国宴会中心.天尚东方','浦东新区',115,138,1,0,'dfwg001',2,1),
	(29,'','',0,140,0,0,'ml001',2,0),
	(30,'马勒别墅饭店','黄浦区',3,141,2,0,'mlbs201',2,3),
	(31,'马勒别墅饭店','黄浦区',3,142,2,0,'mlbs202',2,3),
	(32,'大众国际会议中心','松江区',144,143,2,1508379126,'dzgj101',2,15),
	(33,'马勒别墅饭店','黄浦区',3,144,2,1508648221,'mlbs101',2,3),
	(34,'马勒别墅饭店','黄浦区',3,145,2,1508755128,'mlbs102',2,3),
	(35,'上海明捷万丽酒店','普陀区',2,146,2,1508479614,'mjwl101',2,7),
	(36,'上海明捷万丽酒店','普陀区',2,147,2,1508475605,'mjwl102',2,7),
	(37,'上海龙之梦万丽酒店','长宁区',1,149,2,1508730764,'lzmwl101',2,8),
	(38,'上海龙之梦万丽酒店','长宁区',1,150,2,1508574428,'lzmwl102',2,8),
	(39,'富建酒店','闵行区',4,151,2,1508482056,'fj101',2,12),
	(40,'富建酒店','闵行区',4,152,2,1508485332,'fj102',2,12),
	(41,'富建酒店','闵行区',4,153,2,1508665600,'fj103',2,12),
	(42,'富建酒店','闵行区',4,154,2,0,'fj104',2,12),
	(43,'上海三至喜来登酒店','虹口区',9,155,2,1509098845,'szxld101',2,4),
	(44,'上海三至喜来登酒店','虹口区',9,156,2,0,'szxld102',2,4),
	(45,'明天广场JW万豪酒店','黄浦区',8,157,2,1508903523,'jwmtgc101',2,3),
	(46,'明天广场JW万豪酒店','黄浦区',8,158,2,1508755128,'jwmtgc102',2,3),
	(47,'上海豫园万丽酒店','黄浦区',5,159,2,1508903523,'yywl101',2,3),
	(48,'上海豫园万丽酒店','黄浦区',5,160,2,1508755128,'yywl102',2,3),
	(49,'上海南新雅大酒店','黄浦区',234,161,2,1508660504,'nxy101',2,3),
	(50,'上海南新雅大酒店','黄浦区',234,162,2,1508913142,'nxy102',2,3),
	(51,'兴荣温德姆','杨浦区',103,163,2,1508494261,'xrwdm101',2,5),
	(52,'兴荣温德姆','杨浦区',103,164,2,1508480581,'xrwdm102',2,5),
	(53,'上海安徒生童话乐园.天鹅宫宴会中心','杨浦区',116,165,2,1508480442,'teg101',2,5),
	(54,'上海安徒生童话乐园.天鹅宫宴会中心','杨浦区',116,166,2,1508494261,'teg102',2,5),
	(55,'LAVIN玫瑰里','杨浦区',102,167,2,1508480581,'mggl101',2,5),
	(56,'LAVIN玫瑰里','杨浦区',102,168,2,1508494123,'mggl102',2,5),
	(57,'濠苑金阁大酒店','宝山区',113,169,2,0,'hyjg102',2,18),
	(58,'濠苑金阁大酒店','宝山区',113,170,2,0,'hyjg101',2,18),
	(59,'嘉延大酒店','闵行区',70,171,2,1509030558,'jt101',2,12),
	(60,'上海淳大万丽酒店','浦东新区',6,172,1,1508913051,'cdwl101',2,1),
	(61,'上海淳大万丽酒店','浦东新区',6,173,1,0,'cdwl102',2,1),
	(62,'浦东假日酒店','浦东新区',10,174,1,1508913051,'pdjr101',2,1),
	(63,'浦东假日酒店','浦东新区',10,175,1,0,'pdjr102',2,1),
	(64,'香淳湾','普陀区',92,176,2,1508479614,'xcw101',2,7),
	(65,'香淳湾','普陀区',92,177,2,0,'xcx102',2,7),
	(66,'云味.大可堂','徐汇区',104,178,2,0,'dkt101',2,10),
	(67,'云味.大可堂','徐汇区',104,179,2,0,'dkt102',2,10),
	(68,'世纪紫澜会馆','浦东新区',219,180,1,1508913051,'sjzl101',2,1),
	(69,'上海龙之梦万丽酒店','长宁区',1,181,2,1509092606,'lzmwl201',2,8),
	(70,'上海南新雅大酒店','黄浦区',234,182,2,1509269419,'nxy201',2,3),
	(71,'富建酒店','闵行区',4,190,2,1509030558,'fj201',2,12),
	(72,'上海南新雅大酒店','黄浦区',234,196,2,1508903523,'nxy202',2,3),
	(73,'','浦西区',0,197,2,1509270160,'pxsx002',2,0),
	(74,'三木婚礼商城','金山区',235,201,4,1508903385,'sm001',2,14),
	(75,'三木婚礼商城','三木区',235,202,3,1509093920,'sm002',2,21),
	(76,'三木婚礼商城','三木区',235,203,3,0,'sm203',2,21),
	(77,'','三木地区',0,204,3,0,'smsx',2,0),
	(78,'','三木地区',0,205,3,0,'smex',2,0),
	(79,'','三木地区',0,206,3,0,'smsx001',2,0),
	(80,'','三木地区',0,207,3,0,'smex001',2,0),
	(81,'上海南新雅大酒店','黄浦区',234,212,2,0,'nxy103',2,3),
	(82,'上海南新雅大酒店','黄浦区',234,213,2,0,'nxy105',2,3),
	(83,'香淳湾（滨江店）','浦东新区',236,214,1,1508913051,'xcwbj101',2,1),
	(84,'','',0,215,0,0,'pstgy',2,0),
	(85,'东方万国宴会中心.天尚东方','浦东新区',115,216,1,0,'dfwg101',2,1),
	(86,'上海新世界紫澜门大酒店','静安区',91,218,2,0,'xsjzl101',2,9);

/*!40000 ALTER TABLE `hqsen_user_data` ENABLE KEYS */;
UNLOCK TABLES;


# Dump of table hqsen_user_kezi_order
# ------------------------------------------------------------

DROP TABLE IF EXISTS `hqsen_user_kezi_order`;

CREATE TABLE `hqsen_user_kezi_order` (
  `id` int(10) unsigned NOT NULL AUTO_INCREMENT COMMENT '自增主键',
  `kezi_order_id` int(10) unsigned NOT NULL DEFAULT '0' COMMENT '客资订单表ID 关联hqsen_kezi_order',
  `user_id` int(10) unsigned NOT NULL DEFAULT '0' COMMENT '用户ID',
  `watch_user_id` int(10) unsigned NOT NULL DEFAULT '0' COMMENT '酒店账号（跟踪者）ID',
  `watch_user_name` varchar(50) NOT NULL DEFAULT '' COMMENT '跟踪者名字',
  `watch_user_hotel_name` varchar(50) NOT NULL DEFAULT '' COMMENT '跟踪者酒店名字',
  `del_flag` tinyint(1) unsigned NOT NULL DEFAULT '1' COMMENT '1正常 2为删除',
  `order_status` tinyint(1) unsigned NOT NULL DEFAULT '1' COMMENT '客资跟踪者订单状态1待处理 2待审核 3待结算 4已结算 5已驳回 6已取消',
  `create_time` int(10) unsigned NOT NULL DEFAULT '0' COMMENT '时间戳',
  `order_phone` varchar(18) NOT NULL DEFAULT '' COMMENT '消费者 手机号',
  `user_order_status` tinyint(1) unsigned NOT NULL DEFAULT '1' COMMENT '客资提供者状态 1跟进中 2待结算 3已结算 4已取消',
  `update_time` int(10) unsigned NOT NULL DEFAULT '0' COMMENT '时间戳',
  `create_user_money` varchar(20) NOT NULL DEFAULT '' COMMENT '创建者订单佣金',
  `watch_user_money` varchar(20) NOT NULL DEFAULT '' COMMENT '跟踪者订单佣金',
  `order_from` tinyint(1) unsigned NOT NULL DEFAULT '1' COMMENT '1用户创建 2同步 3同步订单操作过',
  PRIMARY KEY (`id`)
) ENGINE=MyISAM DEFAULT CHARSET=utf8;

LOCK TABLES `hqsen_user_kezi_order` WRITE;
/*!40000 ALTER TABLE `hqsen_user_kezi_order` DISABLE KEYS */;

INSERT INTO `hqsen_user_kezi_order` (`id`, `kezi_order_id`, `user_id`, `watch_user_id`, `watch_user_name`, `watch_user_hotel_name`, `del_flag`, `order_status`, `create_time`, `order_phone`, `user_order_status`, `update_time`, `create_user_money`, `watch_user_money`, `order_from`)
VALUES
	(1,1,115,111,'mlbs001','马勒别墅饭店',1,6,1502899740,'18816781001',4,0,'','',1),
	(2,1,115,109,'yywl001','上海豫园万丽酒店',1,2,1502899740,'18816781001',1,1502987307,'6000','6000',1),
	(3,1,115,106,'mtgcwh001','明天广场JW万豪酒店',1,1,1502899740,'18816781001',1,1502899740,'','',1),
	(4,3,116,111,'mlbs001','马勒别墅饭店',1,1,1502946932,'13601805980',1,1508670632,'','',1),
	(5,4,116,111,'mlbs001','马勒别墅饭店',1,6,1502946932,'13601805980',4,0,'','',1),
	(6,2,116,111,'mlbs001','马勒别墅饭店',1,4,1502946932,'13601805980',3,1503037492,'900','360',1),
	(7,2,116,109,'yywl001','上海豫园万丽酒店',1,1,1502947081,'13601805980',1,1502947081,'','',2),
	(8,2,116,106,'mtgcwh001','明天广场JW万豪酒店',1,1,1502947081,'13601805980',1,1502947081,'','',2),
	(9,3,116,109,'yywl001','上海豫园万丽酒店',1,1,1502947081,'13601805980',1,1502947081,'','',2),
	(10,3,116,106,'mtgcwh001','明天广场JW万豪酒店',1,1,1502947081,'13601805980',1,1502947081,'','',2),
	(11,4,116,109,'yywl001','上海豫园万丽酒店',1,1,1502947081,'13601805980',1,1502947081,'','',2),
	(12,4,116,106,'mtgcwh001','明天广场JW万豪酒店',1,1,1502947081,'13601805980',1,1502947081,'','',2),
	(13,5,116,110,'fjjd001','富建酒店',1,2,1502947170,'13912456815',1,1503034708,'55885.5','55885.5',1),
	(14,6,116,107,'yxhg001','上海银星皇冠假日酒店',1,6,1502947282,'15023845213',4,1502947690,'','',1),
	(15,7,116,111,'mlbs001','马勒别墅饭店',1,1,1502947516,'15100000008',1,1507702290,'','',1),
	(16,7,116,109,'yywl001','上海豫园万丽酒店',1,1,1502947681,'15100000008',1,1502947681,'','',2),
	(17,7,116,106,'mtgcwh001','明天广场JW万豪酒店',1,1,1502947681,'15100000008',1,1502947681,'','',2),
	(18,8,119,111,'mlbs001','马勒别墅饭店',1,6,1502948393,'18718718701',4,1502948393,'1000','1000',1),
	(19,8,119,109,'yywl001','上海豫园万丽酒店',1,1,1502948521,'18718718701',1,1502948521,'','',2),
	(20,8,119,106,'mtgcwh001','明天广场JW万豪酒店',1,1,1502948521,'18718718701',1,1502948521,'','',2),
	(21,9,111,111,'mlbs001','马勒别墅饭店',1,1,1502949557,'18618518301',1,1508494794,'','',1),
	(22,9,111,109,'yywl001','上海豫园万丽酒店',1,1,1502949721,'18618518301',1,1502949721,'','',2),
	(23,9,111,106,'mtgcwh001','明天广场JW万豪酒店',1,1,1502949721,'18618518301',1,1502949721,'','',2),
	(24,22,120,113,'lzmwl001','上海龙之梦万丽酒店',1,1,1502950250,'15068159661',1,1502950250,'','',1),
	(25,23,120,111,'mlbs001','马勒别墅饭店',1,1,1502950300,'15000000000',1,1507702323,'','',1),
	(26,23,120,109,'yywl001','上海豫园万丽酒店',1,1,1502950441,'15000000000',1,1502950441,'','',2),
	(27,23,120,106,'mtgcwh001','明天广场JW万豪酒店',1,1,1502950441,'15000000000',1,1502950441,'','',2),
	(28,24,111,111,'mlbs001','马勒别墅饭店',1,2,1502954628,'15811111111',1,1502954628,'3.3','3.3',1),
	(29,24,111,109,'yywl001','上海豫园万丽酒店',1,1,1502954761,'15811111111',1,1502954761,'','',2),
	(30,24,111,106,'mtgcwh001','明天广场JW万豪酒店',1,1,1502954761,'15811111111',1,1502954761,'','',2),
	(31,25,119,108,'cdwl001','上海淳大万丽酒店',1,1,1502956873,'18718718702',1,1502956873,'','',1),
	(32,26,117,108,'cdwl001','上海淳大万丽酒店',1,2,1502957110,'15000000879',1,1502957110,'58000','58000',1),
	(33,27,111,111,'mlbs001','马勒别墅饭店',1,1,1502957359,'18818818801',1,1508465200,'','',1),
	(34,27,111,109,'yywl001','上海豫园万丽酒店',1,1,1502957521,'18818818801',1,1502957521,'','',2),
	(35,27,111,106,'mtgcwh001','明天广场JW万豪酒店',1,1,1502957521,'18818818801',1,1502957521,'','',2),
	(36,28,117,104,'pdjr001','浦东假日酒店',1,2,1502957833,'15000000258',1,1502957833,'30000','30000',1),
	(37,28,117,105,'szxld001','上海三至喜来登酒店',1,2,1502957833,'15000000258',1,1502957833,'30000','30000',1),
	(38,28,117,112,'mjwl001','上海明捷万丽酒店',1,2,1502957833,'15000000258',1,1502957833,'5000','5000',1),
	(39,29,121,110,'fjjd001','富建酒店',1,1,1503124997,'14782389262',1,1503124997,'','',1),
	(40,30,121,113,'lzmwl001','上海龙之梦万丽酒店',1,1,1503125101,'13701865088',1,1503125101,'','',1),
	(41,31,121,111,'mlbs001','马勒别墅饭店',1,3,1503125193,'13601812885',2,1503212111,'3600','0',1),
	(42,31,121,109,'yywl001','上海豫园万丽酒店',1,6,1503125193,'13601812885',4,1503126657,'','',1),
	(43,31,121,106,'mtgcwh001','明天广场JW万豪酒店',1,1,1503125193,'13601812885',1,1503125193,'','',1),
	(44,32,121,111,'mlbs001','马勒别墅饭店',1,1,1503153877,'15815815858',1,1503240452,'','',1),
	(45,32,121,109,'yywl001','上海豫园万丽酒店',1,1,1503154021,'15815815858',1,1503154021,'','',2),
	(46,32,121,106,'mtgcwh001','明天广场JW万豪酒店',1,1,1503154021,'15815815858',1,1503154021,'','',2),
	(47,33,116,110,'fjjd001','富建酒店',1,6,1503458703,'13600000007',4,1503459002,'','',1),
	(48,34,105,105,'szxld001','上海三至喜来登酒店',1,4,1503459236,'13600000008',3,1503545852,'3600','3600',1),
	(49,35,110,110,'fjjd001','富建酒店',1,6,1503459493,'15000000009',4,1503459493,'0','0',1),
	(50,36,110,110,'fjjd001','富建酒店',1,4,1503462231,'15000000010',3,1503462231,'7040.08','7040.08',1),
	(51,37,121,111,'mlbs001','马勒别墅饭店',1,6,1503973299,'15800829001',4,1503973586,'','',1),
	(52,37,121,112,'mjwl001','上海明捷万丽酒店',1,6,1503973299,'15800829001',4,1503973645,'','',1),
	(53,37,121,113,'lzmwl001','上海龙之梦万丽酒店',1,3,1503973299,'15800829001',2,1504059753,'0','0',1),
	(54,37,121,109,'yywl001','上海豫园万丽酒店',1,6,1503973441,'15800829001',4,1503973872,'','',3),
	(55,37,121,106,'mtgcwh001','明天广场JW万豪酒店',1,6,1503973441,'15800829001',4,1503973900,'','',3),
	(56,38,123,104,'pdjr001','浦东假日酒店',1,1,1504773958,'13701738055',1,1504773958,'','',1),
	(57,38,123,113,'lzmwl001','上海龙之梦万丽酒店',1,1,1504773958,'13701738055',1,1505551876,'','',1),
	(58,39,123,108,'cdwl001','上海淳大万丽酒店',1,6,1504790936,'13611721703',4,1504791118,'','',1),
	(59,40,117,113,'lzmwl001','上海龙之梦万丽酒店',1,4,1506399914,'15000000001',3,1506486421,'6400','0',1),
	(60,41,130,111,'mlbs001','马勒别墅饭店',1,1,1506664313,'13003221190',1,1506664313,'','',1),
	(61,41,130,109,'yywl001','上海豫园万丽酒店',1,1,1506664441,'13003221190',1,1506664441,'','',2),
	(62,41,130,106,'mtgcwh001','明天广场JW万豪酒店',1,1,1506664441,'13003221190',1,1506664441,'','',2),
	(63,42,117,131,'nxy001','上海南新雅大酒店',1,1,1506669740,'15000172479',1,1506669740,'','',1),
	(64,43,130,131,'nxy001','上海南新雅大酒店',1,1,1506670008,'13003221190',1,1506670008,'','',1),
	(65,44,111,111,'mlbs001','马勒别墅饭店',1,1,1507521111,'15000172479',1,1507521111,'','',1),
	(66,44,111,109,'yywl001','上海豫园万丽酒店',1,1,1507521241,'15000172479',1,1507521241,'','',2),
	(67,44,111,106,'mtgcwh001','明天广场JW万豪酒店',1,1,1507521241,'15000172479',1,1507521241,'','',2),
	(68,45,117,111,'mlbs001','马勒别墅饭店',1,1,1507605141,'13817961016',1,1507605141,'','',1),
	(69,45,117,109,'yywl001','上海豫园万丽酒店',1,1,1507605301,'13817961016',1,1507605301,'','',2),
	(70,45,117,106,'mtgcwh001','明天广场JW万豪酒店',1,1,1507605301,'13817961016',1,1507605301,'','',2),
	(71,46,139,110,'fjjd001','富建酒店',1,1,1508216625,'13353587454',1,1508216625,'','',1),
	(72,47,110,110,'fjjd001','富建酒店',1,1,1508233012,'11221134563',1,1508233012,'','',1),
	(73,48,110,110,'fjjd001','富建酒店',1,1,1508233139,'13525244123',1,1508233139,'','',1),
	(74,49,113,113,'lzmwl001','上海龙之梦万丽酒店',1,1,1508233302,'13852523562',1,1508233302,'','',1),
	(75,50,110,110,'fjjd001','富建酒店',1,1,1508233418,'12356412532',1,1508233418,'','',1),
	(76,51,113,113,'lzmwl001','上海龙之梦万丽酒店',1,1,1508233476,'11112844255',1,1508233476,'','',1),
	(77,52,113,113,'lzmwl001','上海龙之梦万丽酒店',1,2,1508233552,'11115888745',1,1508233552,'2466.42','0',1),
	(78,53,139,113,'lzmwl001','上海龙之梦万丽酒店',1,1,1508239143,'13663635656',1,1508239143,'','',1),
	(79,54,139,113,'lzmwl001','上海龙之梦万丽酒店',1,3,1508243269,'12355634564',2,1508243269,'2000','0',1),
	(80,55,139,113,'lzmwl001','上海龙之梦万丽酒店',1,4,1508243652,'13525361548',3,1508330165,'3000','0',1),
	(81,56,139,113,'lzmwl001','上海龙之梦万丽酒店',1,1,1508244201,'13463163463',1,1508767930,'','',1),
	(82,57,111,111,'mlbs001','马勒别墅饭店',1,1,1508375599,'15800639058',1,1508375599,'','',1),
	(83,57,111,109,'yywl001','上海豫园万丽酒店',1,1,1508375761,'15800639058',1,1508375761,'','',2),
	(84,57,111,106,'mtgcwh001','明天广场JW万豪酒店',1,1,1508375761,'15800639058',1,1508375761,'','',2),
	(85,58,111,111,'mlbs001','马勒别墅饭店',1,1,1508378667,'13666466464',1,1508465248,'','',1),
	(86,58,111,109,'yywl001','上海豫园万丽酒店',1,1,1508378821,'13666466464',1,1508378821,'','',2),
	(87,58,111,106,'mtgcwh001','明天广场JW万豪酒店',1,1,1508378821,'13666466464',1,1508378821,'','',2),
	(88,59,148,143,'dzgj101','大众国际会议中心',1,1,1508379126,'13701232158',1,1508379126,'','',1),
	(89,60,148,146,'mjwl101','上海明捷万丽酒店',1,1,1508385778,'13252123252',1,1508476995,'','',1),
	(90,61,139,144,'mlbs101','马勒别墅饭店',1,1,1508395620,'13645542512',1,1508395620,'','',1),
	(91,61,139,109,'yywl001','上海豫园万丽酒店',1,1,1508395741,'13645542512',1,1508395741,'','',2),
	(92,61,139,106,'mtgcwh001','明天广场JW万豪酒店',1,1,1508395741,'13645542512',1,1508395741,'','',2),
	(93,62,139,145,'mlbs102','马勒别墅饭店',1,1,1508397436,'13624528463',1,1508397436,'','',1),
	(94,62,139,109,'yywl001','上海豫园万丽酒店',1,1,1508397601,'13624528463',1,1508397601,'','',2),
	(95,62,139,106,'mtgcwh001','明天广场JW万豪酒店',1,1,1508397601,'13624528463',1,1508397601,'','',2),
	(96,63,146,146,'mjwl101','上海明捷万丽酒店',1,3,1508404003,'13661473522',2,1508550568,'2844.16','0',1),
	(97,64,117,149,'lzmwl101','上海龙之梦万丽酒店',1,1,1508420306,'15000172477',1,1508420306,'','',1),
	(98,65,139,150,'lzmwl102','上海龙之梦万丽酒店',1,1,1508422177,'13654284564',1,1508422177,'','',1),
	(99,66,184,157,'jwmtgc101','明天广场JW万豪酒店',1,1,1508475605,'13301721876',1,1508475605,'','',1),
	(100,66,184,147,'mjwl102','上海明捷万丽酒店',1,1,1508475605,'13301721876',1,1508475605,'','',1),
	(101,66,184,181,'lzmwl201','上海龙之梦万丽酒店',1,6,1508475605,'13301721876',4,0,'','',1),
	(102,67,184,113,'lzmwl001','上海龙之梦万丽酒店',1,1,1508475682,'13918172287',1,1508475682,'','',1),
	(103,68,184,149,'lzmwl101','上海龙之梦万丽酒店',1,1,1508475744,'13359448008',1,1508475744,'','',1),
	(104,66,184,144,'mlbs101','马勒别墅饭店',1,1,1508475781,'13301721876',1,1508475781,'','',2),
	(105,66,184,159,'yywl101','上海豫园万丽酒店',1,1,1508475781,'13301721876',1,1508475781,'','',2),
	(106,69,184,161,'nxy101','上海南新雅大酒店',1,1,1508475831,'17628181167',1,1508475831,'','',1),
	(107,69,184,111,'mlbs001','马勒别墅饭店',1,1,1508475831,'17628181167',1,1508475831,'','',1),
	(108,69,184,112,'mjwl001','上海明捷万丽酒店',1,1,1508475831,'17628181167',1,1508475831,'','',1),
	(109,69,184,160,'yywl102','上海豫园万丽酒店',1,1,1508475961,'17628181167',1,1508475961,'','',2),
	(110,69,184,158,'jwmtgc102','明天广场JW万豪酒店',1,1,1508475961,'17628181167',1,1508475961,'','',2),
	(111,71,139,132,'mgl001','LAVIN玫瑰里',1,1,1508476653,'13546316345',1,1508838090,'','',1),
	(112,71,139,163,'xrwdm101','兴荣温德姆',1,1,1508476653,'13546316345',1,1508476653,'','',1),
	(113,71,139,136,'teg001','上海安徒生童话乐园.天鹅宫宴会中心',1,1,1508476653,'13546316345',1,1508476653,'','',1),
	(114,72,184,150,'lzmwl102','上海龙之梦万丽酒店',1,1,1508476986,'13816677788',1,1508476986,'','',1),
	(115,73,184,181,'lzmwl201','上海龙之梦万丽酒店',1,1,1508477045,'13585867891',1,1508477045,'','',1),
	(116,74,139,146,'mjwl101','上海明捷万丽酒店',1,1,1508479614,'12366549578',1,1508479614,'','',1),
	(117,74,139,176,'xcw101','香淳湾',1,1,1508479614,'12366549578',1,1508479614,'','',1),
	(118,74,139,137,'xcw001','香淳湾',1,1,1508479614,'12366549578',1,1508479614,'','',1),
	(119,75,148,165,'teg101','上海安徒生童话乐园.天鹅宫宴会中心',1,1,1508480442,'13525236522',1,1508480442,'','',1),
	(120,75,148,167,'mggl101','LAVIN玫瑰里',1,6,1508480581,'13525236522',4,1508647181,'','',3),
	(121,75,148,164,'xrwdm102','兴荣温德姆',1,1,1508480581,'13525236522',1,1508480581,'','',2),
	(122,76,139,151,'fj101','富建酒店',1,1,1508482056,'13568569856',1,1508482056,'','',1),
	(123,77,139,155,'szxld101','上海三至喜来登酒店',1,1,1508484427,'13569648589',1,1508484427,'','',1),
	(124,78,187,152,'fj102','富建酒店',1,1,1508485332,'13585631957',1,1508485332,'','',1),
	(125,78,187,171,'jt101','嘉延大酒店',1,1,1508485332,'13585631957',1,1508485332,'','',1),
	(126,79,139,168,'mggl102','LAVIN玫瑰里',1,1,1508494123,'13584696452',1,1508494123,'','',1),
	(127,80,113,113,'lzmwl001','上海龙之梦万丽酒店',1,1,1508494256,'15000172476',1,1508494256,'','',1),
	(128,79,139,163,'xrwdm101','兴荣温德姆',1,1,1508494261,'13584696452',1,1508494261,'','',2),
	(129,79,139,166,'teg102','上海安徒生童话乐园.天鹅宫宴会中心',1,1,1508494261,'13584696452',1,1508494261,'','',2),
	(130,81,191,162,'nxy102','上海南新雅大酒店',1,1,1508559926,'13701818475',1,1508559926,'','',1),
	(131,82,193,149,'lzmwl101','上海龙之梦万丽酒店',1,1,1508570868,'13917738667',1,1508570868,'','',1),
	(132,83,191,145,'mlbs102','马勒别墅饭店',1,1,1508572070,'15900981597',1,1508572070,'','',1),
	(133,83,191,109,'yywl001','上海豫园万丽酒店',1,1,1508572070,'15900981597',1,1508572070,'','',1),
	(134,83,191,106,'mtgcwh001','明天广场JW万豪酒店',1,1,1508572070,'15900981597',1,1508572070,'','',1),
	(135,83,191,182,'nxy201','上海南新雅大酒店',1,1,1508572070,'15900981597',1,1508984101,'','',1),
	(136,84,139,150,'lzmwl102','上海龙之梦万丽酒店',1,1,1508574428,'13664288496',1,1508574428,'','',1),
	(137,85,191,131,'nxy001','上海南新雅大酒店',1,1,1508581531,'13601654869',1,1508581531,'','',1),
	(138,86,184,144,'mlbs101','马勒别墅饭店',1,1,1508648221,'18918509790',1,1508648221,'','',1),
	(139,86,184,181,'lzmwl201','上海龙之梦万丽酒店',1,2,1508648221,'18918509790',1,1508991263,'3504.3','0',1),
	(140,86,184,159,'yywl101','上海豫园万丽酒店',1,1,1508648401,'18918509790',1,1508648401,'','',2),
	(141,86,184,157,'jwmtgc101','明天广场JW万豪酒店',1,1,1508648401,'18918509790',1,1508648401,'','',2),
	(142,87,191,161,'nxy101','上海南新雅大酒店',1,1,1508660504,'13916098715',1,1508660504,'','',1),
	(143,88,186,153,'fj103','富建酒店',1,1,1508665600,'13816292821',1,1508665600,'','',1),
	(144,88,186,171,'jt101','嘉延大酒店',1,1,1508665600,'13816292821',1,1508665600,'','',1),
	(145,89,139,113,'lzmwl001','上海龙之梦万丽酒店',1,3,1508730071,'13666668686',2,1508827299,'5000','0',1),
	(146,90,139,149,'lzmwl101','上海龙之梦万丽酒店',1,6,1508730764,'13838384448',4,0,'','',1),
	(147,97,198,181,'lzmwl201','上海龙之梦万丽酒店',1,4,1508746617,'13661738588',3,1508746617,'2783.02','0',1),
	(148,98,200,145,'mlbs102','马勒别墅饭店',1,1,1508755128,'13816832862',1,1508755128,'','',1),
	(149,98,200,160,'yywl102','上海豫园万丽酒店',1,1,1508755128,'13816832862',1,1508755128,'','',1),
	(150,98,200,158,'jwmtgc102','明天广场JW万豪酒店',1,1,1508755128,'13816832862',1,1508755128,'','',1),
	(151,98,200,196,'nxy202','上海南新雅大酒店',1,1,1508755128,'13816832862',1,1508755128,'','',1),
	(152,99,194,202,'sm002','三木婚礼商城',1,1,1508811492,'13666955486',1,1509258889,'','',1),
	(153,100,194,201,'sm001','三木婚礼商城',1,2,1508811589,'13666463634',1,1509243663,'2000','0',1),
	(154,101,208,172,'cdwl101','上海淳大万丽酒店',1,1,1508813554,'18017850907',1,1508813554,'','',1),
	(155,102,117,172,'cdwl101','上海淳大万丽酒店',1,1,1508814600,'15015015015',1,1508814600,'','',1),
	(156,103,148,181,'lzmwl201','上海龙之梦万丽酒店',1,6,1508816172,'13023562138',4,0,'','',1),
	(157,104,194,202,'sm002','三木婚礼商城',1,1,1508827788,'13665645663',1,1508914305,'','',1),
	(158,105,182,182,'nxy201','上海南新雅大酒店',1,2,1508827854,'15001977184',1,1509248658,'2014.92','0',1),
	(159,106,210,181,'lzmwl201','上海龙之梦万丽酒店',1,1,1508828172,'13252356258',1,1508828172,'','',1),
	(160,107,200,157,'jwmtgc101','明天广场JW万豪酒店',1,1,1508901054,'13402102421',1,1508901054,'','',1),
	(161,107,200,159,'yywl101','上海豫园万丽酒店',1,1,1508901054,'13402102421',1,1508901054,'','',1),
	(162,108,194,201,'sm001','三木婚礼商城',1,1,1508903385,'13663634521',1,1509257756,'','',1),
	(163,109,200,159,'yywl101','上海豫园万丽酒店',1,1,1508903523,'13482149478',1,1508903523,'','',1),
	(164,109,200,157,'jwmtgc101','明天广场JW万豪酒店',1,1,1508903523,'13482149478',1,1508903523,'','',1),
	(165,109,200,196,'nxy202','上海南新雅大酒店',1,1,1508903523,'13482149478',1,1508903523,'','',1),
	(166,110,194,202,'sm002','三木婚礼商城',1,1,1508910924,'13656568865',1,1509180401,'','',1),
	(167,111,202,202,'sm002','三木婚礼商城',1,1,1508911059,'15666564854',1,1508911059,'','',1),
	(168,112,200,172,'cdwl101','上海淳大万丽酒店',1,1,1508913051,'15900855970',1,1508913051,'','',1),
	(169,112,200,174,'pdjr101','浦东假日酒店',1,1,1508913051,'15900855970',1,1508913051,'','',1),
	(170,112,200,180,'sjzl101','世纪紫澜会馆',1,1,1508913051,'15900855970',1,1508913051,'','',1),
	(171,112,200,214,'xcwbj101','香淳湾（滨江店）',1,1,1508913051,'15900855970',1,1508913051,'','',1),
	(172,113,162,162,'nxy102','上海南新雅大酒店',1,1,1508913142,'13370009565',1,1508913142,'','',1),
	(173,115,193,181,'lzmwl201','上海龙之梦万丽酒店',1,1,1509004572,'13501970849',1,1509252042,'','',1),
	(174,119,188,190,'fj201','富建酒店',1,1,1509030558,'13817413554',1,1509424846,'','',1),
	(175,119,188,171,'jt101','嘉延大酒店',1,1,1509030558,'13817413554',1,1509030558,'','',1),
	(176,120,193,181,'lzmwl201','上海龙之梦万丽酒店',1,1,1509068791,'15900411679',1,1509068791,'','',1),
	(177,121,193,181,'lzmwl201','上海龙之梦万丽酒店',1,1,1509080336,'13917301350',1,1509251792,'','',1),
	(178,122,200,181,'lzmwl201','上海龙之梦万丽酒店',1,6,1509085607,'18321177032',4,0,'','',1),
	(179,123,181,181,'lzmwl201','上海龙之梦万丽酒店',1,1,1509092606,'13918266685',1,1509092606,'','',1),
	(180,124,148,202,'sm002','三木婚礼商城',1,1,1509093920,'13632132123',1,1509180445,'','',1),
	(181,126,200,155,'szxld101','上海三至喜来登酒店',1,1,1509098845,'13621991698',1,1509098845,'','',1),
	(182,127,182,182,'nxy201','上海南新雅大酒店',1,1,1509269419,'13761130073',1,1509269419,'','',1);

/*!40000 ALTER TABLE `hqsen_user_kezi_order` ENABLE KEYS */;
UNLOCK TABLES;


# Dump of table hqsen_user_kezi_order_follow
# ------------------------------------------------------------

DROP TABLE IF EXISTS `hqsen_user_kezi_order_follow`;

CREATE TABLE `hqsen_user_kezi_order_follow` (
  `id` int(10) unsigned NOT NULL AUTO_INCREMENT COMMENT '自增主键',
  `user_kezi_order_id` int(10) unsigned NOT NULL DEFAULT '0' COMMENT '用户客资订单表ID 关联hqsen_user_kezi_order',
  `order_follow_time` varchar(20) NOT NULL DEFAULT '' COMMENT '下次跟踪时间',
  `order_follow_desc` varchar(50) NOT NULL DEFAULT '' COMMENT '跟踪备注',
  `order_follow_create_time` int(10) unsigned NOT NULL DEFAULT '0' COMMENT '跟踪创建时间',
  `user_order_status` tinyint(1) unsigned NOT NULL DEFAULT '1' COMMENT '1有效 2无效 3签单',
  PRIMARY KEY (`id`)
) ENGINE=MyISAM DEFAULT CHARSET=utf8;

LOCK TABLES `hqsen_user_kezi_order_follow` WRITE;
/*!40000 ALTER TABLE `hqsen_user_kezi_order_follow` DISABLE KEYS */;

INSERT INTO `hqsen_user_kezi_order_follow` (`id`, `user_kezi_order_id`, `order_follow_time`, `order_follow_desc`, `order_follow_create_time`, `user_order_status`)
VALUES
	(1,1,'1502986258','你的看手机看看',1502899858,1),
	(2,1,'1503418270','你的快点快点健康',1502899870,1),
	(3,1,'','你下课大口大口',1502899946,2),
	(4,2,'1502987307','都能看多看看',1502900908,1),
	(5,14,'1502947690','档期没有',1502947690,2),
	(6,13,'1503034465','再看看',1502948065,1),
	(7,13,'1503034708','8.17签单',1502948308,1),
	(8,4,'1503037479','在看场地',1502951079,1),
	(9,6,'1503037492','档期保留',1502951092,1),
	(10,21,'1503037519','再看看呗',1502951119,1),
	(11,4,'1503037538','再想想\n',1502951138,1),
	(12,41,'1503212111','看场地，直接签约',1503125711,1),
	(13,42,'1503126657','已经预定其他酒店',1503126657,2),
	(14,44,'1503240452','草坪婚礼意向，需要50桌，马勒容纳最多40桌，桌数考虑中',1503154053,1),
	(15,47,'1503459002','没档期\n\n',1503459002,2),
	(16,48,'1503545852','需要看场地',1503459439,1),
	(17,5,'','客人已定其他酒店',1503463751,2),
	(18,5,'','客人已定其他酒店',1503463751,2),
	(19,5,'','客人已定其他酒店',1503463751,2),
	(20,5,'','客人已定其他酒店',1503463751,2),
	(21,5,'','客人已定其他酒店',1503463751,2),
	(22,5,'','客人已定其他酒店',1503463751,2),
	(23,5,'','客人已定其他酒店',1503463752,2),
	(24,53,'1504059753','9.1看场地',1503973353,1),
	(25,51,'1503973586','已定其他酒店',1503973587,2),
	(26,52,'1503973645','档期没有了',1503973645,2),
	(27,54,'1503973871','桌数不够放',1503973872,2),
	(28,54,'1503973872','桌数不够放',1503973872,2),
	(29,55,'1503973900','已经确定其他酒店',1503973900,2),
	(30,57,'1505551876','有意向',1504774276,1),
	(31,58,'1504791118','客人不要',1504791118,2),
	(32,59,'1506486420','还需要考虑\n',1506400022,1),
	(33,59,'1506486421','还需要考虑\n',1506400022,1),
	(34,15,'1507702290','12453',1507615890,1),
	(35,25,'1507702323','1234',1507615923,1),
	(36,33,'1507702994','还需要跟进',1507616594,1),
	(37,80,'1508330094','cccc\n',1508243694,1),
	(38,80,'1508330165','我跟了',1508243765,1),
	(39,33,'1508465200','休息一下',1508378802,1),
	(40,85,'1508465248','休息一下',1508378850,1),
	(41,89,'1508476995','使用',1508390595,1),
	(42,21,'1508494794','dhchsud',1508408396,1),
	(43,81,'1508767930','hufndjxns',1508422331,1),
	(44,96,'1508550568','2017年10月20来酒店看场地',1508464168,1),
	(45,111,'1508838090','sfstdgf',1508492492,1),
	(46,4,'1508670632','43845',1508497834,1),
	(47,120,'1508647181','实验单',1508647181,2),
	(48,135,'1508984101','还在对比周边酒店的菜品和价格 ，暂时无法确定！',1508724627,1),
	(49,146,'','滚',1508731087,2),
	(50,101,'1508817863','想要罗曼园婚礼会所，原因价格实惠\n',1508731464,1),
	(51,145,'1508827113','1',1508740713,1),
	(52,145,'1508827156','2',1508740756,1),
	(53,145,'1508827200','3',1508740800,1),
	(54,145,'1508827238','4',1508740838,1),
	(55,145,'1508827254','6',1508740854,1),
	(56,145,'1508827267','7',1508740867,1),
	(57,145,'1508827280','8',1508740880,1),
	(58,145,'1508827290','9',1508740890,1),
	(59,145,'1508827299','10',1508740899,1),
	(60,153,'1509243663','客人意向很大',1508811665,1),
	(61,152,'1509258889','gxgvfgdhh',1508826889,1),
	(62,157,'1508914305','不错',1508827905,1),
	(63,158,'1509259938','婚庆在洽谈中  尽量本周日签订合同',1508827939,1),
	(64,162,'1509162701','不错',1508903501,1),
	(65,139,'1508991263','预留档期',1508904863,1),
	(66,162,'1509257756','8852365632',1508998560,1),
	(67,166,'1509180401','测试',1509094002,1),
	(68,180,'1509180445','测试中1',1509094046,1),
	(69,158,'1509248658','婚宴已带到酒店销售部签定  \n婚期 2018,10,2  \n14桌6888套餐加3瓶剑南春加3条软中',1509161988,1),
	(70,101,'','要外滩',1509164944,2),
	(71,177,'1509251792','11.4过来下午，政府背景',1509165393,1),
	(72,178,'','后台电话错误',1509165512,2),
	(73,178,'','后台电话',1509165554,2),
	(74,174,'1509424805','新人月底回上海确定婚宴婚庆\n',1509165605,1),
	(75,173,'1509252042','和酒店签',1509165643,1),
	(76,174,'1509424846','新人月底回上海，然后确定婚宴婚庆',1509165646,1),
	(77,156,'','测试',1509165658,2),
	(78,156,'','测试',1509165668,2);

/*!40000 ALTER TABLE `hqsen_user_kezi_order_follow` ENABLE KEYS */;
UNLOCK TABLES;


# Dump of table hqsen_user_kezi_order_sign
# ------------------------------------------------------------

DROP TABLE IF EXISTS `hqsen_user_kezi_order_sign`;

CREATE TABLE `hqsen_user_kezi_order_sign` (
  `id` int(10) unsigned NOT NULL AUTO_INCREMENT COMMENT '自增主键',
  `user_kezi_order_id` int(10) unsigned NOT NULL DEFAULT '0' COMMENT '用户客资订单表ID 关联hqsen_user_kezi_order',
  `order_money` varchar(20) NOT NULL DEFAULT '' COMMENT '合同金额',
  `order_other_money` varchar(20) NOT NULL DEFAULT '' COMMENT '附加款',
  `sign_using_time` int(10) unsigned NOT NULL DEFAULT '0' COMMENT '举办时间',
  `sign_pic` text NOT NULL COMMENT '签单凭证多图 json',
  `del_flag` tinyint(1) unsigned NOT NULL DEFAULT '1' COMMENT '0未知 1初次录入 2再次录入',
  `sign_status` tinyint(1) unsigned NOT NULL DEFAULT '1' COMMENT '财务审核 0未知 1未处理 2通过 3驳回 4 总经理驳回 5待修改',
  `boss_sign_status` tinyint(1) unsigned NOT NULL DEFAULT '0' COMMENT '总经理审核状态 0未知 1未处理 2通过 3驳回',
  `update_time` int(10) unsigned NOT NULL DEFAULT '0' COMMENT '时间戳',
  `create_time` int(10) unsigned NOT NULL DEFAULT '0' COMMENT '时间戳',
  `kezi_order_id` int(10) unsigned NOT NULL DEFAULT '0' COMMENT '用户客资订单表ID 关联hqsen_kezi_order',
  PRIMARY KEY (`id`)
) ENGINE=MyISAM DEFAULT CHARSET=utf8;

LOCK TABLES `hqsen_user_kezi_order_sign` WRITE;
/*!40000 ALTER TABLE `hqsen_user_kezi_order_sign` DISABLE KEYS */;

INSERT INTO `hqsen_user_kezi_order_sign` (`id`, `user_kezi_order_id`, `order_money`, `order_other_money`, `sign_using_time`, `sign_pic`, `del_flag`, `sign_status`, `boss_sign_status`, `update_time`, `create_time`, `kezi_order_id`)
VALUES
	(1,2,'60000','',1502900923,'[\"http://sendevimg.oss-cn-zhangjiakou.aliyuncs.com/upload/user_app/1502901065677.jpg\",\"http://sendevimg.oss-cn-zhangjiakou.aliyuncs.com/upload/user_app/1502901065381.jpg\"]',1,1,0,1502901376,1502901376,1),
	(2,13,'558855','',1502949580,'[\"http://sendevimg.oss-cn-zhangjiakou.aliyuncs.com/upload/user_app/1502949597821.jpg\",\"http://sendevimg.oss-cn-zhangjiakou.aliyuncs.com/upload/user_app/1502949597959.jpg\"]',1,1,0,1502949599,1502949599,5),
	(3,18,'10000','',1502949681,'[\"http://sendevimg.oss-cn-zhangjiakou.aliyuncs.com/upload/user_app/1502949697368.jpg\",\"http://sendevimg.oss-cn-zhangjiakou.aliyuncs.com/upload/user_app/1502949697241.jpg\"]',1,3,0,1502981060,1502949698,8),
	(4,28,'33','',1502954662,'[\"http://sendevimg.oss-cn-zhangjiakou.aliyuncs.com/upload/user_app/7F075369-5084-47DF-9E56-CC3D1993389E-2017-08-17-03:24:15:206.png\",\"http://sendevimg.oss-cn-zhangjiakou.aliyuncs.com/upload/user_app/499F5723-837B-4BD5-9DCC-2EBFECC09E73-2017-08-17-03:24:19:063.png\"]',1,1,0,1502954662,1502954662,24),
	(5,6,'18000','',1502981277,'[\"http://sendevimg.oss-cn-zhangjiakou.aliyuncs.com/upload/user_app/52CA4811-957A-4350-95B9-7F403302F56D-2017-08-17-22:47:55:451.png\",\"http://sendevimg.oss-cn-zhangjiakou.aliyuncs.com/upload/user_app/463D6984-CA7A-4419-9168-C0E80BF1BDEC-2017-08-17-22:47:56:240.png\",\"http://sendevimg.oss-cn-zhangjiakou.aliyuncs.com/upload/user_app/A543FCD1-8481-4F30-9B83-9182FB094536-2017-08-17-22:47:56:988.png\"]',1,2,2,1502981440,1502981277,2),
	(6,32,'580000','',1502957509,'[\"http://sendevimg.oss-cn-zhangjiakou.aliyuncs.com/upload/user_app/35057A5D-45C4-4BB9-B524-58B7A3D1F044-2017-08-17-04:11:48:726.png\"]',1,1,0,1502957509,1502957509,26),
	(7,36,'300000','',1502957910,'[\"http://sendevimg.oss-cn-zhangjiakou.aliyuncs.com/upload/user_app/13D825F1-CC4B-434A-B930-E457D87CA21F-2017-08-17-04:18:29:045.png\"]',1,1,0,1502957910,1502957910,28),
	(8,37,'300000','',1502958064,'[\"http://sendevimg.oss-cn-zhangjiakou.aliyuncs.com/upload/user_app/79F8FBCB-B0C4-49E4-AF73-51E0C59668CD-2017-08-17-04:21:03:397.png\"]',1,1,0,1502958064,1502958064,28),
	(9,38,'50000','',1502958145,'[\"http://sendevimg.oss-cn-zhangjiakou.aliyuncs.com/upload/user_app/22DDC5F0-508F-4A38-AF16-E80450A0DDE8-2017-08-17-04:22:24:786.png\"]',1,1,0,1502958145,1502958145,28),
	(10,41,'180000','',1503125770,'[\"http://sendevimg.oss-cn-zhangjiakou.aliyuncs.com/upload/user_app/34043D0F-74B1-4C61-B966-D5084E5FEB1D-2017-08-19-14:56:08:910.png\",\"http://sendevimg.oss-cn-zhangjiakou.aliyuncs.com/upload/user_app/639EB649-7B65-454C-BC0C-A2F67AEC620A-2017-08-19-14:56:09:585.png\"]',1,2,2,1503126271,1503125770,31),
	(11,48,'180000','',1503459465,'[\"http://sendevimg.oss-cn-zhangjiakou.aliyuncs.com/upload/user_app/1503459485601.jpg\"]',1,2,2,1503461897,1503459477,34),
	(12,49,'0','',1503462094,'[\"http://sendevimg.oss-cn-zhangjiakou.aliyuncs.com/upload/user_app/EE7098CA-939D-4A33-8552-FE077EBA33E5-2017-08-23-12:21:32:257.png\",\"http://sendevimg.oss-cn-zhangjiakou.aliyuncs.com/upload/user_app/31CF5C03-E4FC-4DF8-9F09-9063248E47FE-2017-08-23-12:21:32:742.png\"]',1,3,0,1503462164,1503462094,35),
	(13,50,'352004','',1503462281,'[\"http://sendevimg.oss-cn-zhangjiakou.aliyuncs.com/upload/user_app/458F3E7C-2146-4853-A830-D7DFEAC56685-2017-08-23-12:24:40:017.png\",\"http://sendevimg.oss-cn-zhangjiakou.aliyuncs.com/upload/user_app/E4336563-25B4-4573-A9C1-FC4EFDE717FC-2017-08-23-12:24:40:419.png\"]',1,2,2,1503462318,1503462281,36),
	(14,53,'0','',1503974391,'[\"http://sendevimg.oss-cn-zhangjiakou.aliyuncs.com/upload/user_app/0E52DDF1-13A9-4D7C-ABBD-57B8D3625CCC-2017-08-29-10:39:50:395.png\",\"http://sendevimg.oss-cn-zhangjiakou.aliyuncs.com/upload/user_app/2E399096-EDE1-4261-848A-65850BDC3D05-2017-08-29-10:39:50:988.png\",\"http://sendevimg.oss-cn-zhangjiakou.aliyuncs.com/upload/user_app/9BB461E7-D885-4FB6-B1CB-2150B95DF29D-2017-08-29-10:39:51:585.png\"]',1,2,2,1503974432,1503974392,37),
	(15,59,'320000','',1506401375,'[\"http://sendevimg.oss-cn-zhangjiakou.aliyuncs.com/upload/user_app/561616C7-6F47-4E7C-92F8-57D97DF42283-2017-09-26-12:49:31:813.png\",\"http://sendevimg.oss-cn-zhangjiakou.aliyuncs.com/upload/user_app/BF3412EF-4372-457F-AC0C-8AF3C70A5014-2017-09-26-12:49:32:687.png\",\"http://sendevimg.oss-cn-zhangjiakou.aliyuncs.com/upload/user_app/628C4290-67DD-461D-ACA0-E2EE5AD02D45-2017-09-26-12:49:33:545.png\",\"http://sendevimg.oss-cn-zhangjiakou.aliyuncs.com/upload/user_app/1B7AF6FC-A5D0-498E-B828-70D1FF9E9434-2017-09-26-12:49:34:262.png\"]',1,2,2,1506401433,1506401375,40),
	(16,77,'123321','',1508233637,'[\"http://sendevimg.oss-cn-zhangjiakou.aliyuncs.com/upload/user_app/85DDC106-C23D-4070-AAA9-5E599D691838-2017-10-17-05:47:13:794.png\"]',1,1,0,1508233637,1508233637,52),
	(17,79,'100000','',1508243438,'[\"http://sendevimg.oss-cn-zhangjiakou.aliyuncs.com/upload/user_app/1508243452418.jpg\",\"http://sendevimg.oss-cn-zhangjiakou.aliyuncs.com/upload/user_app/1508243452123.jpg\"]',1,2,2,1508244094,1508243453,54),
	(18,80,'150000','',1508244219,'[\"http://sendevimg.oss-cn-zhangjiakou.aliyuncs.com/upload/user_app/1508244253775.jpg\",\"http://sendevimg.oss-cn-zhangjiakou.aliyuncs.com/upload/user_app/1508244253818.jpg\",\"http://sendevimg.oss-cn-zhangjiakou.aliyuncs.com/upload/user_app/1508244253483.jpg\"]',1,2,2,1508244363,1508244255,55),
	(19,96,'142208','',1508726562,'[\"http://sendevimg.oss-cn-zhangjiakou.aliyuncs.com/upload/user_app/39795EFA-7A33-4FA1-BF3D-515BA0CB37F7-2017-10-23-10:42:31:741.png\",\"http://sendevimg.oss-cn-zhangjiakou.aliyuncs.com/upload/user_app/30C09563-2E83-4A75-BE49-EF79E06C59DC-2017-10-23-10:42:32:965.png\",\"http://sendevimg.oss-cn-zhangjiakou.aliyuncs.com/upload/user_app/10B31BC3-E087-4A81-8657-E79990AEB764-2017-10-23-10:42:34:075.png\",\"http://sendevimg.oss-cn-zhangjiakou.aliyuncs.com/upload/user_app/24FE50C7-69CA-448C-A54C-B51A3B58F629-2017-10-23-10:42:35:224.png\",\"http://sendevimg.oss-cn-zhangjiakou.aliyuncs.com/upload/user_app/B9AB4866-0FB5-41D3-8654-627FC0B49796-2017-10-23-10:42:36:374.png\",\"http://sendevimg.oss-cn-zhangjiakou.aliyuncs.com/upload/user_app/FA65FC9C-861C-4464-9B2C-991C05434DE7-2017-10-23-10:42:37:526.png\",\"http://sendevimg.oss-cn-zhangjiakou.aliyuncs.com/upload/user_app/82163F2C-9B4F-4BCA-99D5-6A3126A488A5-2017-10-23-10:42:38:572.png\",\"http://sendevimg.oss-cn-zhangjiakou.aliyuncs.com/upload/user_app/405A4DD9-DA1F-49DE-A152-3996916203E2-2017-10-23-10:42:39:606.png\",\"http://sendevimg.oss-cn-zhangjiakou.aliyuncs.com/upload/user_app/75316683-B60D-4642-9148-95CBDEEC0469-2017-10-23-10:42:40:653.png\",\"http://sendevimg.oss-cn-zhangjiakou.aliyuncs.com/upload/user_app/C6E6CC01-5880-43AF-9438-90E3DC2E8408-2017-10-23-10:42:41:608.png\"]',1,2,2,1508909021,1508726562,63),
	(20,145,'250000','',1508741158,'[\"http://sendevimg.oss-cn-zhangjiakou.aliyuncs.com/upload/user_app/22575320-BCBB-408D-9C41-5468A3EE8FDB-2017-10-23-02:45:53:034.png\",\"http://sendevimg.oss-cn-zhangjiakou.aliyuncs.com/upload/user_app/05746E9A-0BCB-4A44-8C32-3D41966F1C3C-2017-10-23-02:45:54:182.png\",\"http://sendevimg.oss-cn-zhangjiakou.aliyuncs.com/upload/user_app/2C6CE121-2B1A-461E-83D3-C5C3C0C3F860-2017-10-23-02:45:56:331.png\",\"http://sendevimg.oss-cn-zhangjiakou.aliyuncs.com/upload/user_app/972B1992-957E-4E45-A715-30ED9B50C648-2017-10-23-02:45:57:173.png\"]',1,2,2,1508741308,1508741158,89),
	(21,147,'139151','',1508747749,'[\"http://sendevimg.oss-cn-zhangjiakou.aliyuncs.com/upload/user_app/1508748144072.jpg\",\"http://sendevimg.oss-cn-zhangjiakou.aliyuncs.com/upload/user_app/1508748144109.jpg\",\"http://sendevimg.oss-cn-zhangjiakou.aliyuncs.com/upload/user_app/1508748143942.jpg\",\"http://sendevimg.oss-cn-zhangjiakou.aliyuncs.com/upload/user_app/1508748144037.jpg\",\"http://sendevimg.oss-cn-zhangjiakou.aliyuncs.com/upload/user_app/1508748143994.jpg\",\"http://sendevimg.oss-cn-zhangjiakou.aliyuncs.com/upload/user_app/1508748144148.jpg\",\"http://sendevimg.oss-cn-zhangjiakou.aliyuncs.com/upload/user_app/1508748144201.jpg\",\"http://sendevimg.oss-cn-zhangjiakou.aliyuncs.com/upload/user_app/1508748144180.jpg\"]',1,2,2,1508748772,1508748147,97),
	(22,153,'100000','',1508811915,'[\"http://sendevimg.oss-cn-zhangjiakou.aliyuncs.com/upload/user_app/1508811969552.jpg\"]',1,1,0,1508811970,1508811970,100),
	(23,158,'100746','',1509163902,'[\"http://sendevimg.oss-cn-zhangjiakou.aliyuncs.com/upload/user_app/1509163962011.jpg\",\"http://sendevimg.oss-cn-zhangjiakou.aliyuncs.com/upload/user_app/1509163962378.jpg\",\"http://sendevimg.oss-cn-zhangjiakou.aliyuncs.com/upload/user_app/1509163962728.jpg\",\"http://sendevimg.oss-cn-zhangjiakou.aliyuncs.com/upload/user_app/1509163963068.jpg\",\"http://sendevimg.oss-cn-zhangjiakou.aliyuncs.com/upload/user_app/1509163963396.jpg\",\"http://sendevimg.oss-cn-zhangjiakou.aliyuncs.com/upload/user_app/1509163963710.jpg\",\"http://sendevimg.oss-cn-zhangjiakou.aliyuncs.com/upload/user_app/1509163964011.jpg\"]',1,1,0,1509163695,1509163695,105),
	(24,139,'175215','',1509268887,'[\"http://sendevimg.oss-cn-zhangjiakou.aliyuncs.com/upload/user_app/1509268900301.jpg\",\"http://sendevimg.oss-cn-zhangjiakou.aliyuncs.com/upload/user_app/1509268900082.jpg\",\"http://sendevimg.oss-cn-zhangjiakou.aliyuncs.com/upload/user_app/1509268899860.jpg\",\"http://sendevimg.oss-cn-zhangjiakou.aliyuncs.com/upload/user_app/1509268900529.jpg\",\"http://sendevimg.oss-cn-zhangjiakou.aliyuncs.com/upload/user_app/1509268899636.jpg\"]',1,1,0,1509268902,1509268902,86);

/*!40000 ALTER TABLE `hqsen_user_kezi_order_sign` ENABLE KEYS */;
UNLOCK TABLES;


# Dump of table hqsen_user_kezi_sign_follow
# ------------------------------------------------------------

DROP TABLE IF EXISTS `hqsen_user_kezi_sign_follow`;

CREATE TABLE `hqsen_user_kezi_sign_follow` (
  `id` int(10) unsigned NOT NULL AUTO_INCREMENT COMMENT '自增主键',
  `user_sign_id` int(10) unsigned NOT NULL DEFAULT '0' COMMENT '对应签单ID 关联hqsen_user_kezi_order_sign',
  `status_desc` varchar(50) NOT NULL DEFAULT '' COMMENT '审批备注',
  `create_time` int(10) unsigned NOT NULL DEFAULT '0' COMMENT '审批创建时间',
  `sign_status` tinyint(1) unsigned NOT NULL DEFAULT '1' COMMENT '财务审核状态 0未知 1未处理 2通过 3驳回',
  `boss_sign_status` tinyint(1) unsigned NOT NULL DEFAULT '1' COMMENT '总经理审核状态 0未知 1未处理 2通过 3驳回',
  PRIMARY KEY (`id`)
) ENGINE=MyISAM DEFAULT CHARSET=utf8;

LOCK TABLES `hqsen_user_kezi_sign_follow` WRITE;
/*!40000 ALTER TABLE `hqsen_user_kezi_sign_follow` DISABLE KEYS */;

INSERT INTO `hqsen_user_kezi_sign_follow` (`id`, `user_sign_id`, `status_desc`, `create_time`, `sign_status`, `boss_sign_status`)
VALUES
	(1,1,'经济你',1502901356,5,1),
	(2,3,'buibu',1502981060,3,1),
	(3,5,'要改改',1502981242,5,1),
	(4,5,'可以，给老大看看',1502981353,2,1),
	(5,5,'是不是有点问题',1502981393,1,3),
	(6,5,'现在没问题了',1502981426,2,1),
	(7,5,'h好，了解',1502981440,1,2),
	(8,10,'Tongyi',1503126090,2,1),
	(9,10,'Ok',1503126271,1,2),
	(10,11,'1',1503461884,2,1),
	(11,11,'1',1503461897,1,2),
	(12,12,'补图',1503462069,5,1),
	(13,12,'1',1503462164,3,1),
	(14,13,'1',1503462306,2,1),
	(15,13,'1',1503462318,1,2),
	(16,14,'少图',1503974112,5,1),
	(17,14,'OK',1503974409,2,1),
	(18,14,'OK',1503974432,1,2),
	(19,15,'MEIWENTI',1506401418,2,1),
	(20,15,'MEIWENTI',1506401433,1,2),
	(21,17,'一站式',1508243535,2,1),
	(22,17,'提升5个点',1508244094,1,2),
	(23,18,'10个点',1508244329,2,1),
	(24,18,'10个点',1508244363,1,2),
	(25,20,'金额不对',1508741082,5,1),
	(26,20,'OK',1508741259,2,1),
	(27,20,'OK',1508741308,1,2),
	(28,21,'通过',1508748703,2,1),
	(29,21,'同意',1508748772,1,2),
	(30,19,'同意',1508908904,2,1),
	(31,19,'同意',1508909021,1,2);

/*!40000 ALTER TABLE `hqsen_user_kezi_sign_follow` ENABLE KEYS */;
UNLOCK TABLES;



/*!40111 SET SQL_NOTES=@OLD_SQL_NOTES */;
/*!40101 SET SQL_MODE=@OLD_SQL_MODE */;
/*!40014 SET FOREIGN_KEY_CHECKS=@OLD_FOREIGN_KEY_CHECKS */;
/*!40101 SET CHARACTER_SET_CLIENT=@OLD_CHARACTER_SET_CLIENT */;
/*!40101 SET CHARACTER_SET_RESULTS=@OLD_CHARACTER_SET_RESULTS */;
/*!40101 SET COLLATION_CONNECTION=@OLD_COLLATION_CONNECTION */;
